NCES_DISTR,District,DISTRICT_NAME,GT_SPEND_DIFF,TAX_DIFF,STATE_DIFF,TOT_MONEY_DIFF,SDLEA10,NAME,NAME2,TEA.District.Type,TEA.Description,NCES.District.Type,NCES.Description,Charter.School..Y.N.,SCH_GTENR_HI_M,SCH_GTENR_HI_F,GT_Hispanic,SCH_GTENR_AM_M,SCH_GTENR_AM_F,GT_AM,SCH_GTENR_AS_M,SCH_GTENR_AS_F,GT_AS,SCH_GTENR_HP_M,SCH_GTENR_HP_F,GT_HP,SCH_GTENR_BL_M,SCH_GTENR_BL_F,GT_BL,SCH_GTENR_WH_M,SCH_GTENR_WH_F,GT_WH,TOT_GTENR_M,TOT_GTENR_F,TOT_GT,LEA_STATE,LEA_STATE_NAME,LEA_NAME,SCH_PSENR_HI_M,SCH_PSENR_HI_F,SCH_PSENR_AM_M,SCH_PSENR_AM_F,SCH_PSENR_AS_M,SCH_PSENR_AS_F,SCH_PSENR_HP_M,SCH_PSENR_HP_F,SCH_PSENR_BL_M,SCH_PSENR_BL_F,SCH_PSENR_WH_M,SCH_PSENR_WH_F,SCH_PSENR_TR_M,SCH_PSENR_TR_F,TOT_PSENR_M,TOT_PSENR_F,SCH_PSENR_LEP_M,SCH_PSENR_LEP_F,SCH_PSENR_IDEA_M,SCH_PSENR_IDEA_F,SCH_ENR_HI_M,SCH_ENR_HI_F,SCH_ENR_AM_M,SCH_ENR_AM_F,SCH_ENR_AS_M,SCH_ENR_AS_F,SCH_ENR_HP_M,SCH_ENR_HP_F,SCH_ENR_BL_M,SCH_ENR_BL_F,SCH_ENR_WH_M,SCH_ENR_WH_F,SCH_ENR_TR_M,SCH_ENR_TR_F,TOT_ENR_M,TOT_ENR_F,SCH_ENR_HI,SCH_ENR_AM,SCH_ENR_AS,SCH_ENR_HP,SCH_ENR_BL,SCH_ENR_TR,TOT_ENR
4800001,54901,CROSBYTON CISD,1810,175054,-357652,915325,1,Crosbyton Cons ISD,Crosbyton Cons,H,Rural,43,Rural-Remote,N,2,6,8,0,0,0,0,0,0,0,0,0,0,0,0,8,6,14,10,12,22,TX,TEXAS,CROSBYTON CISD,6,10,0,0,0,0,0,0,0,1,2,1,0,0,8,12,0,0,1,0,131,130,0,0,0,0,0,0,5,8,44,47,0,0,180,185,261,0,0,0,13,0,365
4800002,63903,SPUR ISD,-217,-28316,-955202,-1163482,2,Spur ISD,Spur,H,Rural,43,Rural-Remote,N,2,6,8,0,0,0,0,0,0,0,0,0,1,1,2,4,9,13,7,16,23,TX,TEXAS,SPUR ISD,6,4,0,0,0,0,0,0,0,0,5,5,0,0,11,9,0,0,0,2,60,53,0,0,1,0,0,0,4,5,64,67,4,3,133,128,113,0,1,0,9,7,261
4800003,69901,ROCKSPRINGS ISD,-2714,602948,428591,991930,3,Rocksprings ISD,Rocksprings,H,Rural,43,Rural-Remote,N,1,1,2,0,0,0,0,0,0,0,0,0,0,0,0,7,7,14,8,8,16,TX,TEXAS,ROCKSPRINGS ISD,11,5,0,0,0,0,0,0,0,0,2,3,0,0,13,8,0,0,0,0,150,96,0,0,0,0,0,0,0,0,36,31,0,0,186,127,246,0,0,0,0,0,313
4800005,177903,BLACKWELL CISD,-521,-3048787,3310212,-1268330,5,Blackwell Cons ISD,Blackwell Cons,H,Rural,43,Rural-Remote,N,0,0,0,0,0,0,0,0,0,0,0,0,0,0,0,6,9,15,6,9,15,TX,TEXAS,BLACKWELL CISD,4,0,0,0,0,0,0,0,0,0,5,3,1,0,10,3,0,0,1,0,20,9,0,1,0,0,0,0,0,0,64,58,3,3,87,71,29,1,0,0,0,6,158
4800006,217901,ASPERMONT ISD,-3949,275948,-262753,227787,6,Aspermont ISD,Aspermont,H,Rural,43,Rural-Remote,N,2,0,2,0,0,0,0,0,0,0,0,0,0,0,0,10,8,18,12,8,20,TX,TEXAS,ASPERMONT ISD,10,4,0,0,0,4,0,0,0,0,12,6,0,0,22,14,0,0,2,0,84,68,0,0,4,8,0,0,6,4,144,130,4,6,242,216,152,0,12,0,10,10,458
4800007,42905,PANTHER CREEK CISD,-5453,337532,165482,387897,7,Panther Creek Cons ISD,Panther Creek Cons,H,Rural,43,Rural-Remote,N,0,0,0,0,0,0,0,0,0,0,0,0,0,0,0,0,1,1,0,1,1,TX,TEXAS,PANTHER CREEK CISD,1,1,0,0,0,0,0,0,0,0,0,7,0,0,1,8,0,0,0,0,20,16,0,0,1,0,0,0,2,2,65,64,2,2,90,84,36,0,1,0,4,4,174
4800008,105904,DRIPPING SPRINGS ISD,-15369,12271306,1042459,15117458,8,Dripping Springs ISD,Dripping Springs,B,Major Suburban,42,Rural-Distant,N,32,14,46,1,1,2,5,6,11,0,0,0,0,1,1,211,134,345,266,164,430,TX,TEXAS,DRIPPING SPRINGS ISD,23,29,1,0,2,2,0,2,2,0,51,56,4,5,83,94,7,17,5,4,686,671,14,8,60,54,2,5,30,24,2358,2245,123,134,3273,3141,1357,22,114,7,54,257,6414
4800009,105905,WIMBERLEY ISD,221139,4182389,116565,4136225,9,Wimberley ISD,Wimberley,D,Other Central City Suburban,41,Rural-Fringe,N,8,15,23,0,1,1,0,1,1,0,0,0,0,0,0,99,74,173,108,93,201,TX,TEXAS,WIMBERLEY ISD,16,16,0,2,0,0,0,0,0,2,24,21,0,2,40,43,6,11,6,3,298,301,7,12,2,10,0,0,8,6,889,842,35,29,1239,1200,599,19,12,0,14,64,2439
4800010,105906,HAYS CISD,-559601,20325178,7354565,28312439,10,Hays Cons ISD,Hays Cons,B,Major Suburban,21,Suburb-Large,N,341,294,635,1,0,1,9,13,22,0,0,0,17,15,32,386,321,707,778,658,1436,TX,TEXAS,HAYS CISD,230,222,0,0,4,0,0,0,3,8,28,32,4,4,269,266,125,99,18,6,6426,6299,19,19,101,85,11,3,276,273,3033,2807,234,244,10100,9730,12725,38,186,14,549,478,19830
4800011,126901,ALVARADO ISD,251067,711949,3469737,4493806,11,Alvarado ISD,Alvarado,D,Other Central City Suburban,41,Rural-Fringe,N,32,23,55,0,0,0,1,0,1,0,0,0,2,0,2,102,99,201,143,131,274,TX,TEXAS,ALVARADO ISD,22,26,0,0,0,0,0,0,0,1,11,23,3,0,36,50,13,15,4,2,751,698,13,9,7,2,0,1,48,54,1092,937,52,44,1963,1745,1449,22,9,1,102,96,3708
4800012,139905,CHISUM ISD,2956,1508218,-49367,1569146,12,Chisum ISD,Chisum,G,Non-metropolitan Stable,41,Rural-Fringe,N,0,0,0,0,0,0,0,0,0,0,0,0,0,0,0,9,16,25,9,16,25,TX,TEXAS,CHISUM ISD,2,0,0,0,0,0,0,0,2,1,19,9,0,0,23,10,1,0,7,1,36,38,8,8,0,0,0,0,23,14,403,395,16,10,486,465,74,16,0,0,37,26,951
4807350,21901,COLLEGE STATION ISD,259302,14737088,-1816701,14392885,7350,College Station ISD,College Station,C,Other Central City,12,City-Midsize,N,82,80,162,0,2,2,146,145,291,0,0,0,11,27,38,616,494,1110,899,783,1682,TX,TEXAS,COLLEGE STATION ISD,63,59,4,0,24,17,0,1,45,44,88,55,14,5,238,181,47,48,76,26,1537,1485,22,22,541,548,7,8,845,848,3753,3502,231,226,6936,6639,3022,44,1089,15,1693,457,13575
4807380,109901,ABBOTT ISD,74,19449,719423,703647,7380,Abbott ISD,Abbott,H,Rural,42,Rural-Distant,N,0,0,0,0,0,0,0,0,0,0,0,0,0,0,0,1,1,2,1,1,2,TX,TEXAS,ABBOTT ISD,3,0,0,0,0,0,0,0,1,0,6,6,0,0,10,6,0,0,2,0,24,23,0,0,0,0,0,0,2,0,115,119,5,3,146,145,47,0,0,0,2,8,291
4807410,95901,ABERNATHY ISD,-160,-232651,1746756,1513849,7410,Abernathy ISD,Abernathy,H,Rural,31,Town-Fringe,N,12,9,21,0,0,0,0,0,0,0,0,0,0,1,1,35,27,62,49,37,86,TX,TEXAS,ABERNATHY ISD,13,12,0,0,0,0,0,0,1,0,7,8,0,0,21,20,0,0,1,0,235,212,2,1,1,0,0,0,2,5,152,151,3,4,395,373,447,3,1,0,7,7,768
4807440,221901,ABILENE ISD,7790,1297250,11506639,11909020,7440,Abilene ISD,Abilene,C,Other Central City,12,City-Midsize,N,115,128,243,0,0,0,10,18,28,0,0,0,22,21,43,396,376,772,567,566,1133,TX,TEXAS,ABILENE ISD,214,198,0,1,10,2,0,1,60,58,118,112,25,21,427,393,22,26,25,10,3770,3595,20,39,149,156,13,9,1104,1088,3134,2948,373,341,8563,8176,7365,59,305,22,2192,714,16739
4807470,14901,ACADEMY ISD,-6056,1174749,2132641,2743952,7470,Academy ISD,Academy,F,Non-metropolitan Fast Growing,41,Rural-Fringe,N,5,6,11,0,0,0,1,1,2,0,0,0,0,1,1,61,50,111,70,60,130,TX,TEXAS,ACADEMY ISD,10,9,0,0,0,1,0,0,0,0,8,15,1,0,19,25,4,5,2,3,173,159,7,4,5,12,3,1,50,34,581,514,32,23,851,747,332,11,17,4,84,55,1598
4807500,180903,ADRIAN ISD,554,4015,-1269855,-1223040,7500,Adrian ISD,Adrian,H,Rural,43,Rural-Remote,N,2,1,3,0,0,0,0,0,0,0,0,0,0,0,0,2,4,6,4,5,9,TX,TEXAS,ADRIAN ISD,0,2,0,0,0,0,0,0,0,0,1,2,0,0,1,4,0,0,0,0,25,41,0,0,0,0,0,0,0,0,24,25,3,2,52,68,66,0,0,0,0,5,120
4807530,178901,AGUA DULCE ISD,-24992,239955,1255344,1416636,7530,Agua Dulce ISD,Agua Dulce,H,Rural,42,Rural-Distant,N,4,3,7,0,0,0,0,0,0,0,0,0,0,0,0,2,3,5,6,6,12,TX,TEXAS,AGUA DULCE ISD,2,7,0,0,0,0,0,0,0,0,0,0,0,0,2,7,0,0,0,0,104,146,0,0,1,0,0,0,6,0,24,22,0,0,135,168,250,0,1,0,6,0,303
4807590,15901,ALAMO HEIGHTS ISD,-66494,3642999,-859828,-2401622,7590,Alamo Heights ISD,Alamo Heights,B,Major Suburban,21,Suburb-Large,N,104,91,195,1,1,2,19,24,43,1,0,1,9,2,11,340,353,693,475,475,950,TX,TEXAS,ALAMO HEIGHTS ISD,13,25,1,1,3,3,0,0,2,2,21,33,0,1,40,65,9,13,1,2,1044,955,17,14,89,99,7,2,63,52,1231,1233,17,20,2468,2375,1999,31,188,9,115,37,4843
4807650,250906,ALBA-GOLDEN ISD,2248,304123,2087402,2317430,7650,Alba-Golden ISD,Alba-Golden,H,Rural,42,Rural-Distant,N,2,2,4,0,0,0,0,0,0,0,0,0,0,0,0,30,18,48,32,20,52,TX,TEXAS,ALBA-GOLDEN ISD,1,0,1,0,0,0,0,0,0,1,16,19,0,1,18,21,2,0,2,1,49,34,3,0,2,2,0,4,1,1,394,382,4,8,453,431,83,3,4,4,2,12,884
4807680,209901,ALBANY ISD,19762,528270,89134,162341,7680,Albany ISD,Albany,H,Rural,43,Rural-Remote,N,0,1,1,0,0,0,0,0,0,0,0,0,0,0,0,8,6,14,8,7,15,TX,TEXAS,ALBANY ISD,8,6,0,0,0,0,0,0,0,0,9,5,0,3,17,14,2,0,7,0,46,42,1,1,0,2,0,1,8,2,203,185,7,10,265,243,88,2,2,1,10,17,508
4807710,101902,ALDINE ISD,5709497,4357569,63808446,60186826,7710,Aldine ISD,Aldine,B,Major Suburban,21,Suburb-Large,N,893,1092,1985,0,2,2,63,74,137,1,0,1,230,363,593,29,32,61,1227,1575,2802,TX,TEXAS,ALDINE ISD,1600,1514,0,1,25,10,3,2,478,436,45,41,14,22,2165,2026,1033,1005,301,112,24871,24145,14,23,394,382,63,48,7783,7333,575,495,220,205,33920,32631,49016,37,776,111,15116,425,66551
4807780,184907,ALEDO ISD,3833,11320147,6692946,17433807,7780,Aledo ISD,Aledo,B,Major Suburban,41,Rural-Fringe,N,18,19,37,0,0,0,2,3,5,0,0,0,2,0,2,180,148,328,210,176,386,TX,TEXAS,ALEDO ISD,13,4,0,0,0,0,0,0,0,1,15,18,0,0,28,23,6,3,17,11,419,379,13,12,24,15,3,0,53,35,2385,2200,102,79,2999,2720,798,25,39,3,88,181,5719
4807800,125901,ALICE ISD,-31527,-481226,5595461,5203459,7800,Alice ISD,Alice,E,Independent Town,32,Town-Distant,N,92,79,171,0,0,0,0,1,1,0,0,0,1,0,1,5,8,13,98,88,186,TX,TEXAS,ALICE ISD,108,102,0,0,0,0,0,0,2,0,29,18,0,0,139,120,4,6,16,7,2427,2272,0,1,2,12,0,0,18,10,166,151,2,5,2615,2451,4699,1,14,0,28,7,5066
4807830,101903,ALIEF ISD,-43159,2754415,16372025,16416969,7830,Alief ISD,Alief,B,Major Suburban,11,City-Large,N,454,405,859,3,5,8,336,352,688,2,2,4,177,216,393,44,38,82,1023,1032,2055,TX,TEXAS,ALIEF ISD,698,605,4,7,166,139,3,2,364,359,67,60,6,4,1308,1176,832,766,155,62,12857,11875,217,185,2891,2631,36,25,6903,6472,1014,793,157,149,24075,22130,24732,402,5522,61,13375,306,46205
4807890,43901,ALLEN ISD,3326557,30082993,-7907871,22354549,7890,Allen ISD,Allen,D,Other Central City Suburban,21,Suburb-Large,N,102,61,163,6,6,12,534,560,1094,3,2,5,44,46,90,705,681,1386,1486,1420,2906,TX,TEXAS,ALLEN ISD,34,26,2,4,33,25,1,0,26,15,66,27,5,4,167,101,39,38,114,37,1485,1351,60,53,2016,2102,24,29,1324,1291,5344,5033,528,508,10781,10367,2836,113,4118,53,2615,1036,21148
4807950,22901,ALPINE ISD,-28457,923737,-244567,745343,7950,Alpine ISD,Alpine,G,Non-metropolitan Stable,33,Town-Remote,N,13,9,22,0,0,0,0,1,1,0,0,0,0,0,0,18,29,47,31,39,70,TX,TEXAS,ALPINE ISD,17,15,0,0,1,1,0,0,0,1,7,5,0,0,25,22,5,3,2,1,342,335,1,2,9,12,1,1,5,6,178,170,6,5,542,531,677,3,21,2,11,11,1073
4807980,37901,ALTO ISD,-3330,283192,2000866,2752413,7980,Alto ISD,Alto,H,Rural,42,Rural-Distant,N,2,0,2,0,0,0,0,0,0,0,0,0,0,4,4,13,13,26,17,18,35,TX,TEXAS,ALTO ISD,6,8,0,0,0,0,0,0,2,3,6,4,4,0,18,15,4,3,2,1,123,104,0,0,2,1,0,0,86,70,126,117,21,20,358,312,227,0,3,0,156,41,670
4808090,20901,ALVIN ISD,1207493,22926643,49916389,68415694,8090,Alvin ISD,Alvin,B,Major Suburban,21,Suburb-Large,N,251,173,424,5,0,5,199,171,370,1,0,1,69,81,150,391,355,746,958,814,1772,TX,TEXAS,ALVIN ISD,225,181,1,3,47,33,0,1,39,32,121,106,9,12,442,368,173,148,109,49,5090,4949,57,33,1237,1080,9,11,2605,2360,3556,3244,298,300,12852,11977,10039,90,2317,20,4965,598,24829
4808100,249901,ALVORD ISD,23559,510885,1544078,1948914,8100,Alvord ISD,Alvord,H,Rural,42,Rural-Distant,N,1,4,5,0,0,0,0,0,0,0,0,0,0,0,0,32,28,60,33,32,65,TX,TEXAS,ALVORD ISD,1,1,0,0,0,0,0,0,0,0,12,5,0,0,13,6,1,0,1,0,45,48,1,3,0,1,0,0,3,1,320,281,4,3,373,337,93,4,1,0,4,7,710
4808130,188901,AMARILLO ISD,-247398,3096536,30226102,35992191,8130,Amarillo ISD,Amarillo,C,Other Central City,12,City-Midsize,N,336,333,669,3,4,7,55,51,106,1,1,2,25,31,56,512,486,998,964,937,1901,TX,TEXAS,AMARILLO ISD,503,443,0,1,86,83,1,0,146,119,189,174,30,46,955,866,272,263,52,19,7886,7516,61,56,866,971,15,14,1810,1651,5643,5387,536,524,16817,16119,15402,117,1837,29,3461,1060,32936
4808160,140901,AMHERST ISD,1325,38244,385273,426568,8160,Amherst ISD,Amherst,H,Rural,42,Rural-Distant,N,1,0,1,0,0,0,0,0,0,0,0,0,0,0,0,1,0,1,2,0,2,TX,TEXAS,AMHERST ISD,3,6,0,0,0,0,0,0,0,0,1,0,0,0,4,6,1,4,0,0,74,69,0,0,0,0,0,0,4,4,9,4,0,0,87,77,143,0,0,0,8,0,164
4808190,36901,ANAHUAC ISD,28573,601674,2815030,2985110,8190,Anahuac ISD,Anahuac,D,Other Central City Suburban,42,Rural-Distant,N,8,4,12,0,0,0,3,3,6,0,0,0,0,3,3,29,30,59,40,41,81,TX,TEXAS,ANAHUAC ISD,6,6,0,0,1,1,0,0,3,4,13,11,3,4,26,26,4,5,2,1,202,220,2,3,12,14,0,0,82,83,350,309,30,21,678,650,422,5,26,0,165,51,1328
4808230,93901,ANDERSON-SHIRO CISD,-6262,307895,1205914,1472003,8230,Anderson-Shiro Cons ISD,Anderson-Shiro Cons,E,Independent Town,42,Rural-Distant,N,1,1,2,0,0,0,0,0,0,0,0,0,0,1,1,27,20,47,28,22,50,TX,TEXAS,ANDERSON-SHIRO CISD,3,8,0,0,0,0,0,0,1,1,12,10,0,1,16,20,1,2,1,0,69,69,3,1,1,1,0,0,36,26,331,301,13,9,453,407,138,4,2,0,62,22,860
4808280,2901,ANDREWS ISD,41424,15776522,-9200663,7407553,8280,Andrews ISD,Andrews,D,Other Central City Suburban,32,Town-Distant,N,40,57,97,0,0,0,1,1,2,0,0,0,0,0,0,57,49,106,103,109,212,TX,TEXAS,ANDREWS ISD,55,56,0,0,0,0,0,0,0,0,9,12,2,0,66,68,13,18,5,1,1411,1326,11,6,5,9,0,0,16,15,610,549,37,30,2090,1935,2737,17,14,0,31,67,4025
4808310,20902,ANGLETON ISD,-300409,4309723,8738462,17069780,8310,Angleton ISD,Angleton,D,Other Central City Suburban,41,Rural-Fringe,N,49,46,95,1,2,3,1,0,1,0,0,0,7,8,15,81,96,177,145,156,301,TX,TEXAS,ANGLETON ISD,69,74,1,1,1,0,0,0,22,9,38,32,9,3,140,119,33,22,25,6,1677,1586,51,50,17,13,1,3,401,333,1328,1213,86,75,3561,3273,3263,101,30,4,734,161,6834
4808340,43902,ANNA ISD,-58909,6321299,1209980,8152618,8340,Anna ISD,Anna,F,Non-metropolitan Fast Growing,41,Rural-Fringe,N,13,13,26,0,3,3,0,0,0,0,0,0,2,2,4,53,59,112,74,79,153,TX,TEXAS,ANNA ISD,30,20,1,0,1,2,0,0,4,5,22,20,3,1,61,48,15,16,30,13,549,546,10,9,12,14,1,0,203,161,921,864,95,73,1791,1667,1095,19,26,1,364,168,3458
4808400,127901,ANSON ISD,-3162,3841,1524892,1827406,8400,Anson ISD,Anson,H,Rural,42,Rural-Distant,N,7,1,8,0,0,0,0,0,0,0,0,0,0,1,1,21,17,38,28,20,48,TX,TEXAS,ANSON ISD,14,15,0,0,0,0,0,0,0,0,7,8,1,1,22,24,1,1,3,1,194,174,1,0,2,2,0,0,3,8,191,171,12,13,403,368,368,1,4,0,11,25,771
4808430,71906,ANTHONY ISD,-9674,516,1360393,1285023,8430,Anthony ISD,Anthony,H,Rural,21,Suburb-Large,N,13,16,29,0,0,0,0,0,0,0,0,0,1,1,2,1,0,1,15,17,32,TX,TEXAS,ANTHONY ISD,28,14,0,0,0,0,0,0,0,0,0,0,0,0,28,14,10,7,7,0,430,392,0,0,0,0,0,0,1,3,11,10,2,1,444,406,822,0,0,0,4,3,850
4808460,110901,ANTON ISD,-7930,14738,160757,102910,8460,Anton ISD,Anton,H,Rural,42,Rural-Distant,N,3,2,5,0,0,0,0,0,0,0,0,0,0,0,0,0,2,2,3,4,7,TX,TEXAS,ANTON ISD,3,6,0,0,0,0,0,0,1,0,2,1,0,0,6,7,0,1,0,0,84,81,0,0,0,0,0,0,3,7,24,29,2,5,113,122,165,0,0,0,10,7,235
4808490,228905,APPLE SPRINGS ISD,-2099,99509,514012,632781,8490,Apple Springs ISD,Apple Springs,H,Rural,42,Rural-Distant,N,1,0,1,0,0,0,0,0,0,0,0,0,0,0,0,6,1,7,7,1,8,TX,TEXAS,APPLE SPRINGS ISD,0,0,0,0,0,0,0,0,0,1,8,4,0,1,8,6,0,0,1,0,3,3,0,0,0,1,0,0,4,8,88,79,2,9,97,100,6,0,1,0,12,11,197
4808520,109912,AQUILLA ISD,3622,182632,1203328,1303157,8520,Aquilla ISD,Aquilla,F,Non-metropolitan Fast Growing,42,Rural-Distant,N,2,4,6,0,0,0,0,0,0,0,0,0,0,0,0,12,16,28,14,20,34,TX,TEXAS,AQUILLA ISD,0,2,0,0,0,0,0,0,0,0,3,7,0,0,3,9,0,0,0,2,21,27,0,0,1,0,0,0,1,5,135,126,3,3,161,161,48,0,1,0,6,6,322
4808550,4901,ARANSAS COUNTY ISD,75702,345376,1909101,2243775,8550,Aransas County ISD,Aransas County,G,Non-metropolitan Stable,32,Town-Distant,N,17,18,35,0,0,0,3,3,6,0,0,0,0,1,1,35,43,78,56,66,122,TX,TEXAS,ARANSAS COUNTY ISD,20,14,0,0,1,0,0,0,0,1,11,6,0,0,32,21,0,0,4,0,557,509,3,5,29,35,2,1,8,12,671,652,27,34,1297,1248,1066,8,64,3,20,61,2545
4808580,205901,ARANSAS PASS ISD,-76054,539621,855814,1208891,8580,Aransas Pass ISD,Aransas Pass,D,Other Central City Suburban,31,Town-Fringe,N,21,14,35,0,0,0,0,0,0,0,0,0,0,0,0,16,16,32,38,30,68,TX,TEXAS,ARANSAS PASS ISD,32,24,0,0,0,1,0,0,0,3,6,7,2,1,40,36,11,7,4,0,488,490,2,2,1,4,0,1,15,12,218,205,17,17,741,731,978,4,5,1,27,34,1472
4808610,5901,ARCHER CITY ISD,-19023,17512,716347,695476,8610,Archer City ISD,Archer City,H,Rural,42,Rural-Distant,N,2,0,2,1,0,1,0,0,0,0,0,0,0,0,0,19,8,27,23,11,34,TX,TEXAS,ARCHER CITY ISD,1,2,0,0,0,1,0,0,0,0,11,9,0,0,12,12,0,2,1,0,29,35,3,2,1,2,0,0,1,0,204,182,6,9,244,230,64,5,3,0,1,15,474
4808670,61910,ARGYLE ISD,-37684,8104646,3329210,10951525,8670,Argyle ISD,Argyle,D,Other Central City Suburban,41,Rural-Fringe,N,15,4,19,2,0,2,3,4,7,0,0,0,2,1,3,140,89,229,168,105,273,TX,TEXAS,ARGYLE INDEPENDENT SCHOOL DISTRICT,5,1,1,0,1,0,0,0,1,0,16,13,1,2,25,16,7,0,3,0,203,148,14,4,34,39,0,0,24,13,1156,986,45,50,1476,1240,351,18,73,0,37,95,2716
4808700,220901,ARLINGTON ISD,1167770,60962913,-51700724,12068974,8700,Arlington ISD,Arlington,A,Major Urban,11,City-Large,N,1027,976,2003,12,14,26,350,356,706,5,3,8,328,374,702,884,797,1681,2698,2589,5287,TX,TEXAS,ARLINGTON ISD,923,968,10,9,133,129,0,4,490,440,167,196,65,51,1788,1797,897,922,39,18,14459,13667,126,122,1945,1839,58,59,7906,7292,6254,5791,863,778,31611,29548,28126,248,3784,117,15198,1641,61159
4808730,212901,ARP ISD,252,68493,906582,880158,8730,Arp ISD,Arp,H,Rural,42,Rural-Distant,N,2,1,3,0,0,0,1,0,1,0,0,0,2,1,3,35,23,58,40,25,65,TX,TEXAS,ARP ISD,4,2,0,0,0,0,0,0,3,4,12,11,1,4,20,21,3,1,5,2,65,55,3,2,3,2,0,0,67,59,317,276,30,21,485,415,120,5,5,0,126,51,900
4808870,107901,ATHENS ISD,14318,1121056,3410164,4786615,8870,Athens ISD,Athens,E,Independent Town,32,Town-Distant,N,9,3,12,0,0,0,0,0,0,0,0,0,2,2,4,8,7,15,21,12,33,TX,TEXAS,ATHENS ISD,43,37,0,0,1,1,0,0,8,9,13,19,4,3,69,69,17,11,2,6,751,734,3,1,19,10,0,0,212,173,577,505,69,62,1631,1485,1485,4,29,0,385,131,3116
4808880,34901,ATLANTA ISD,-3381,-167887,3293872,3207574,8880,Atlanta ISD,Atlanta,E,Independent Town,41,Rural-Fringe,N,6,2,8,0,0,0,1,0,1,0,0,0,5,8,13,66,56,122,81,71,152,TX,TEXAS,ATLANTA ISD,6,10,0,0,0,0,0,0,36,25,25,19,6,4,73,58,4,5,8,4,76,69,4,0,4,9,0,1,286,274,467,427,31,40,868,820,145,4,13,1,560,71,1688
4808910,61907,AUBREY ISD,18081,2888724,742327,3737777,8910,Aubrey ISD,Aubrey,D,Other Central City Suburban,41,Rural-Fringe,N,12,7,19,1,0,1,1,2,3,0,0,0,5,0,5,79,49,128,100,58,158,TX,TEXAS,AUBREY ISD,11,12,1,0,0,0,0,0,5,4,30,28,3,2,50,46,7,4,12,4,226,209,12,7,4,10,1,0,98,81,903,870,34,40,1278,1217,435,19,14,1,179,74,2495
4808940,227901,AUSTIN ISD,-879160,29352995,-25345200,-8297998,8940,Austin ISD,Austin,A,Major Urban,11,City-Large,N,1453,1448,2901,4,6,10,282,296,578,0,2,2,148,151,299,1788,1712,3500,3853,3818,7671,TX,TEXAS,AUSTIN ISD,1815,1711,4,3,168,159,1,0,219,219,315,279,45,51,2567,2422,1411,1253,212,90,23282,22761,51,59,1755,1666,38,34,3065,2876,12024,11150,1240,1256,41455,39802,46043,110,3421,72,5941,2496,81257
4809000,196901,AUSTWELL-TIVOLI ISD,224,950109,-538755,382481,9000,Austwell-Tivoli ISD,Austwell-Tivoli,H,Rural,42,Rural-Distant,N,1,7,8,0,0,0,0,0,0,0,0,0,0,0,0,5,2,7,6,9,15,TX,TEXAS,AUSTWELL-TIVOLI ISD,4,3,0,0,0,0,0,0,0,0,1,1,1,0,6,4,0,0,1,0,45,57,0,0,0,0,0,0,1,0,17,14,1,0,64,71,102,0,0,0,1,1,135
4809030,70901,AVALON ISD,17,63927,468983,508218,9030,Avalon ISD,Avalon,H,Rural,42,Rural-Distant,N,0,3,3,0,0,0,0,0,0,0,0,0,0,0,0,4,4,8,4,7,11,TX,TEXAS,AVALON ISD,9,4,0,0,0,0,0,0,0,0,17,5,0,0,26,9,0,1,0,0,63,68,0,0,0,0,1,0,4,6,124,132,0,1,192,207,131,0,0,1,10,1,399
4809060,194902,AVERY ISD,-34307,73908,443196,486883,9060,Avery ISD,Avery,H,Rural,43,Rural-Remote,N,1,0,1,2,0,2,0,0,0,0,0,0,0,0,0,8,10,18,11,11,22,TX,TEXAS,AVERY ISD,1,0,0,0,0,0,0,0,0,0,10,9,0,1,11,10,0,0,1,0,20,21,5,2,0,0,0,0,2,3,147,136,7,16,181,178,41,7,0,0,5,23,359
4809090,34902,AVINGER ISD,500,73866,390631,464053,9090,Avinger ISD,Avinger,H,Rural,42,Rural-Distant,N,0,0,0,0,0,0,0,0,0,0,0,0,0,0,0,2,2,4,2,2,4,TX,TEXAS,AVINGER ISD,0,0,0,0,0,0,0,0,0,0,0,0,0,0,0,0,0,0,0,0,2,5,1,1,0,0,0,0,12,3,47,44,5,6,67,59,7,2,0,0,15,11,126
4809150,161918,AXTELL ISD,7346,311269,1819440,2250104,9150,Axtell ISD,Axtell,H,Rural,42,Rural-Distant,N,2,3,5,0,0,0,0,0,0,0,0,0,0,0,0,16,15,31,18,18,36,TX,TEXAS,AXTELL ISD,4,3,0,0,0,0,0,0,0,0,21,18,0,2,25,23,0,0,3,0,75,79,2,0,2,1,0,0,10,13,295,299,4,13,388,405,154,2,3,0,23,17,793
4809200,220915,AZLE ISD,231934,8834872,7738708,16986685,9200,Azle ISD,Azle,B,Major Suburban,21,Suburb-Large,N,25,15,40,2,2,4,0,2,2,0,0,0,1,0,1,176,172,348,210,198,408,TX,TEXAS,AZLE ISD,21,16,0,0,0,0,0,0,0,1,54,41,4,1,79,59,4,1,26,11,694,680,13,18,16,19,1,2,32,47,2468,2314,94,97,3318,3177,1374,31,35,3,79,191,6495
4809280,30903,BAIRD ISD,-1310,360927,-568147,-241735,9280,Baird ISD,Baird,H,Rural,42,Rural-Distant,N,0,0,0,0,0,0,0,0,0,0,0,0,0,0,0,5,5,10,5,5,10,TX,TEXAS,BAIRD ISD,1,2,0,0,0,0,0,0,0,0,8,7,0,0,9,9,0,0,1,0,28,25,0,0,0,0,0,0,1,0,142,105,4,0,175,130,53,0,0,0,1,4,305
4809300,200901,BALLINGER ISD,56211,550871,438895,970775,9300,Ballinger ISD,Ballinger,G,Non-metropolitan Stable,41,Rural-Fringe,N,6,6,12,0,0,0,0,2,2,0,0,0,0,0,0,23,24,47,31,32,63,TX,TEXAS,BALLINGER ISD,6,8,0,0,0,0,0,0,0,0,12,10,0,1,18,19,0,0,3,0,214,204,0,0,2,2,0,0,5,5,253,199,5,9,479,419,418,0,4,0,10,14,898
4809330,195902,BALMORHEA ISD,366,6910614,1072851,7777999,9330,Balmorhea ISD,Balmorhea,H,Rural,43,Rural-Remote,N,1,0,1,0,0,0,0,0,0,0,0,0,0,0,0,0,0,0,1,0,1,TX,TEXAS,BALMORHEA ISD,5,7,0,0,0,0,0,0,0,0,1,2,0,0,6,9,2,2,0,0,87,65,0,0,0,1,0,0,0,0,12,8,3,1,102,75,152,0,1,0,0,4,177
4809360,10902,BANDERA ISD,112322,662051,959063,773988,9360,Bandera ISD,Bandera,B,Major Suburban,42,Rural-Distant,N,7,9,16,0,0,0,0,0,0,0,0,0,0,0,0,49,43,92,58,52,110,TX,TEXAS,BANDERA ISD,20,20,1,0,0,0,0,0,1,0,41,32,1,2,64,54,1,4,17,7,369,379,6,0,2,7,1,1,6,5,755,700,29,20,1168,1112,748,6,9,2,11,49,2280
4809390,25901,BANGS ISD,26652,464362,-302000,214710,9390,Bangs ISD,Bangs,H,Rural,42,Rural-Distant,N,3,5,8,0,0,0,0,0,0,0,0,0,0,0,0,21,16,37,25,22,47,TX,TEXAS,BANGS ISD,3,3,0,0,0,0,1,0,0,2,11,8,0,3,15,16,2,1,6,1,142,118,2,1,1,1,1,0,7,9,354,294,14,14,521,437,260,3,2,1,16,28,958
4809410,178913,BANQUETE ISD,-922,2410446,-55900,2369132,9410,Banquete ISD,Banquete,H,Rural,42,Rural-Distant,N,24,32,56,0,0,0,0,0,0,0,0,0,0,1,1,5,5,10,29,38,67,TX,TEXAS,BANQUETE ISD,14,19,0,0,0,0,0,0,0,0,3,1,0,0,17,20,0,1,1,2,352,416,0,0,0,0,0,0,5,1,82,73,0,0,439,490,768,0,0,0,6,0,929
4809450,36902,BARBERS HILL ISD,-37103,26337813,-1847857,31178860,9450,Barbers Hill ISD,Barbers Hill,D,Other Central City Suburban,41,Rural-Fringe,N,23,24,47,1,0,1,3,10,13,0,0,0,1,1,2,145,133,278,175,173,348,TX,TEXAS,BARBERS HILL ISD,15,12,0,0,1,0,0,0,1,1,38,34,3,1,58,48,5,3,3,0,617,594,6,10,32,34,0,1,80,89,2033,1770,66,59,2834,2557,1211,16,66,1,169,125,5391
4809540,14902,BARTLETT ISD,10893,78867,813180,883952,9540,Bartlett ISD,Bartlett,H,Rural,32,Town-Distant,N,0,0,0,0,0,0,0,0,0,0,0,0,0,0,0,1,0,1,1,0,1,TX,TEXAS,BARTLETT ISD,5,7,0,0,1,0,0,0,2,1,4,2,0,1,12,11,1,2,1,0,118,97,0,1,1,1,1,0,23,19,42,30,5,6,190,154,215,1,2,1,42,11,344
4809570,11901,BASTROP ISD,-654597,6216181,10615071,17110197,9570,Bastrop ISD,Bastrop,E,Independent Town,42,Rural-Distant,N,151,130,281,1,1,2,3,7,10,0,0,0,6,8,14,212,167,379,385,330,715,TX,TEXAS,BASTROP ISD,177,134,0,1,0,0,0,0,12,4,41,30,2,4,232,173,107,83,46,16,3709,3502,6,19,20,26,0,3,227,212,1546,1331,161,134,5669,5227,7211,25,46,3,439,295,10896
4809630,158901,BAY CITY ISD,9043,1016351,2502506,4547160,9630,Bay City ISD,Bay City,E,Independent Town,32,Town-Distant,N,12,22,34,0,0,0,2,0,2,0,0,0,0,2,2,14,26,40,28,51,79,TX,TEXAS,BAY CITY ISD,65,52,0,0,0,2,0,0,12,12,12,17,1,1,90,84,22,16,23,9,1183,1113,3,4,16,11,0,0,260,257,351,311,29,33,1842,1729,2296,7,27,0,517,62,3571
4809670,123910,BEAUMONT ISD,2288331,2486503,-4307585,18908155,9670,Beaumont ISD,Beaumont,C,Other Central City,12,City-Midsize,N,132,141,273,0,0,0,66,60,126,4,3,7,273,366,639,175,179,354,668,775,1443,TX,TEXAS,BEAUMONT ISD,153,158,1,0,11,10,0,0,443,464,38,21,32,18,678,671,96,108,82,29,2340,2248,16,27,289,261,10,8,5701,5583,1019,919,215,248,9590,9294,4588,43,550,18,11284,463,18884
4809690,183901,BECKVILLE ISD,1396,-633292,960558,-116952,9690,Beckville ISD,Beckville,H,Rural,42,Rural-Distant,N,2,0,2,0,0,0,0,0,0,0,0,0,0,0,0,5,2,7,7,2,9,TX,TEXAS,BECKVILLE ISD,0,2,0,0,0,1,0,0,1,3,17,11,1,0,19,17,0,1,6,1,38,30,1,0,0,1,0,1,25,21,279,255,11,3,354,311,68,1,1,1,46,14,665
4809720,13901,BEEVILLE ISD,-128493,-383872,4603652,4278434,9720,Beeville ISD,Beeville,E,Independent Town,32,Town-Distant,N,37,54,91,0,0,0,0,0,0,0,0,0,3,1,4,15,15,30,57,71,128,TX,TEXAS,BEEVILLE ISD,79,69,0,0,0,0,0,0,2,4,7,9,1,0,89,82,2,1,33,9,1433,1333,1,0,7,3,2,1,56,40,218,191,16,12,1733,1580,2766,1,10,3,96,28,3313
4809750,39904,BELLEVUE ISD,-1386,-175592,-149904,-351030,9750,Bellevue ISD,Bellevue,H,Rural,42,Rural-Distant,N,0,0,0,0,0,0,0,0,0,0,0,0,0,0,0,0,2,2,0,2,2,TX,TEXAS,BELLEVUE ISD,0,0,0,0,0,0,0,0,0,0,0,0,0,0,0,0,0,0,0,0,3,3,0,0,0,0,0,0,1,1,61,53,2,2,67,59,6,0,0,0,2,4,126
4809780,91901,BELLS ISD,4096,678142,1827219,2479347,9780,Bells ISD,Bells,H,Rural,42,Rural-Distant,N,2,1,3,1,2,3,0,0,0,2,0,2,0,1,1,22,29,51,30,33,63,TX,TEXAS,BELLS ISD,8,1,2,0,0,0,0,0,0,0,21,16,1,1,32,18,1,0,6,0,48,28,10,8,0,0,3,0,3,3,353,336,20,10,437,385,76,18,0,3,6,30,822
4809810,8901,BELLVILLE ISD,-310,1719249,-521433,1193063,9810,Bellville ISD,Bellville,E,Independent Town,32,Town-Distant,N,22,11,33,0,1,1,0,1,1,0,0,0,0,0,0,105,95,200,131,108,239,TX,TEXAS,BELLVILLE ISD,16,8,0,0,0,1,0,0,5,4,7,16,1,0,29,29,7,3,9,4,351,346,3,1,5,8,1,0,110,99,676,627,29,18,1175,1099,697,4,13,1,209,47,2274
4809860,14903,BELTON ISD,-741745,6696256,11434859,17085684,9860,Belton ISD,Belton,D,Other Central City Suburban,23,Suburb-Small,N,93,87,180,3,1,4,31,29,60,3,1,4,17,13,30,350,304,654,524,452,976,TX,TEXAS,BELTON ISD,102,74,0,3,4,3,0,0,14,19,93,95,12,7,225,201,30,19,44,26,2023,1856,38,28,118,107,16,16,384,397,3041,3012,236,255,5856,5671,3879,66,225,32,781,491,11527
4809870,125902,BEN BOLT-PALITO BLANCO ISD,17502,2463,535729,515931,9870,Ben Bolt-Palito Blanco ISD,Ben Bolt-Palito Blanco,H,Rural,42,Rural-Distant,N,20,12,32,0,0,0,0,0,0,0,0,0,0,0,0,1,3,4,21,15,36,TX,TEXAS,BEN BOLT-PALITO BLANCO ISD,24,22,0,0,0,0,0,0,0,0,0,1,0,0,24,23,0,0,0,0,267,249,0,0,0,0,0,0,1,1,21,14,0,0,289,264,516,0,0,0,2,0,553
4809980,138904,BENJAMIN ISD,-1866,-32181,151134,249412,9980,Benjamin ISD,Benjamin,H,Rural,43,Rural-Remote,N,1,1,2,0,0,0,0,0,0,0,0,0,0,0,0,6,2,8,8,3,11,TX,TEXAS,BENJAMIN ISD,0,2,0,0,0,0,0,0,0,0,0,0,0,0,0,2,0,0,0,0,21,22,0,0,0,0,0,0,0,0,27,33,3,4,51,59,43,0,0,0,0,7,110
4810140,230901,BIG SANDY ISD,2760,-10758,733243,731961,10140,Big Sandy ISD (Upshur),Big Sandy (Upshur),H,Rural,42,Rural-Distant,N,1,1,2,0,0,0,0,0,0,0,0,0,1,1,2,17,23,40,21,25,46,TX,TEXAS,BIG SANDY ISD,2,2,0,0,0,0,0,0,2,2,15,8,0,2,19,14,0,1,3,2,34,32,1,1,0,0,0,0,38,33,280,243,30,23,383,332,66,2,0,0,71,53,715
4810170,187901,BIG SANDY ISD,-10231,734613,1156714,2024761,10170,Big Sandy ISD (Polk),Big Sandy (Polk),H,Rural,43,Rural-Remote,N,3,4,7,1,4,5,0,1,1,0,0,0,1,0,1,19,21,40,25,30,55,TX,TEXAS,BIG SANDY ISD,3,2,0,3,0,0,0,0,0,0,12,7,0,0,15,12,0,0,2,0,26,21,41,62,3,1,0,0,2,1,175,162,6,4,253,251,47,103,4,0,3,10,504
4810200,114901,BIG SPRING ISD,-8936,9121118,-1613969,7871000,10200,Big Spring ISD,Big Spring,E,Independent Town,32,Town-Distant,N,36,41,77,0,0,0,2,2,4,0,0,0,3,2,5,33,22,55,76,70,146,TX,TEXAS,BIG SPRING ISD,34,43,0,0,0,0,0,0,2,1,10,10,0,4,46,58,6,6,15,8,1331,1261,0,4,16,14,2,2,128,103,495,486,52,54,2024,1924,2592,4,30,4,231,106,3948
4810230,220902,BIRDVILLE ISD,324726,21064467,-4584174,18477085,10230,Birdville ISD,Birdville,B,Major Suburban,21,Suburb-Large,N,280,270,550,4,8,12,81,83,164,0,0,0,39,28,67,684,627,1311,1119,1059,2178,TX,TEXAS,BIRDVILLE ISD,228,211,2,3,50,38,3,1,55,38,149,126,16,16,503,433,240,218,115,51,5138,4795,55,76,639,570,34,41,1101,979,4933,4528,384,390,12284,11379,9933,131,1209,75,2080,774,23663
4810260,178902,BISHOP CISD,13201,1222483,2695781,4305090,10260,Bishop Cons ISD,Bishop Cons,G,Non-metropolitan Stable,32,Town-Distant,N,33,37,70,0,0,0,0,0,0,0,0,0,0,0,0,10,12,22,43,49,92,TX,TEXAS,BISHOP CISD,22,17,0,0,0,0,0,0,2,2,1,3,0,0,25,22,4,2,3,3,662,596,2,1,4,4,0,0,8,9,101,83,0,4,777,697,1258,3,8,0,17,4,1474
4810320,16902,BLANCO ISD,-219170,1649515,-406425,1383902,10320,Blanco ISD,Blanco,G,Non-metropolitan Stable,42,Rural-Distant,N,7,8,15,0,0,0,0,0,0,0,0,0,0,0,0,28,33,61,36,41,77,TX,TEXAS,BLANCO ISD,13,9,0,0,0,0,0,0,0,0,7,6,0,0,20,15,4,4,4,0,207,216,0,0,0,3,0,0,4,2,304,277,11,4,526,502,423,0,3,0,6,15,1028
4810350,116915,BLAND ISD,-2867,753696,1237375,2069019,10350,Bland ISD,Bland,F,Non-metropolitan Fast Growing,42,Rural-Distant,N,5,7,12,0,0,0,0,0,0,0,0,0,0,0,0,13,18,31,19,25,44,TX,TEXAS,BLAND ISD,9,1,0,0,0,0,0,0,0,0,9,7,0,0,18,8,3,0,3,0,153,128,1,3,0,0,0,0,3,2,211,200,2,5,370,338,281,4,0,0,5,7,708
4810380,25904,BLANKET ISD,56245,53342,-84470,-852496,10380,Blanket ISD,Blanket,H,Rural,42,Rural-Distant,N,0,1,1,0,0,0,0,0,0,0,0,0,0,0,0,3,3,6,3,4,7,TX,TEXAS,BLANKET ISD,1,0,0,0,0,0,0,0,0,0,7,3,0,0,8,3,0,0,0,0,36,23,0,0,0,0,0,0,0,0,70,54,0,0,106,77,59,0,0,0,0,0,183
4810440,34909,BLOOMBURG ISD,905,26531,594528,635364,10440,Bloomburg ISD,Bloomburg,H,Rural,42,Rural-Distant,N,0,0,0,0,0,0,0,0,0,0,0,0,0,0,0,1,1,2,1,1,2,TX,TEXAS,BLOOMBURG ISD,1,0,0,0,0,0,0,0,0,0,12,7,0,0,13,7,3,0,2,1,7,6,1,2,0,2,0,0,1,2,119,134,2,1,130,147,13,3,2,0,3,3,277
4810470,175902,BLOOMING GROVE ISD,-11116,509030,1715700,2536428,10470,Blooming Grove ISD,Blooming Grove,D,Other Central City Suburban,42,Rural-Distant,N,3,5,8,0,0,0,0,0,0,0,0,0,1,0,1,32,26,58,39,32,71,TX,TEXAS,BLOOMING GROVE ISD,6,7,0,0,0,0,0,0,0,1,16,16,1,0,23,24,2,4,3,1,141,129,0,2,2,1,0,0,16,13,320,270,32,21,511,436,270,2,3,0,29,53,947
4810500,235901,BLOOMINGTON ISD,-31063,462223,11420,424172,10500,Bloomington ISD,Bloomington,H,Rural,42,Rural-Distant,N,8,17,25,0,0,0,0,0,0,0,0,0,0,2,2,4,4,8,12,24,36,TX,TEXAS,BLOOMINGTON ISD,18,19,0,0,0,0,0,0,1,3,3,4,0,0,22,26,9,3,7,5,365,379,1,0,0,0,0,0,16,17,42,33,6,7,430,436,744,1,0,0,33,13,866
4810590,43917,BLUE RIDGE ISD,1931,1187674,1691530,3000281,10590,Blue Ridge ISD,Blue Ridge,F,Non-metropolitan Fast Growing,42,Rural-Distant,N,1,3,4,0,1,1,0,0,0,0,0,0,0,0,0,29,18,47,31,23,54,TX,TEXAS,BLUE RIDGE ISD,3,5,0,0,0,0,0,0,0,1,13,15,1,1,17,22,2,2,1,0,96,123,1,2,0,0,0,0,1,1,304,269,11,17,413,412,219,3,0,0,2,28,825
4810620,72904,BLUFF DALE ISD,6039,963972,624186,1579128,10620,Bluff Dale ISD,Bluff Dale,H,Rural,43,Rural-Remote,N,0,2,2,0,0,0,0,0,0,0,0,0,0,0,0,9,7,16,10,9,19,TX,TEXAS,BLUFF DALE ISD,1,0,0,0,0,0,0,0,0,0,7,6,0,0,8,6,0,0,0,3,9,13,0,3,1,1,0,0,0,0,81,78,2,1,93,96,22,3,2,0,0,3,189
4810650,109913,BLUM ISD,-12714,620995,105459,849371,10650,Blum ISD,Blum,H,Rural,42,Rural-Distant,N,1,0,1,0,0,0,0,0,0,0,0,0,1,0,1,10,8,18,13,8,21,TX,TEXAS,BLUM ISD,0,3,0,0,0,0,0,0,0,0,4,11,2,0,6,14,0,1,2,0,23,23,1,1,0,0,0,0,3,3,134,154,7,4,168,185,46,2,0,0,6,11,353
4810710,130901,BOERNE ISD,69404,17002842,-1806438,15624196,10710,Boerne ISD,Boerne,B,Major Suburban,41,Rural-Fringe,N,41,32,73,1,0,1,5,7,12,1,0,1,3,2,5,242,197,439,306,244,550,TX,TEXAS,BOERNE ISD,12,14,0,0,1,0,0,0,1,0,12,15,0,0,26,29,2,7,3,2,1354,1277,10,20,42,51,2,5,33,35,2908,2758,106,89,4455,4235,2631,30,93,7,68,195,8690
4810740,116916,BOLES ISD,22442,33183,1307953,1427916,10740,Boles ISD,Boles,H,Rural,41,Rural-Fringe,N,2,0,2,0,0,0,0,0,0,0,1,1,0,0,0,17,18,35,20,19,39,TX,TEXAS,BOLES ISD,0,3,0,0,1,0,0,0,0,1,34,30,0,0,35,34,0,0,0,0,31,34,2,2,3,3,0,1,15,9,210,218,6,9,267,276,65,4,6,1,24,15,543
4810780,241901,BOLING ISD,9217,1063201,517326,1607163,10780,Boling ISD,Boling,D,Other Central City Suburban,42,Rural-Distant,N,2,8,10,0,0,0,1,0,1,0,0,0,0,0,0,25,27,52,29,36,65,TX,TEXAS,BOLING ISD,5,4,0,0,0,0,0,0,0,0,0,0,0,0,5,4,2,1,0,1,297,294,0,0,4,3,1,1,56,57,193,201,6,9,557,565,591,0,7,2,113,15,1122
4810800,74903,BONHAM ISD,-158720,1224142,9392,1237427,10800,Bonham ISD,Bonham,E,Independent Town,32,Town-Distant,N,3,7,10,0,0,0,0,0,0,0,0,0,0,1,1,33,27,60,38,36,74,TX,TEXAS,BONHAM ISD,26,18,1,1,0,1,0,0,4,12,47,58,6,7,84,97,11,5,10,9,279,227,9,13,3,4,0,0,71,69,564,532,55,46,981,891,506,22,7,0,140,101,1872
4810830,148901,BOOKER ISD,-1483,131876,263457,480710,10830,Booker ISD,Booker,H,Rural,43,Rural-Remote,N,6,4,10,0,1,1,0,0,0,0,0,0,0,0,0,5,2,7,11,7,18,TX,TEXAS,BOOKER ISD,9,11,0,0,0,0,0,0,0,0,2,2,1,0,12,13,5,7,2,0,143,145,0,2,0,0,0,0,0,0,40,58,2,0,185,205,288,2,0,0,0,2,390
4810860,17901,BORDEN COUNTY ISD,-6238,-389553,966930,673543,10860,Borden County ISD,Borden County,H,Rural,43,Rural-Remote,N,0,1,1,0,0,0,0,0,0,0,0,0,0,0,0,3,4,7,3,5,8,TX,TEXAS,BORDEN COUNTY ISD,0,0,0,0,0,0,0,0,0,0,0,0,0,0,0,0,0,0,0,0,25,17,1,0,0,0,0,0,1,0,90,94,3,2,120,113,42,1,0,0,1,5,233
4810890,117901,BORGER ISD,9702,-4408765,2777135,-2106035,10890,Borger ISD,Borger,G,Non-metropolitan Stable,32,Town-Distant,N,17,18,35,0,1,1,1,5,6,0,0,0,1,0,1,56,46,102,77,74,151,TX,TEXAS,BORGER ISD,61,55,1,0,0,0,0,0,1,4,55,46,1,7,119,112,20,10,19,3,640,611,11,17,4,6,1,0,29,34,652,626,46,52,1383,1346,1251,28,10,1,63,98,2729
4810910,161923,BOSQUEVILLE ISD,-27916,329886,2027228,2327215,10910,Bosqueville ISD,Bosqueville,H,Rural,41,Rural-Fringe,N,4,3,7,0,0,0,0,0,0,1,0,1,1,0,1,28,32,60,36,35,71,TX,TEXAS,BOSQUEVILLE ISD,7,6,0,0,0,0,0,0,1,0,11,13,2,3,21,22,0,1,1,2,87,80,0,0,2,0,3,0,18,14,238,246,13,10,361,350,167,0,2,3,32,23,711
4810950,185901,BOVINA ISD,-5150,-173306,1195476,877323,10950,Bovina ISD,Bovina,H,Rural,43,Rural-Remote,N,10,6,16,0,0,0,0,0,0,0,0,0,0,0,0,0,0,0,10,6,16,TX,TEXAS,BOVINA ISD,15,16,0,0,0,0,0,0,0,0,1,3,0,0,16,19,2,10,2,0,258,235,0,0,0,0,0,0,0,0,7,15,1,1,266,251,493,0,0,0,0,2,517
4810990,169901,BOWIE ISD,16309,240654,1848261,1877870,10990,Bowie ISD,Bowie,G,Non-metropolitan Stable,33,Town-Remote,N,6,4,10,0,0,0,0,0,0,0,0,0,1,0,1,55,46,101,63,51,114,TX,TEXAS,BOWIE ISD,9,10,0,0,0,0,0,0,0,0,26,33,4,3,39,46,5,6,6,5,147,140,7,2,7,4,0,0,5,2,671,648,29,35,866,831,287,9,11,0,7,64,1697
4811010,249902,BOYD ISD,-69022,1565001,-420342,1229885,11010,Boyd ISD,Boyd,G,Non-metropolitan Stable,42,Rural-Distant,N,3,2,5,1,0,1,0,0,0,0,0,0,0,0,0,30,20,50,35,22,57,TX,TEXAS,BOYD ISD,8,7,0,0,1,0,0,0,0,0,23,24,1,2,33,33,1,0,5,0,103,116,8,7,4,2,0,0,7,3,556,494,21,14,699,636,219,15,6,0,10,35,1335
4811040,180901,BOYS RANCH ISD,-16545,0,752296,-158871,11040,Boys Ranch ISD,Boys Ranch,H,Rural,43,Rural-Remote,N,1,0,1,0,0,0,0,0,0,0,0,0,0,0,0,10,4,14,12,4,16,TX,TEXAS,BOYS RANCH ISD,0,0,0,0,0,0,0,0,0,0,0,0,0,0,0,0,0,0,0,0,33,26,0,1,0,1,0,0,15,12,115,79,13,9,176,128,59,1,1,0,27,22,304
4811070,136901,BRACKETT ISD,-8081,1231842,744662,1657648,11070,Brackett ISD,Brackett,H,Rural,33,Town-Remote,N,3,6,9,0,0,0,0,0,0,0,0,0,0,0,0,21,18,39,24,24,48,TX,TEXAS,BRACKETT ISD,11,9,0,0,0,0,0,0,0,0,4,4,0,0,15,13,0,0,2,0,215,172,0,1,0,0,0,0,0,3,93,91,4,4,312,271,387,1,0,0,3,8,583
4811110,160901,BRADY ISD,28264,-218434,804699,1221671,11110,Brady ISD,Brady,G,Non-metropolitan Stable,41,Rural-Fringe,N,4,3,7,0,0,0,0,0,0,0,0,0,0,0,0,14,16,30,18,20,38,TX,TEXAS,BRADY ISD,11,10,0,0,2,0,0,0,0,0,31,22,0,0,44,32,1,2,10,4,292,253,0,1,7,5,0,0,10,7,321,265,13,6,643,537,545,1,12,0,17,19,1180
4811190,20905,BRAZOSPORT ISD,893698,11124170,-2671461,10443325,11190,Brazosport ISD,Brazosport,C,Other Central City,23,Suburb-Small,N,191,199,390,2,2,4,19,20,39,0,1,1,17,17,34,278,285,563,521,538,1059,TX,TEXAS,BRAZOSPORT ISD,180,143,1,1,4,6,1,0,26,16,52,43,8,5,272,214,77,56,35,26,3633,3263,31,34,91,97,4,4,458,416,2025,1991,155,143,6397,5948,6896,65,188,8,874,298,12345
4811220,215901,BRECKENRIDGE ISD,-92308,848979,1702960,2465675,11220,Breckenridge ISD,Breckenridge,G,Non-metropolitan Stable,33,Town-Remote,N,10,3,13,0,0,0,0,0,0,0,0,0,1,0,1,28,32,60,39,36,75,TX,TEXAS,BRECKENRIDGE ISD,15,14,0,1,0,1,0,0,1,1,23,15,0,1,39,33,3,4,6,4,265,234,14,10,3,4,0,1,13,8,461,461,14,10,770,728,499,24,7,1,21,24,1498
4811250,198901,BREMOND ISD,5538,-562926,1759570,1312616,11250,Bremond ISD,Bremond,H,Rural,43,Rural-Remote,N,1,1,2,0,0,0,0,0,0,0,0,0,0,1,1,16,10,26,17,12,29,TX,TEXAS,BREMOND ISD,1,2,0,0,0,0,0,0,3,2,13,9,1,0,18,13,1,0,2,0,30,36,0,0,2,4,0,0,35,29,171,164,10,6,248,239,66,0,6,0,64,16,487
4811280,239901,BRENHAM ISD,-93068,3589880,2659011,5923860,11280,Brenham ISD,Brenham,E,Independent Town,32,Town-Distant,N,14,22,36,0,0,0,12,8,20,0,0,0,7,5,12,109,119,228,143,156,299,TX,TEXAS,BRENHAM ISD,81,61,0,0,3,2,0,0,58,37,28,20,4,5,174,125,45,32,34,17,927,823,0,5,60,37,0,1,601,505,1025,941,52,52,2665,2364,1750,5,97,1,1106,104,5029
4811310,181901,BRIDGE CITY ISD,-306752,570950,3373040,3790926,11310,Bridge City ISD,Bridge City,G,Non-metropolitan Stable,41,Rural-Fringe,N,4,4,8,0,0,0,4,2,6,0,0,0,0,0,0,36,39,75,44,45,89,TX,TEXAS,BRIDGE CITY ISD,8,15,0,1,2,1,0,0,1,0,34,20,2,2,47,39,5,3,9,2,261,229,4,5,40,52,0,0,18,16,1192,1111,32,25,1547,1438,490,9,92,0,34,57,2985
4811340,249903,BRIDGEPORT ISD,-22865,944694,751505,1640935,11340,Bridgeport ISD,Bridgeport,G,Non-metropolitan Stable,41,Rural-Fringe,N,8,9,17,0,0,0,0,0,0,0,0,0,0,1,1,42,31,73,50,41,91,TX,TEXAS,BRIDGEPORT ISD,31,27,1,0,0,1,0,0,0,0,8,10,0,1,40,39,19,21,4,1,538,517,4,3,2,2,0,0,6,6,475,444,25,15,1050,987,1055,7,4,0,12,40,2037
4811400,242906,FORT ELLIOTT CISD,-880,1091079,-1368740,-202017,11400,Fort Elliott Cons ISD,Fort Elliott Cons,H,Rural,43,Rural-Remote,N,0,0,0,0,0,0,0,0,0,0,0,0,0,0,0,0,1,1,0,1,1,TX,TEXAS,FORT ELLIOTT CISD,0,2,0,0,0,0,0,0,0,0,3,3,0,0,3,5,0,1,0,0,6,8,0,0,0,0,0,0,0,0,49,67,2,3,57,78,14,0,0,0,0,5,135
4811430,203902,BROADDUS ISD,40107,4709249,-1758063,2823109,11430,Broaddus ISD,Broaddus,H,Rural,43,Rural-Remote,N,1,2,3,0,0,0,0,0,0,0,0,0,0,0,0,13,20,33,14,22,36,TX,TEXAS,BROADDUS ISD,1,2,0,0,0,0,0,0,0,0,6,10,0,0,7,12,1,2,1,0,16,22,0,1,0,0,0,0,4,4,179,169,5,9,204,205,38,1,0,0,8,14,409
4811460,184909,BROCK ISD,46429,1950764,2015465,4032813,11460,Brock ISD,Brock,D,Other Central City Suburban,42,Rural-Distant,N,1,1,2,0,0,0,1,0,1,0,0,0,0,0,0,48,42,90,50,43,93,TX,TEXAS,BROCK ISD,4,5,0,0,0,0,0,0,0,2,17,8,1,0,22,15,1,3,10,2,54,69,1,3,4,0,0,0,2,10,627,564,25,12,713,658,123,4,4,0,12,37,1371
4811490,41901,BRONTE ISD,7902,402322,-186144,226232,11490,Bronte ISD,Bronte,H,Rural,43,Rural-Remote,N,1,2,3,0,0,0,0,0,0,0,0,0,0,0,0,10,5,15,11,7,18,TX,TEXAS,BRONTE ISD,2,2,0,0,0,0,0,0,0,0,6,8,0,0,8,10,0,1,0,0,36,45,0,0,0,0,0,0,0,0,79,86,1,0,116,131,81,0,0,0,0,1,247
4811520,121902,BROOKELAND ISD,0,208337,44752,200234,11520,Brookeland ISD,Brookeland,H,Rural,43,Rural-Remote,N,0,1,1,0,0,0,0,0,0,0,0,0,0,0,0,0,2,2,0,3,3,TX,TEXAS,BROOKELAND ISD,0,0,0,0,0,0,0,0,0,1,11,7,1,0,12,8,0,0,1,0,9,11,0,0,0,1,0,0,8,7,179,176,9,11,205,206,20,0,1,0,15,20,411
4811550,25908,BROOKESMITH ISD,-3248,200260,631716,888476,11550,Brookesmith ISD,Brookesmith,H,Rural,43,Rural-Remote,N,0,0,0,0,0,0,0,0,0,0,0,0,0,0,0,1,1,2,1,1,2,TX,TEXAS,BROOKESMITH ISD,0,1,0,0,0,0,0,0,0,0,2,5,0,0,2,6,0,0,0,0,13,20,0,0,0,0,0,0,1,3,44,44,0,0,58,67,33,0,0,0,4,0,125
4811580,24901,BROOKS COUNTY ISD,16022,1023582,-788471,729509,11580,Brooks County ISD,Brooks County,D,Other Central City Suburban,33,Town-Remote,N,22,28,50,0,0,0,0,0,0,0,0,0,0,0,0,0,1,1,22,29,51,TX,TEXAS,BROOKS COUNTY ISD,66,61,0,0,0,0,0,0,0,0,1,1,0,0,67,62,0,1,13,4,811,761,1,0,0,2,0,0,1,0,6,6,0,0,819,769,1572,1,2,0,1,0,1588
4811610,223901,BROWNFIELD ISD,-9602,1905899,172412,2264286,11610,Brownfield ISD,Brownfield,G,Non-metropolitan Stable,32,Town-Distant,N,19,26,45,0,0,0,0,0,0,0,0,0,4,0,4,13,18,31,38,44,82,TX,TEXAS,BROWNFIELD ISD,69,61,0,0,0,0,0,0,0,2,6,10,0,2,75,75,7,3,6,1,718,654,1,1,3,4,0,0,22,26,163,132,13,14,920,831,1372,2,7,0,48,27,1751
4811640,107902,BROWNSBORO ISD,66921,477358,2603031,3002764,11640,Brownsboro ISD,Brownsboro,D,Other Central City Suburban,42,Rural-Distant,N,5,5,10,0,0,0,0,1,1,0,0,0,0,1,1,59,59,118,64,67,131,TX,TEXAS,BROWNSBORO ISD,12,17,0,0,0,0,0,0,4,6,51,25,1,0,68,48,1,6,15,4,217,211,7,6,4,6,5,2,96,90,1024,980,25,31,1378,1326,428,13,10,7,186,56,2704
4811680,31901,BROWNSVILLE ISD,32196,2844830,2106156,-4634130,11680,Brownsville ISD,Brownsville,C,Other Central City,12,City-Midsize,N,2772,2890,5662,0,0,0,8,6,14,0,1,1,4,0,4,18,19,37,2802,2916,5718,TX,TEXAS,BROWNSVILLE ISD,1710,1759,0,0,8,9,0,0,3,5,49,22,0,0,1770,1795,1001,1053,156,58,22802,22093,3,1,45,51,3,3,29,31,266,219,4,3,23152,22401,44895,4,96,6,60,7,45553
4811700,25902,BROWNWOOD ISD,92604,1260330,920676,2302055,11700,Brownwood ISD,Brownwood,E,Independent Town,33,Town-Remote,N,27,27,54,0,0,0,4,2,6,0,0,0,0,6,6,101,74,175,135,112,247,TX,TEXAS,BROWNWOOD ISD,58,61,0,0,1,0,0,0,10,10,62,66,4,5,135,142,6,5,17,14,742,750,4,5,21,9,0,0,87,90,967,867,79,71,1900,1792,1492,9,30,0,177,150,3692
4811730,161919,BRUCEVILLE-EDDY ISD,10630,493439,528353,962641,11730,Bruceville-Eddy ISD,Bruceville-Eddy,H,Rural,42,Rural-Distant,N,6,6,12,0,0,0,0,1,1,0,0,0,0,0,0,31,31,62,38,38,76,TX,TEXAS,BRUCEVILLE-EDDY ISD,0,0,0,0,0,0,0,0,0,0,0,0,0,0,0,0,0,0,0,0,112,103,3,0,0,2,0,0,5,4,244,204,9,5,373,318,215,3,2,0,9,14,691
4811790,21902,BRYAN ISD,33878,17072963,3942546,19879742,11790,Bryan ISD,Bryan,C,Other Central City,13,City-Small,N,419,388,807,1,2,3,4,10,14,0,1,1,80,88,168,475,469,944,993,974,1967,TX,TEXAS,BRYAN ISD,221,218,0,0,1,1,0,0,55,37,38,29,11,4,326,289,134,132,49,20,4733,4548,12,15,27,32,7,8,1508,1458,1829,1712,142,127,8258,7900,9281,27,59,15,2966,269,16158
4811820,119901,BRYSON ISD,1817,270656,184619,-43761,11820,Bryson ISD,Bryson,H,Rural,43,Rural-Remote,N,0,0,0,0,1,1,0,0,0,0,0,0,0,0,0,3,6,9,4,7,11,TX,TEXAS,BRYSON ISD,0,2,0,0,0,1,0,0,0,0,4,15,0,0,4,18,0,0,0,0,13,20,1,2,0,1,0,0,0,0,101,119,2,2,117,144,33,3,1,0,0,4,261
4811850,166907,BUCKHOLTS ISD,-685,53507,276052,390750,11850,Buckholts ISD,Buckholts,H,Rural,42,Rural-Distant,N,0,0,0,0,0,0,0,0,0,0,0,0,0,0,0,0,0,0,0,0,0,TX,TEXAS,BUCKHOLTS ISD,2,4,0,0,0,0,0,0,0,0,1,1,1,0,4,5,0,0,0,0,42,39,0,0,0,0,0,0,0,0,27,35,2,0,71,74,81,0,0,0,0,2,145
4811910,186901,BUENA VISTA ISD,-1584,670860,1666840,2341164,11910,Buena Vista ISD,Buena Vista,H,Rural,43,Rural-Remote,N,2,5,7,0,0,0,0,0,0,0,0,0,1,0,1,1,1,2,4,6,10,TX,TEXAS,BUENA VISTA ISD,4,4,1,0,0,0,0,0,1,0,1,2,0,0,7,6,7,6,0,0,85,96,1,0,0,0,0,0,3,2,25,32,0,0,114,130,181,1,0,0,5,0,244
4811990,145901,BUFFALO ISD,-10630,921264,942707,1782009,11990,Buffalo ISD,Buffalo,G,Non-metropolitan Stable,43,Rural-Remote,N,8,5,13,0,0,0,0,1,1,0,0,0,0,0,0,24,19,43,32,25,57,TX,TEXAS,BUFFALO ISD,22,14,0,0,1,0,0,0,3,2,12,8,1,1,39,25,5,2,6,0,208,195,0,0,4,5,0,0,21,16,249,227,8,12,490,455,403,0,9,0,37,20,945
4812060,212902,BULLARD ISD,6822,1098081,1754715,2833817,12060,Bullard ISD,Bullard,D,Other Central City Suburban,41,Rural-Fringe,N,4,4,8,0,1,1,1,1,2,0,0,0,1,0,1,58,62,120,68,71,139,TX,TEXAS,BULLARD ISD,4,3,0,0,0,0,0,0,5,1,32,34,1,4,42,42,2,3,5,5,110,98,7,8,8,5,0,0,52,43,1110,1040,38,35,1325,1229,208,15,13,0,95,73,2554
4812090,121903,BUNA ISD,84202,162155,2086358,2283653,12090,Buna ISD,Buna,G,Non-metropolitan Stable,42,Rural-Distant,N,1,1,2,0,0,0,0,0,0,0,0,0,0,0,0,25,29,54,26,30,56,TX,TEXAS,BUNA ISD,0,2,0,0,0,0,0,0,1,4,18,12,0,0,19,18,0,3,9,1,31,18,4,4,0,0,0,0,38,33,690,685,17,11,780,751,49,8,0,0,71,28,1531
4812120,243901,BURKBURNETT ISD,-16749,731394,2942257,4435103,12120,Burkburnett ISD,Burkburnett,D,Other Central City Suburban,31,Town-Fringe,N,4,13,17,1,0,1,2,1,3,2,0,2,2,3,5,58,79,137,77,102,179,TX,TEXAS,BURKBURNETT ISD,17,25,1,0,1,3,0,1,6,8,50,65,10,14,85,116,0,2,16,6,275,295,14,9,13,22,1,2,106,100,1084,1042,128,136,1621,1606,570,23,35,3,206,264,3227
4812150,176901,BURKEVILLE ISD,-8334,523,713852,761717,12150,Burkeville ISD,Burkeville,H,Rural,43,Rural-Remote,N,0,0,0,0,0,0,0,0,0,0,0,0,0,0,0,6,3,9,6,3,9,TX,TEXAS,BURKEVILLE ISD,0,0,0,0,0,0,0,0,2,1,7,4,0,0,9,5,0,0,0,1,0,1,0,0,0,0,0,0,31,41,102,79,2,2,135,123,1,0,0,0,72,4,258
4812180,126902,BURLESON ISD,-54624,14712463,15524538,30381821,12180,Burleson ISD,Burleson,C,Other Central City,21,Suburb-Large,N,71,62,133,1,2,3,6,5,11,2,3,5,6,5,11,399,348,747,495,435,930,TX,TEXAS,BURLESON ISD,46,51,1,0,4,2,0,0,5,7,88,61,10,4,154,125,24,24,49,26,1475,1289,31,35,77,72,15,15,419,359,4189,3815,209,219,6415,5804,2764,66,149,30,778,428,12219
4812220,27903,BURNET CISD,13982,7634508,-2153946,6097817,12220,Burnet Cons ISD,Burnet Cons,D,Other Central City Suburban,41,Rural-Fringe,N,3,8,11,0,0,0,0,0,0,0,0,0,0,0,0,37,35,72,41,43,84,TX,TEXAS,BURNET CISD,28,25,0,0,2,0,0,0,3,0,49,34,1,1,83,60,12,11,22,5,507,483,9,9,13,7,1,0,22,12,1067,1008,36,28,1655,1547,990,18,20,1,34,64,3202
4812240,239903,BURTON ISD,6991,1389834,1807502,3372676,12240,Burton ISD,Burton,F,Non-metropolitan Fast Growing,42,Rural-Distant,N,0,1,1,0,0,0,0,0,0,0,0,0,0,0,0,12,5,17,12,6,18,TX,TEXAS,BURTON ISD,3,0,0,0,0,0,0,0,3,3,5,4,0,0,11,7,0,0,0,0,45,45,1,0,0,0,0,0,29,36,168,120,5,7,248,208,90,1,0,0,65,12,456
4812360,109902,BYNUM ISD,-125,133882,551397,627965,12360,Bynum ISD,Bynum,H,Rural,42,Rural-Distant,N,0,0,0,0,0,0,0,0,0,0,0,0,0,0,0,1,2,3,1,2,3,TX,TEXAS,BYNUM ISD,2,1,0,0,0,0,0,0,0,0,4,2,0,0,6,3,0,0,2,0,29,31,0,0,0,0,0,0,9,2,48,54,1,5,87,92,60,0,0,0,11,6,179
4812390,116901,CADDO MILLS ISD,-11381,2328138,1719144,4331208,12390,Caddo Mills ISD,Caddo Mills,F,Non-metropolitan Fast Growing,42,Rural-Distant,N,5,4,9,1,0,1,0,0,0,0,0,0,0,0,0,19,26,45,26,30,56,TX,TEXAS,CADDO MILLS ISD,5,4,0,0,0,1,0,0,0,1,23,18,0,0,28,24,2,0,5,3,143,135,4,4,1,5,0,0,15,17,707,664,18,22,888,847,278,8,6,0,32,40,1735
4812420,178903,CALALLEN ISD,21702,-106209,4249149,4513332,12420,Calallen ISD,Calallen,G,Non-metropolitan Stable,11,City-Large,N,53,44,97,2,0,2,6,4,10,0,0,0,0,0,0,87,91,178,150,141,291,TX,TEXAS,CALALLEN ISD,46,37,0,0,0,0,0,0,0,0,12,9,0,0,58,46,4,5,23,8,1298,1121,6,3,17,15,1,0,27,28,786,704,26,29,2161,1900,2419,9,32,1,55,55,4061
4812460,26901,CALDWELL ISD,44546,4646917,1160956,7098323,12460,Caldwell ISD,Caldwell,D,Other Central City Suburban,41,Rural-Fringe,N,6,9,15,2,1,3,0,0,0,0,0,0,1,0,1,32,38,70,44,48,92,TX,TEXAS,CALDWELL ISD,27,20,2,0,0,0,0,0,10,1,16,8,0,1,55,30,9,8,11,1,347,325,9,6,2,5,0,0,96,84,465,414,22,27,941,861,672,15,7,0,180,49,1802
4812480,29901,CALHOUN COUNTY ISD,74541,3373362,898497,6932048,12480,Calhoun County ISD,Calhoun County,G,Non-metropolitan Stable,32,Town-Distant,N,54,52,106,0,0,0,21,23,44,0,0,0,1,3,4,65,72,137,142,151,293,TX,TEXAS,CALHOUN COUNTY ISD,61,63,0,0,6,7,0,0,0,2,23,25,1,0,91,97,0,1,9,7,1280,1262,3,4,109,115,0,0,42,43,543,476,18,17,1995,1917,2542,7,224,0,85,35,3912
4812510,49905,CALLISBURG ISD,-22491,1496046,757682,2110124,12510,Callisburg ISD,Callisburg,G,Non-metropolitan Stable,42,Rural-Distant,N,1,5,6,0,0,0,1,0,1,0,0,0,0,0,0,26,27,53,28,32,60,TX,TEXAS,CALLISBURG ISD,3,5,1,0,0,0,0,0,1,0,17,20,0,0,22,25,1,1,4,1,76,78,10,7,1,0,0,0,6,4,471,473,15,13,579,575,154,17,1,0,10,28,1154
4812540,198902,CALVERT ISD,-1650,33569,78259,109032,12540,Calvert ISD,Calvert,H,Rural,42,Rural-Distant,N,0,0,0,0,0,0,0,0,0,0,0,0,6,2,8,0,0,0,7,2,9,TX,TEXAS,CALVERT ISD,0,1,0,0,0,0,0,0,1,4,2,1,0,0,3,6,0,0,0,0,9,15,0,0,1,0,0,0,53,67,12,5,2,0,77,87,24,0,1,0,120,2,164
4812640,166901,CAMERON ISD,-22369,483712,-571002,247657,12640,Cameron ISD,Cameron,E,Independent Town,41,Rural-Fringe,N,13,17,30,0,0,0,1,0,1,0,0,0,0,2,2,23,16,39,37,36,73,TX,TEXAS,CAMERON ISD,36,44,0,0,0,1,0,0,19,15,22,25,2,2,79,87,12,18,5,4,443,440,0,0,2,4,0,0,157,148,325,295,16,24,943,911,883,0,6,0,305,40,1854
4812660,116910,CAMPBELL ISD,477,269785,73545,556011,12660,Campbell ISD,Campbell,H,Rural,42,Rural-Distant,N,2,0,2,0,0,0,0,0,0,0,0,0,0,0,0,11,15,26,13,15,28,TX,TEXAS,CAMPBELL ISD,0,1,0,0,0,0,0,0,0,0,8,6,0,0,8,7,0,0,0,0,34,33,1,0,0,3,0,0,1,1,132,124,4,1,172,162,67,1,3,0,2,5,334
4812700,106901,CANADIAN ISD,7581,2658652,-3170974,-572907,12700,Canadian ISD,Canadian,H,Rural,33,Town-Remote,N,3,1,4,0,0,0,0,0,0,0,0,0,0,0,0,25,12,37,28,14,42,TX,TEXAS,CANADIAN ISD,15,10,0,0,1,0,0,0,0,0,8,10,0,0,24,20,6,5,1,1,226,211,1,1,3,2,0,0,0,0,237,243,1,5,468,462,437,2,5,0,0,6,930
4812750,234902,CANTON ISD,124350,1058129,1568961,2761753,12750,Canton ISD,Canton,E,Independent Town,32,Town-Distant,N,3,4,7,1,0,1,1,1,2,0,0,0,0,0,0,58,62,120,65,68,133,TX,TEXAS,CANTON ISD,9,4,0,1,0,0,0,0,0,1,18,19,2,1,29,26,4,2,20,4,151,133,9,9,5,8,1,2,23,25,859,888,32,39,1080,1104,284,18,13,3,48,71,2184
4812780,71907,CANUTILLO ISD,255763,4085727,2629729,7271622,12780,Canutillo ISD,Canutillo,B,Major Suburban,11,City-Large,N,305,244,549,0,0,0,5,1,6,0,1,1,1,4,5,20,19,39,335,270,605,TX,TEXAS,CANUTILLO ISD,120,118,0,0,2,2,0,0,0,1,10,9,1,0,133,130,42,65,12,10,3025,2815,3,1,18,12,0,1,31,25,121,123,14,12,3212,2989,5840,4,30,1,56,26,6201
4812810,191901,CANYON ISD,-5244,8307145,6861790,16847162,12810,Canyon ISD,Canyon,C,Other Central City,12,City-Midsize,N,22,29,51,2,1,3,7,7,14,1,0,1,2,3,5,155,130,285,193,171,364,TX,TEXAS,CANYON ISD,18,30,1,1,0,0,0,0,1,3,50,30,3,2,73,66,0,0,0,0,1220,1252,35,27,54,71,8,5,132,121,3593,3298,103,83,5145,4857,2472,62,125,13,253,186,10002
4812870,201913,CARLISLE ISD,-7679,310042,1258075,1632846,12870,Carlisle ISD,Carlisle,H,Rural,42,Rural-Distant,N,6,7,13,0,0,0,0,0,0,0,0,0,1,0,1,12,8,20,19,15,34,TX,TEXAS,CARLISLE ISD,12,24,0,0,0,0,0,0,1,1,8,4,0,0,21,29,12,24,2,0,157,183,0,5,0,0,0,0,12,11,149,111,4,4,322,314,340,5,0,0,23,8,636
4812990,64903,CARRIZO SPRINGS CISD,-44253,9661020,-2470838,8079239,12990,Carrizo Springs Cons ISD,Carrizo Springs Cons,D,Other Central City Suburban,33,Town-Remote,N,58,81,139,0,0,0,1,2,3,0,0,0,0,1,1,7,6,13,66,90,156,TX,TEXAS,CARRIZO SPRINGS CISD,46,44,0,0,0,0,0,1,0,0,2,1,0,0,48,46,2,1,11,6,1032,1041,1,1,3,4,0,1,5,5,63,44,5,6,1109,1102,2073,2,7,1,10,11,2211
4813020,220919,CARROLL ISD,162058,5418074,304736,8379842,13020,Carroll ISD,Carroll,B,Major Suburban,21,Suburb-Large,N,64,78,142,2,0,2,269,241,510,1,1,2,11,7,18,614,547,1161,1026,941,1967,TX,TEXAS,CARROLL ISD,9,14,0,0,39,23,0,0,1,1,50,45,6,3,105,86,31,18,22,12,413,419,5,8,715,664,1,8,87,80,2936,2627,207,187,4364,3993,832,13,1379,9,167,394,8357
4813050,57903,CARROLLTON-FARMERS BRANCH ISD,4204501,18557838,6927977,27292967,13050,Carrollton-Farmers Branch ISD,Carrollton-Farmers Branch,B,Major Suburban,21,Suburb-Large,N,307,317,624,3,4,7,274,244,518,1,0,1,63,73,136,267,269,536,955,944,1899,TX,TEXAS,CARROLLTON-FARMERS BRANCH ISD,262,258,5,2,97,107,0,0,64,48,25,27,10,9,463,451,283,289,12,6,7224,6864,44,34,1526,1364,9,5,2143,1971,1702,1556,398,333,13046,12127,14088,78,2890,14,4114,731,25173
4813110,183902,CARTHAGE ISD,119158,9935863,-3659263,6419696,13110,Carthage ISD,Carthage,G,Non-metropolitan Stable,32,Town-Distant,N,4,4,8,0,0,0,0,1,1,0,1,1,3,10,13,59,46,105,66,63,129,TX,TEXAS,CARTHAGE ISD,18,10,0,0,0,2,0,0,20,14,26,19,3,5,67,50,5,9,18,6,282,244,0,2,5,13,0,1,318,267,773,720,26,34,1404,1281,526,2,18,1,585,60,2685
4813170,220917,CASTLEBERRY ISD,-247369,3380677,-2021970,1749077,13170,Castleberry ISD,Castleberry,B,Major Suburban,21,Suburb-Large,N,81,88,169,0,0,0,1,0,1,0,0,0,1,1,2,31,25,56,115,116,231,TX,TEXAS,CASTLEBERRY ISD,72,76,0,0,0,0,1,1,2,2,12,10,2,1,89,90,44,50,9,1,1651,1509,2,2,5,8,1,1,35,24,317,321,23,20,2034,1885,3160,4,13,2,59,43,3919
4813200,1902,CAYUGA ISD,-9391,676922,1010139,1642236,13200,Cayuga ISD,Cayuga,H,Rural,43,Rural-Remote,N,0,1,1,0,0,0,0,0,0,0,0,0,0,0,0,23,32,55,23,34,57,TX,TEXAS,CAYUGA ISD,0,3,0,0,0,0,0,0,0,0,4,3,0,0,4,6,0,0,2,0,19,19,0,0,3,2,0,0,12,9,270,216,12,12,316,258,38,0,5,0,21,24,574
4813230,57904,CEDAR HILL ISD,-108069,6463458,-3228949,3408429,13230,Cedar Hill ISD,Cedar Hill,B,Major Suburban,21,Suburb-Large,N,39,53,92,1,0,1,11,6,17,0,1,1,106,112,218,24,15,39,191,196,387,TX,TEXAS,CEDAR HILL ISD,40,37,0,0,1,2,0,0,66,68,5,7,4,2,116,116,9,12,12,7,1060,887,4,9,39,55,2,7,2680,2534,166,130,142,137,4093,3759,1947,13,94,9,5214,279,7852
4813260,116902,CELESTE ISD,-9791,271293,713169,1085973,13260,Celeste ISD,Celeste,H,Rural,42,Rural-Distant,N,0,2,2,0,0,0,0,0,0,0,0,0,0,0,0,13,7,20,13,9,22,TX,TEXAS,CELESTE ISD,4,2,0,0,0,0,0,0,0,0,7,9,0,1,11,12,0,0,2,1,35,37,0,3,0,0,0,0,3,4,207,180,8,11,253,235,72,3,0,0,7,19,488
4813290,43903,CELINA ISD,-146574,5293440,150999,5562027,13290,Celina ISD,Celina,F,Non-metropolitan Fast Growing,41,Rural-Fringe,N,7,3,10,0,0,0,0,2,2,0,0,0,0,0,0,73,67,140,83,77,160,TX,TEXAS,CELINA ISD,10,16,1,0,0,0,0,0,2,1,9,5,0,2,22,24,8,10,8,0,321,310,17,14,9,8,0,2,43,38,904,807,48,55,1342,1234,631,31,17,2,81,103,2576
4813320,210901,CENTER ISD,106220,-408696,1805541,1273133,13320,Center ISD,Center,G,Non-metropolitan Stable,33,Town-Remote,N,11,15,26,0,0,0,0,0,0,1,0,1,6,10,16,31,34,65,49,61,110,TX,TEXAS,CENTER ISD,67,58,0,0,6,4,0,0,29,23,36,29,2,2,140,116,64,51,11,4,611,547,0,0,33,34,2,2,304,238,444,413,27,15,1421,1249,1158,0,67,4,542,42,2670
4813350,133901,CENTER POINT ISD,-6392,480635,371729,805973,13350,Center Point ISD,Center Point,H,Rural,42,Rural-Distant,N,4,2,6,0,0,0,0,1,1,0,0,0,0,0,0,10,6,16,14,9,23,TX,TEXAS,CENTER POINT ISD,14,7,0,0,0,0,0,0,0,0,4,7,2,0,20,14,11,1,3,1,161,155,0,0,0,1,0,0,2,1,138,108,6,3,307,268,316,0,1,0,3,9,575
4813380,228904,CENTERVILLE ISD,-8222,37079,688663,733836,13380,Centerville ISD (Trinity),Centerville (Trinity),H,Rural,43,Rural-Remote,N,1,0,1,0,0,0,0,0,0,0,0,0,0,0,0,4,5,9,5,5,10,TX,TEXAS,CENTERVILLE ISD,0,1,0,0,0,0,0,0,0,0,5,2,0,0,5,3,0,0,1,0,6,5,0,0,0,0,0,0,0,0,95,78,0,0,101,83,11,0,0,0,0,0,184
4813410,145902,CENTERVILLE ISD,-21939,197276,726384,896639,13410,Centerville ISD (Leon),Centerville (Leon),H,Rural,43,Rural-Remote,N,0,1,1,1,0,1,0,0,0,0,0,0,0,0,0,5,9,14,6,10,16,TX,TEXAS,CENTERVILLE ISD,0,0,0,0,0,0,0,0,1,1,12,4,0,0,13,5,0,0,2,0,38,41,3,1,1,0,0,0,28,38,262,269,1,2,333,351,79,4,1,0,66,3,684
4813440,174908,CENTRAL HEIGHTS ISD,-8989,170905,2078936,2403196,13440,Central Heights ISD,Central Heights,G,Non-metropolitan Stable,41,Rural-Fringe,N,3,3,6,0,0,0,1,0,1,0,0,0,1,1,2,30,31,61,35,35,70,TX,TEXAS,CENTRAL HEIGHTS ISD,3,4,0,0,0,1,0,0,0,0,11,17,1,1,15,23,1,4,2,1,103,100,2,1,3,11,0,0,27,18,413,418,15,22,563,570,203,3,14,0,45,37,1133
4813500,3907,CENTRAL ISD,-27256,22047,3816725,3766595,13500,Central ISD,Central,G,Non-metropolitan Stable,41,Rural-Fringe,N,2,3,5,0,1,1,0,0,0,0,0,0,1,1,2,27,34,61,30,42,72,TX,TEXAS,CENTRAL ISD,5,7,0,0,0,0,0,0,1,1,28,17,3,0,37,25,1,4,0,1,157,158,2,3,1,0,0,0,38,37,551,521,18,27,767,746,315,5,1,0,75,45,1513
4813530,100907,LUMBERTON ISD,-230413,1068099,5000350,5819654,13530,Lumberton ISD,Lumberton,D,Other Central City Suburban,22,Suburb-Midsize,N,5,5,10,1,0,1,2,1,3,0,0,0,0,0,0,84,103,187,94,111,205,TX,TEXAS,LUMBERTON ISD,5,5,0,0,2,1,0,0,0,0,45,24,1,1,53,31,3,3,24,8,176,168,10,10,15,19,0,1,7,6,1813,1691,46,39,2067,1934,344,20,34,1,13,85,4001
4813590,101905,CHANNELVIEW ISD,-10081,6256192,2510236,8701171,13590,Channelview ISD,Channelview,B,Major Suburban,21,Suburb-Large,N,112,115,227,0,2,2,4,7,11,0,0,0,14,14,28,17,17,34,149,155,304,TX,TEXAS,CHANNELVIEW ISD,181,155,3,1,4,0,0,0,14,9,15,16,2,4,219,185,138,115,36,10,3941,3665,67,50,49,44,4,4,580,523,370,335,33,25,5044,4646,7606,117,93,8,1103,58,9690
4813620,103901,CHANNING ISD,-4671,174358,-177529,-227441,13620,Channing ISD,Channing,H,Rural,43,Rural-Remote,N,0,0,0,0,0,0,0,0,0,0,0,0,0,0,0,2,2,4,2,3,5,TX,TEXAS,CHANNING ISD,1,3,0,0,0,0,0,0,0,0,4,6,0,0,5,9,0,1,0,0,22,33,0,0,0,0,0,0,0,3,63,55,1,4,86,95,55,0,0,0,3,5,181
4813650,212909,CHAPEL HILL ISD,-25803,2164017,3876927,5124114,13650,Chapel Hill ISD (Smith),Chapel Hill (Smith),D,Other Central City Suburban,41,Rural-Fringe,N,53,32,85,0,0,0,0,0,0,0,0,0,10,14,24,43,45,88,113,93,206,TX,TEXAS,CHAPEL HILL ISD,64,45,0,0,1,0,0,0,9,15,28,20,3,8,105,88,29,25,7,1,899,787,1,2,14,10,2,0,312,280,581,530,63,78,1872,1687,1686,3,24,2,592,141,3559
4813680,225906,CHAPEL HILL ISD,-31278,137759,1388826,1676479,13680,Chapel Hill ISD (Titus),Chapel Hill (Titus),G,Non-metropolitan Stable,42,Rural-Distant,N,6,10,16,0,1,1,0,0,0,0,0,0,0,2,2,41,26,67,49,39,88,TX,TEXAS,CHAPEL HILL ISD,11,6,0,0,0,1,0,0,0,1,10,10,0,2,21,20,5,3,4,3,190,194,12,22,2,6,0,0,13,15,289,291,6,16,512,544,384,34,8,0,28,22,1056
4813710,7901,CHARLOTTE ISD,-3726,1799004,-267289,1267517,13710,Charlotte ISD,Charlotte,H,Rural,42,Rural-Distant,N,17,12,29,0,0,0,0,0,0,0,0,0,0,0,0,1,5,6,18,17,35,TX,TEXAS,CHARLOTTE ISD,12,9,0,0,0,0,0,0,0,0,2,1,0,0,14,10,0,0,1,0,235,214,0,0,0,0,1,0,0,0,22,25,0,0,258,239,449,0,0,1,0,0,497
4813740,206903,CHEROKEE ISD,12600,123064,273327,430482,13740,Cherokee ISD,Cherokee,H,Rural,43,Rural-Remote,N,0,0,0,0,0,0,0,0,0,0,0,0,0,0,0,1,2,3,1,2,3,TX,TEXAS,CHEROKEE ISD,0,0,0,0,0,0,0,0,0,0,0,0,0,0,0,0,0,0,0,0,16,10,0,1,0,0,0,0,5,3,42,30,5,2,68,46,26,1,0,0,8,7,114
4813770,229906,CHESTER ISD,-330,130639,632623,781040,13770,Chester ISD,Chester,H,Rural,43,Rural-Remote,N,0,0,0,0,0,0,0,0,0,0,0,0,0,0,0,3,3,6,3,3,6,TX,TEXAS,CHESTER ISD,0,1,0,0,0,0,0,0,0,0,3,2,1,0,4,3,0,0,0,0,7,5,0,0,0,0,0,0,2,7,87,87,8,1,104,100,12,0,0,0,9,9,204
4813800,249904,CHICO ISD,-47952,1511935,-699220,869645,13800,Chico ISD,Chico,H,Rural,42,Rural-Distant,N,6,2,8,0,1,1,0,0,0,0,0,0,0,0,0,16,16,32,22,21,43,TX,TEXAS,CHICO ISD,2,3,1,0,0,0,0,0,0,0,11,17,2,0,16,20,3,1,3,1,88,77,4,1,0,0,0,0,1,1,205,204,15,10,313,293,165,5,0,0,2,25,606
4813860,38901,CHILDRESS ISD,4494,22037,779970,1065680,13860,Childress ISD,Childress,G,Non-metropolitan Stable,33,Town-Remote,N,8,8,16,0,0,0,0,1,1,0,0,0,0,0,0,28,23,51,38,32,70,TX,TEXAS,CHILDRESS ISD,11,9,0,0,1,0,0,0,2,1,10,4,0,0,24,14,1,2,6,1,234,222,3,5,11,4,1,1,26,16,306,264,9,11,590,523,456,8,15,2,42,20,1113
4813890,99902,CHILLICOTHE ISD,7921,373459,144048,1258836,13890,Chillicothe ISD,Chillicothe,H,Rural,43,Rural-Remote,N,2,4,6,0,0,0,0,0,0,0,0,0,0,0,0,4,6,10,8,10,18,TX,TEXAS,CHILLICOTHE ISD,3,5,0,0,0,0,0,0,0,0,4,3,1,0,8,8,1,3,0,0,50,48,2,0,0,0,0,1,2,0,46,61,8,2,108,112,98,2,0,1,2,10,220
4813920,73901,CHILTON ISD,-12924,133352,1233901,1466127,13920,Chilton ISD,Chilton,H,Rural,42,Rural-Distant,N,4,10,14,0,0,0,0,0,0,0,0,0,2,1,3,10,6,16,17,18,35,TX,TEXAS,CHILTON ISD,11,12,0,0,0,0,0,0,3,1,4,3,0,0,18,16,17,17,1,0,163,150,0,0,0,1,0,1,39,46,59,40,5,2,266,240,313,0,1,1,85,7,506
4813960,161920,CHINA SPRING ISD,2874,2402216,2293570,4656470,13960,China Spring ISD,China Spring,D,Other Central City Suburban,41,Rural-Fringe,N,11,12,23,0,0,0,5,1,6,0,0,0,2,3,5,121,113,234,144,133,277,TX,TEXAS,CHINA SPRING ISD,12,4,0,0,2,0,0,0,2,0,25,20,1,0,42,24,7,0,13,7,257,219,2,2,25,14,1,1,69,57,1038,989,46,34,1438,1316,476,4,39,2,126,80,2754
4813980,174901,CHIRENO ISD,-2266,958906,236638,1342693,13980,Chireno ISD,Chireno,H,Rural,43,Rural-Remote,N,2,0,2,0,0,0,0,0,0,0,0,0,1,0,1,16,9,25,19,9,28,TX,TEXAS,CHIRENO ISD,3,1,0,0,0,0,0,0,1,4,7,6,2,1,13,12,0,0,3,1,29,32,0,0,0,0,0,0,11,13,146,144,7,11,193,200,61,0,0,0,24,18,393
4814010,226901,CHRISTOVAL ISD,15620,71039,1969673,2010474,14010,Christoval ISD,Christoval,H,Rural,42,Rural-Distant,N,1,2,3,1,0,1,0,0,0,0,0,0,0,0,0,12,11,23,14,13,27,TX,TEXAS,CHRISTOVAL ISD,2,4,0,0,0,0,0,0,0,0,7,6,0,2,9,12,0,0,0,1,65,54,3,2,0,1,0,0,0,0,190,189,4,12,262,258,119,5,1,0,0,16,520
4814070,67902,CISCO ISD,37440,-239133,1114056,1353933,14070,Cisco ISD,Cisco,H,Rural,33,Town-Remote,N,0,1,1,1,0,1,0,0,0,0,0,0,0,0,0,15,15,30,17,19,36,TX,TEXAS,CISCO ISD,4,5,0,0,0,0,0,0,0,0,13,16,2,0,19,21,0,0,5,3,61,90,3,3,6,5,0,0,4,8,330,319,21,5,425,430,151,6,11,0,12,26,855
4814130,243906,CITY VIEW ISD,-34780,124034,3203761,3287245,14130,City View ISD,City View,D,Other Central City Suburban,12,City-Midsize,N,7,8,15,0,0,0,1,1,2,0,0,0,1,1,2,29,20,49,42,31,73,TX,TEXAS,CITY VIEW ISD,7,10,0,0,0,0,0,0,2,4,14,10,1,1,24,25,1,0,3,1,158,154,6,5,7,5,0,0,52,46,304,245,30,45,557,500,312,11,12,0,98,75,1057
4814160,65901,CLARENDON ISD,-26953,264039,4286,330885,14160,Clarendon ISD,Clarendon,H,Rural,43,Rural-Remote,N,2,2,4,0,0,0,0,0,0,0,0,0,0,1,1,16,18,34,19,21,40,TX,TEXAS,CLARENDON ISD,2,0,0,0,0,0,0,0,2,1,16,10,0,2,20,13,0,0,3,1,25,39,0,1,0,0,0,1,18,22,184,163,12,8,239,234,64,1,0,1,40,20,473
4814190,194904,CLARKSVILLE ISD,-18164,415717,437072,886989,14190,Clarksville ISD,Clarksville,H,Rural,33,Town-Remote,N,8,10,18,0,0,0,0,0,0,0,0,0,9,14,23,6,3,9,24,29,53,TX,TEXAS,CLARKSVILLE ISD,15,8,0,0,0,0,0,0,15,13,3,4,3,2,36,27,7,4,6,0,70,64,0,1,0,0,0,0,131,147,58,37,14,21,273,270,134,1,0,0,278,35,543
4814250,6902,CLAUDE ISD,4369,-30373,-246532,1319956,14250,Claude ISD,Claude,H,Rural,42,Rural-Distant,N,1,0,1,0,0,0,0,0,0,0,0,0,0,0,0,4,5,9,5,6,11,TX,TEXAS,CLAUDE ISD,1,4,0,1,0,1,0,0,0,0,15,3,0,0,16,9,0,0,3,1,22,19,2,3,0,1,0,0,3,1,154,154,7,5,188,183,41,5,1,0,4,12,371
4814280,84910,CLEAR CREEK ISD,760741,24796756,-2826372,24666902,14280,Clear Creek ISD,Clear Creek,B,Major Suburban,21,Suburb-Large,N,366,359,725,6,5,11,438,445,883,1,0,1,53,70,123,1357,1125,2482,2336,2130,4466,TX,TEXAS,CLEAR CREEK ISD,291,290,6,1,107,104,0,2,71,51,136,125,24,31,635,604,165,144,62,28,6525,6405,51,60,2061,2004,38,32,1836,1623,9910,9429,961,939,21382,20492,12930,111,4065,70,3459,1900,41874
4814310,126903,CLEBURNE ISD,50669,2202154,8177392,9881576,14310,Cleburne ISD,Cleburne,D,Other Central City Suburban,41,Rural-Fringe,N,89,99,188,2,2,4,3,2,5,2,3,5,5,5,10,183,196,379,294,317,611,TX,TEXAS,CLEBURNE ISD,59,73,0,3,2,0,2,3,5,8,75,50,4,6,147,143,36,44,28,12,1422,1385,22,28,17,13,45,55,128,113,1753,1538,112,91,3499,3223,2807,50,30,100,241,203,6722
4814370,146901,CLEVELAND ISD,5932,5302031,26152665,32427430,14370,Cleveland ISD,Cleveland,D,Other Central City Suburban,31,Town-Fringe,N,38,45,83,0,0,0,7,3,10,0,0,0,6,8,14,38,23,61,90,79,169,TX,TEXAS,CLEVELAND ISD,89,83,0,0,0,0,0,0,4,3,14,11,6,2,113,99,59,65,23,5,2004,1805,12,8,13,12,3,1,195,180,659,597,45,40,2931,2643,3809,20,25,4,375,85,5574
4814400,18901,CLIFTON ISD,12559,-145869,2571485,2386053,14400,Clifton ISD,Clifton,G,Non-metropolitan Stable,32,Town-Distant,N,0,0,0,0,0,0,0,0,0,0,0,0,0,0,0,24,22,46,29,22,51,TX,TEXAS,CLIFTON ISD,9,10,0,0,0,0,0,0,0,3,11,12,3,1,23,26,3,3,3,2,179,163,3,4,2,5,0,0,10,10,312,276,20,16,526,474,342,7,7,0,20,36,1000
4814430,71901,CLINT ISD,22556,4527292,9762470,15625067,14430,Clint ISD,Clint,B,Major Suburban,21,Suburb-Large,N,231,204,435,1,0,1,4,1,5,0,0,0,1,1,2,9,9,18,250,216,466,TX,TEXAS,CLINT ISD,320,300,3,3,1,0,0,0,4,0,12,17,0,3,340,323,156,156,46,16,5706,5398,10,18,6,4,0,2,21,16,132,154,25,23,5900,5615,11104,28,10,2,37,48,11515
4814450,30902,CLYDE CISD,53517,-124866,422798,382129,14450,Clyde Cons ISD,Clyde Cons,D,Other Central City Suburban,32,Town-Distant,N,4,1,5,0,0,0,0,0,0,0,0,0,0,0,0,31,37,68,35,38,73,TX,TEXAS,CLYDE CISD,6,8,0,0,0,0,0,0,0,0,24,12,4,0,34,20,2,0,7,1,106,105,0,0,0,1,0,0,9,9,612,560,21,11,748,686,211,0,1,0,18,32,1434
4814490,114902,COAHOMA ISD,-2555,1952673,1759916,6392066,14490,Coahoma ISD,Coahoma,F,Non-metropolitan Fast Growing,42,Rural-Distant,N,7,4,11,0,0,0,1,1,2,0,0,0,0,0,0,29,31,60,38,36,74,TX,TEXAS,COAHOMA ISD,1,6,0,0,0,0,0,0,0,0,5,7,0,0,6,13,0,1,3,3,155,154,3,2,1,1,0,0,1,2,269,314,9,4,438,477,309,5,2,0,3,13,915
4814520,204901,COLDSPRING-OAKHURST CISD,-14258,2188752,214367,2633962,14520,Coldspring-Oakhurst Cons ISD,Coldspring-Oakhurst Cons,E,Independent Town,42,Rural-Distant,N,5,2,7,0,0,0,0,1,1,0,0,0,2,5,7,36,28,64,44,42,86,TX,TEXAS,COLDSPRING-OAKHURST CISD,2,2,0,0,0,0,0,0,12,4,26,24,2,2,42,32,0,1,9,3,65,67,4,1,4,3,0,0,157,129,556,483,22,44,808,727,132,5,7,0,286,66,1535
4814580,91902,COLLINSVILLE ISD,23399,551884,449036,1182473,14580,Collinsville ISD,Collinsville,H,Rural,42,Rural-Distant,N,1,6,7,0,1,1,0,0,0,0,0,0,0,0,0,17,17,34,19,24,43,TX,TEXAS,COLLINSVILLE ISD,5,2,0,1,0,0,0,0,0,0,22,10,1,0,28,13,12,8,1,0,59,41,2,3,0,0,0,0,1,1,218,206,6,7,286,258,100,5,0,0,2,13,544
4814600,229901,COLMESNEIL ISD,90,261794,1403379,1708908,14600,Colmesneil ISD,Colmesneil,F,Non-metropolitan Fast Growing,42,Rural-Distant,N,0,0,0,0,0,0,0,0,0,0,0,0,0,0,0,0,2,2,0,2,2,TX,TEXAS,COLMESNEIL ISD,0,0,0,0,0,0,0,0,0,2,19,8,2,0,21,10,0,0,0,0,11,13,0,0,0,0,0,0,3,7,214,214,7,6,235,240,24,0,0,0,10,13,475
4814640,168901,COLORADO ISD,-12062,793867,383788,744274,14640,Colorado ISD,Colorado,G,Non-metropolitan Stable,41,Rural-Fringe,N,11,10,21,0,0,0,0,0,0,0,0,0,1,1,2,10,14,24,22,25,47,TX,TEXAS,COLORADO ISD,22,22,0,0,0,1,0,0,5,4,13,15,1,0,41,42,2,2,0,0,252,235,2,0,7,2,0,0,41,40,196,196,10,7,508,480,487,2,9,0,81,17,988
4814670,20907,COLUMBIA-BRAZORIA ISD,85792,1957143,848218,5346620,14670,Columbia-Brazoria ISD,Columbia-Brazoria,D,Other Central City Suburban,32,Town-Distant,N,8,9,17,1,0,1,0,0,0,0,0,0,1,4,5,42,58,100,52,72,124,TX,TEXAS,COLUMBIA-BRAZORIA ISD,14,29,0,0,0,0,0,0,3,2,20,23,4,0,41,54,8,11,4,0,463,465,1,6,2,3,0,0,161,138,921,868,54,50,1602,1530,928,7,5,0,299,104,3132
4814700,45902,COLUMBUS ISD,4479,1602931,-276286,1424670,14700,Columbus ISD,Columbus,G,Non-metropolitan Stable,33,Town-Remote,N,3,5,8,0,0,0,0,0,0,0,0,0,0,0,0,17,19,36,20,25,45,TX,TEXAS,COLUMBUS ISD,23,16,0,0,0,0,0,0,3,2,9,10,1,1,36,29,9,7,6,5,362,338,0,1,6,7,1,0,106,70,327,290,14,14,816,720,700,1,13,1,176,28,1536
4814730,46902,COMAL ISD,117987,32017091,7903709,38787400,14730,Comal ISD,Comal,B,Major Suburban,41,Rural-Fringe,N,358,311,669,4,0,4,27,28,55,0,2,2,12,15,27,1031,808,1839,1494,1210,2704,TX,TEXAS,COMAL ISD,140,126,0,0,13,8,1,0,11,4,88,76,7,6,260,220,53,39,108,55,4708,4554,33,18,150,182,18,13,261,212,6200,5890,462,388,11832,11257,9262,51,332,31,473,850,23089
4814760,47901,COMANCHE ISD,9160,1091028,135178,-921451,14760,Comanche ISD,Comanche,G,Non-metropolitan Stable,41,Rural-Fringe,N,9,7,16,0,0,0,0,0,0,0,0,0,0,0,0,26,22,48,36,29,65,TX,TEXAS,COMANCHE ISD,21,28,0,0,0,0,0,0,0,0,20,16,0,0,41,44,1,10,7,6,329,333,5,2,3,0,0,0,1,2,329,304,10,9,677,650,662,7,3,0,3,19,1327
4814790,130902,COMFORT ISD,5376,798940,84974,897081,14790,Comfort ISD,Comfort,E,Independent Town,32,Town-Distant,N,5,5,10,0,0,0,0,0,0,0,0,0,0,0,0,6,15,21,11,25,36,TX,TEXAS,COMFORT ISD,14,16,0,0,0,0,0,0,0,0,9,14,0,0,23,30,6,6,2,2,322,304,2,1,0,3,0,0,0,1,241,215,2,11,567,535,626,3,3,0,1,13,1102
4814820,116903,COMMERCE ISD,-141664,615597,1262161,2358030,14820,Commerce ISD,Commerce,G,Non-metropolitan Stable,41,Rural-Fringe,N,1,5,6,0,0,0,1,6,7,0,1,1,1,2,3,36,29,65,41,45,86,TX,TEXAS,COMMERCE ISD,9,7,0,0,1,0,1,0,12,12,13,12,4,8,40,39,5,6,3,1,174,175,3,6,23,11,6,12,162,162,317,369,40,54,725,789,349,9,34,18,324,94,1514
4814850,43918,COMMUNITY ISD,50143,3383092,4148712,6992577,14850,Community ISD,Community,D,Other Central City Suburban,41,Rural-Fringe,N,25,21,46,0,1,1,4,1,5,0,1,1,5,3,8,62,52,114,102,82,184,TX,TEXAS,COMMUNITY ISD,21,20,0,0,0,0,0,0,4,2,29,8,2,0,56,30,15,17,19,2,375,434,3,9,26,5,1,1,64,58,619,589,36,39,1124,1135,809,12,31,2,122,75,2259
4814880,112908,COMO-PICKTON CISD,17908,83706,1208313,1275762,14880,Como-Pickton Cons ISD,Como-Pickton Cons,H,Rural,42,Rural-Distant,N,3,4,7,0,0,0,0,3,3,0,0,0,0,0,0,19,11,30,22,18,40,TX,TEXAS,COMO-PICKTON CISD,11,5,0,0,0,0,0,0,2,0,7,7,0,0,20,12,8,4,2,1,166,152,1,3,2,2,0,0,11,6,200,188,7,8,387,359,318,4,4,0,17,15,746
4814920,233903,COMSTOCK ISD,82410,100713,73372,189983,14920,Comstock ISD,Comstock,H,Rural,43,Rural-Remote,N,5,3,8,0,0,0,0,1,1,0,0,0,0,0,0,4,2,6,9,6,15,TX,TEXAS,COMSTOCK ISD,0,0,0,0,0,0,0,0,0,0,0,0,0,0,0,0,0,0,0,0,55,50,0,0,0,1,0,0,2,2,41,56,2,3,100,112,105,0,1,0,4,5,212
4814970,161921,CONNALLY ISD,-62637,1995753,2964009,4728916,14970,Connally ISD,Connally,D,Other Central City Suburban,22,Suburb-Midsize,N,19,15,34,0,0,0,0,2,2,0,0,0,16,3,19,32,23,55,73,46,119,TX,TEXAS,CONNALLY ISD,10,18,0,0,0,1,0,0,19,19,28,13,4,3,61,54,5,8,4,3,409,382,3,6,4,6,0,0,374,402,341,299,49,60,1180,1155,791,9,10,0,776,109,2335
4815000,170902,CONROE ISD,-43470,30067923,39136015,73069253,15000,Conroe ISD,Conroe,C,Other Central City,13,City-Small,N,458,400,858,7,5,12,322,273,595,6,1,7,74,72,146,1501,1308,2809,2482,2154,4636,TX,TEXAS,CONROE ISD,406,381,13,17,35,32,1,1,93,81,313,246,11,3,872,761,328,344,213,92,11410,10869,171,166,1418,1309,69,55,2398,2285,15237,14383,903,875,31606,29942,22279,337,2727,124,4683,1778,61548
4815120,147901,COOLIDGE ISD,-396,84990,727639,948960,15120,Coolidge ISD,Coolidge,H,Rural,42,Rural-Distant,N,1,0,1,0,0,0,0,0,0,0,0,0,0,0,0,2,0,2,3,0,3,TX,TEXAS,COOLIDGE ISD,6,3,0,0,0,0,0,0,0,3,4,0,1,1,11,7,2,3,0,1,82,81,0,0,0,0,0,0,30,26,48,31,5,4,165,142,163,0,0,0,56,9,307
4815150,60902,COOPER ISD,12526,365302,895172,1415757,15150,Cooper ISD,Cooper,H,Rural,43,Rural-Remote,N,3,4,7,0,1,1,1,0,1,0,0,0,1,0,1,38,37,75,46,43,89,TX,TEXAS,COOPER ISD,4,6,0,0,0,0,0,0,5,5,20,14,1,2,30,27,2,1,4,2,40,56,4,5,3,1,0,0,39,38,304,296,22,14,412,410,96,9,4,0,77,36,822
4815180,152906,LUBBOCK-COOPER ISD,21560,6648491,5373265,12300008,15180,Lubbock-Cooper ISD,Lubbock-Cooper,D,Other Central City Suburban,41,Rural-Fringe,N,19,15,34,0,0,0,4,6,10,0,0,0,1,2,3,108,91,199,135,118,253,TX,TEXAS,LUBBOCK-COOPER ISD,56,47,0,0,4,3,0,0,3,7,50,54,2,1,115,112,12,6,8,4,1163,1107,5,5,68,38,1,1,79,78,1815,1777,79,70,3210,3076,2270,10,106,2,157,149,6286
4815210,57922,COPPELL ISD,336886,16421099,-1531769,15384618,15210,Coppell ISD,Coppell,B,Major Suburban,21,Suburb-Large,N,74,66,140,1,4,5,664,600,1264,1,0,1,19,9,28,346,246,592,1140,953,2093,TX,TEXAS,COPPELL ISD,21,12,0,0,87,57,0,0,5,1,19,8,2,1,134,79,83,59,56,23,860,829,13,26,2958,3019,6,5,289,266,2117,1841,207,186,6450,6172,1689,39,5977,11,555,393,12622
4815240,50910,COPPERAS COVE ISD,-398093,1558893,17090823,2490431,15240,Copperas Cove ISD,Copperas Cove,D,Other Central City Suburban,22,Suburb-Midsize,N,66,39,105,1,1,2,6,10,16,5,3,8,22,21,43,165,134,299,289,229,518,TX,TEXAS,COPPERAS COVE ISD,85,80,1,1,1,1,2,6,49,44,90,139,23,48,251,319,13,18,36,19,1145,1031,21,20,55,69,87,79,712,688,1706,1701,412,427,4138,4015,2176,41,124,166,1400,839,8153
4815270,178904,CORPUS CHRISTI ISD,61695,3697440,8320048,14482436,15270,Corpus Christi ISD,Corpus Christi,C,Other Central City,11,City-Large,N,287,252,539,0,1,1,73,80,153,1,0,1,18,17,35,187,175,362,575,533,1108,TX,TEXAS,CORPUS CHRISTI ISD,592,540,0,0,13,10,0,0,22,13,67,48,3,4,697,615,85,77,136,43,15577,14700,39,30,399,358,21,21,747,687,2696,2463,139,145,19618,18404,30277,69,757,42,1434,284,38022
4815300,187904,CORRIGAN-CAMDEN ISD,2394,79859,25684,705338,15300,Corrigan-Camden ISD,Corrigan-Camden,H,Rural,43,Rural-Remote,N,5,8,13,0,0,0,0,0,0,0,0,0,5,0,5,18,13,31,28,22,50,TX,TEXAS,CORRIGAN-CAMDEN ISD,21,14,0,0,0,1,0,0,13,15,21,23,3,1,58,54,10,2,9,3,187,147,1,0,1,2,0,0,124,114,165,135,7,7,485,405,334,1,3,0,238,14,890
4815330,175903,CORSICANA ISD,87374,4320455,2392109,7464404,15330,Corsicana ISD,Corsicana,D,Other Central City Suburban,32,Town-Distant,N,85,82,167,0,0,0,4,6,10,4,3,7,15,18,33,133,99,232,248,219,467,TX,TEXAS,CORSICANA ISD,83,77,0,0,0,1,8,2,28,22,30,20,6,5,155,127,48,44,29,14,1555,1411,4,4,22,16,94,79,501,475,852,735,85,82,3113,2802,2966,8,38,173,976,167,5915
4815360,95902,COTTON CENTER ISD,-8548,4032,313645,269841,15360,Cotton Center ISD,Cotton Center,H,Rural,42,Rural-Distant,N,0,0,0,0,0,0,0,0,0,0,0,0,0,0,0,0,3,3,0,3,3,TX,TEXAS,COTTON CENTER ISD,6,1,0,0,0,0,0,0,0,0,3,3,0,0,9,4,1,0,0,0,38,30,0,0,0,0,0,0,0,0,24,24,0,1,62,55,68,0,0,0,0,1,117
4815400,142901,COTULLA ISD,-27716,7297591,128285,7907677,15400,Cotulla ISD,Cotulla,D,Other Central City Suburban,33,Town-Remote,N,62,53,115,0,0,0,0,0,0,0,0,0,0,1,1,4,8,12,70,63,133,TX,TEXAS,COTULLA ISD,41,35,0,0,0,0,0,0,0,0,1,1,0,0,42,36,2,1,6,1,658,652,0,2,1,1,0,0,0,1,26,35,3,4,688,695,1310,2,2,0,1,7,1383
4815420,246914,COUPLAND ISD,-1627,259923,199581,499098,15420,Coupland ISD,Coupland,H,Rural,42,Rural-Distant,N,2,4,6,0,0,0,0,1,1,0,1,1,2,0,2,3,5,8,7,11,18,TX,TEXAS,COUPLAND ISD,1,0,0,0,0,0,0,0,0,0,0,0,0,0,1,0,1,0,1,0,24,26,0,2,0,2,0,2,2,1,54,46,3,4,83,83,50,2,2,2,3,7,166
4815480,109903,COVINGTON ISD,499,146821,763391,904423,15480,Covington ISD,Covington,H,Rural,42,Rural-Distant,N,2,0,2,0,1,1,0,0,0,0,0,0,0,0,0,5,4,9,7,5,12,TX,TEXAS,COVINGTON ISD,1,1,0,0,0,0,0,0,0,0,6,12,0,0,7,13,0,0,0,2,25,16,1,1,0,1,0,0,0,0,110,122,4,6,140,146,41,2,1,0,0,10,286
4815510,129901,CRANDALL ISD,9431,3866981,7807343,11580601,15510,Crandall ISD,Crandall,B,Major Suburban,41,Rural-Fringe,N,18,24,42,0,0,0,4,2,6,0,0,0,8,5,13,86,71,157,119,107,226,TX,TEXAS,CRANDALL ISD,44,38,0,0,0,1,1,0,17,17,22,19,3,1,87,76,28,16,12,6,597,617,4,7,10,10,1,2,314,290,1052,1003,65,73,2043,2002,1214,11,20,3,604,138,4045
4815540,52901,CRANE ISD,-10478,4319265,-5392444,-942428,15540,Crane ISD,Crane,D,Other Central City Suburban,32,Town-Distant,N,19,19,38,0,0,0,1,0,1,0,0,0,0,2,2,12,14,26,32,35,67,TX,TEXAS,CRANE ISD,29,40,0,0,1,0,0,0,0,0,5,7,0,0,35,47,10,15,4,3,463,449,2,2,5,3,0,0,12,6,107,106,2,1,591,567,912,4,8,0,18,3,1158
4815570,18908,CRANFILLS GAP ISD,105,41912,299199,348099,15570,Cranfills Gap ISD,Cranfills Gap,H,Rural,43,Rural-Remote,N,0,0,0,0,0,0,0,0,0,0,0,0,0,0,0,0,0,0,0,0,0,TX,TEXAS,CRANFILLS GAP ISD,1,4,0,0,0,0,0,0,0,0,0,5,0,1,1,10,1,1,0,0,21,24,0,0,0,0,0,0,2,1,49,46,0,6,72,77,45,0,0,0,3,6,149
4815600,161901,CRAWFORD ISD,-8763,362606,1512864,1889232,15600,Crawford ISD,Crawford,H,Rural,42,Rural-Distant,N,0,0,0,0,0,0,0,1,1,0,0,0,0,0,0,15,7,22,15,8,23,TX,TEXAS,CRAWFORD ISD,0,0,0,0,0,0,0,0,0,0,0,0,0,0,0,0,0,0,0,0,13,22,1,0,0,4,0,1,3,6,252,240,3,2,272,275,35,1,4,1,9,5,547
4815690,53001,CROCKETT COUNTY CONSOLIDATED CSD,-30099,3135839,-1946277,1236377,15690,Crockett County Cons CSD,Crockett County Cons CSD,H,Rural,33,Town-Remote,N,14,7,21,0,0,0,1,0,1,0,0,0,0,0,0,16,14,30,31,21,52,TX,TEXAS,CROCKETT COUNTY CONSOLIDATED CSD,22,14,0,0,0,0,0,0,0,0,3,3,0,1,25,18,4,2,2,0,296,294,4,2,1,0,0,0,0,3,77,80,0,1,378,380,590,6,1,0,3,1,758
4815720,113901,CROCKETT ISD,-2227,-735765,1140220,544021,15720,Crockett ISD,Crockett,G,Non-metropolitan Stable,33,Town-Remote,N,15,6,21,1,0,1,0,0,0,0,0,0,3,10,13,12,10,22,32,27,59,TX,TEXAS,CROCKETT ISD,11,5,0,0,0,2,0,0,27,24,3,5,1,2,42,38,5,2,0,0,214,201,2,2,3,7,1,0,340,323,100,103,14,21,674,657,415,4,10,1,663,35,1331
4815750,101906,CROSBY ISD,-293516,2130184,9709034,12490074,15750,Crosby ISD,Crosby,B,Major Suburban,41,Rural-Fringe,N,37,17,54,0,0,0,1,1,2,0,0,0,11,8,19,95,86,181,148,115,263,TX,TEXAS,CROSBY ISD,68,46,0,0,1,0,0,0,17,24,35,38,2,1,123,109,42,28,32,16,1228,1120,12,8,10,12,0,1,474,439,1421,1287,64,63,3209,2930,2348,20,22,1,913,127,6139
4815810,30901,CROSS PLAINS ISD,-12889,493663,479074,1003705,15810,Cross Plains ISD,Cross Plains,H,Rural,43,Rural-Remote,N,0,0,0,0,0,0,0,0,0,0,0,0,0,0,0,13,14,27,13,14,27,TX,TEXAS,CROSS PLAINS ISD,0,2,1,0,0,0,0,0,0,0,7,9,0,0,8,11,0,0,0,0,23,20,2,1,1,0,0,0,0,0,179,148,1,1,206,170,43,3,1,0,0,2,376
4815840,107904,CROSS ROADS ISD,-12797,464841,1261735,1770710,15840,Cross Roads ISD,Cross Roads,H,Rural,42,Rural-Distant,N,1,0,1,0,0,0,0,0,0,0,0,0,0,0,0,6,12,18,7,13,20,TX,TEXAS,CROSS ROADS ISD,0,0,0,0,0,0,0,0,0,0,6,4,0,1,6,5,0,0,0,0,19,22,0,1,1,0,0,0,2,2,252,234,4,7,278,266,41,1,1,0,4,11,544
4815870,78901,CROWELL ISD,-7197,97751,321892,661115,15870,Crowell ISD,Crowell,H,Rural,43,Rural-Remote,N,0,2,2,0,0,0,0,1,1,0,0,0,0,0,0,2,2,4,2,5,7,TX,TEXAS,CROWELL ISD,4,3,0,0,0,0,0,0,0,0,5,5,1,0,10,8,0,0,0,1,40,47,0,0,2,2,0,0,2,1,58,57,4,3,106,110,87,0,4,0,3,7,216
4815910,220912,CROWLEY ISD,-37330,15313430,6166957,22244791,15910,Crowley ISD,Crowley,B,Major Suburban,11,City-Large,N,205,171,376,1,1,2,66,52,118,0,3,3,109,126,235,163,141,304,569,520,1089,TX,TEXAS,CROWLEY ISD,100,98,0,2,13,20,0,0,82,79,30,22,6,8,231,229,76,84,9,5,2502,2388,21,30,345,317,14,23,3426,3286,1228,1101,278,266,7814,7411,4890,51,662,37,6712,544,15225
4815930,254901,CRYSTAL CITY ISD,-22307,-237011,2465393,2400997,15930,Crystal City ISD,Crystal City,G,Non-metropolitan Stable,33,Town-Remote,N,54,67,121,0,0,0,1,0,1,0,0,0,0,0,0,0,1,1,55,68,123,TX,TEXAS,CRYSTAL CITY ISD,76,70,0,0,0,0,0,0,1,0,1,0,0,0,78,70,2,3,9,5,998,937,0,1,1,2,0,0,4,8,6,9,0,1,1009,958,1935,1,3,0,12,1,1967
4815960,62901,CUERO ISD,42895,3693463,2749002,7033457,15960,Cuero ISD,Cuero,G,Non-metropolitan Stable,32,Town-Distant,N,9,13,22,0,0,0,0,1,1,0,0,0,2,3,5,29,29,58,40,49,89,TX,TEXAS,CUERO ISD,21,21,0,0,0,0,0,0,3,4,11,6,1,0,36,31,1,2,4,3,517,455,1,3,4,5,1,0,127,120,426,344,23,20,1099,947,972,4,9,1,247,43,2046
4815990,55901,CULBERSON COUNTY-ALLAMOORE ISD,82619,4780262,372465,5365624,15990,Culberson County-Allamore ISD,Culberson County-Allamore,H,Rural,43,Rural-Remote,N,10,10,20,0,0,0,0,0,0,0,0,0,0,0,0,0,1,1,10,11,21,TX,TEXAS,CULBERSON COUNTY-ALLAMOORE ISD,17,4,0,0,0,0,0,0,0,0,0,1,0,0,17,5,0,0,0,0,172,180,2,0,2,2,0,1,0,0,13,12,4,2,193,197,352,2,4,1,0,6,390
4816020,112905,CUMBY ISD,-15929,77232,1186854,1268034,16020,Cumby ISD,Cumby,H,Rural,42,Rural-Distant,N,0,2,2,0,0,0,0,0,0,0,0,0,0,0,0,15,12,27,15,14,29,TX,TEXAS,CUMBY ISD,1,1,2,0,0,0,0,0,0,0,13,18,1,0,17,19,1,1,1,4,17,24,3,5,0,0,2,1,4,1,173,151,4,5,203,187,41,8,0,3,5,9,390
4816080,174902,CUSHING ISD,22873,-68082,-168216,-195684,16080,Cushing ISD,Cushing,H,Rural,43,Rural-Remote,N,0,2,2,0,1,1,0,0,0,0,0,0,1,0,1,7,10,17,9,13,22,TX,TEXAS,CUSHING ISD,5,1,0,0,0,0,0,0,0,1,17,11,0,0,22,13,0,1,1,0,35,33,3,2,0,3,1,1,18,18,219,193,18,14,294,264,68,5,3,2,36,32,558
4816110,101907,CYPRESS-FAIRBANKS ISD,878675,30852051,17207874,64489301,16110,Cypress-Fairbanks ISD,Cypress-Fairbanks,B,Major Suburban,21,Suburb-Large,N,717,671,1388,19,9,28,884,808,1692,2,5,7,266,233,499,1577,1325,2902,3607,3199,6806,TX,TEXAS,CYPRESS-FAIRBANKS ISD,1227,1022,27,31,241,227,2,0,422,358,288,222,58,31,2265,1891,1014,953,509,209,26489,25686,447,350,5601,5180,55,61,10872,10122,14580,13834,1553,1519,59597,56752,52175,797,10781,116,20994,3072,116349
4816140,163902,D'HANIS ISD,-319,168359,-1196558,-917982,16140,D'Hanis ISD,D'Hanis,H,Rural,42,Rural-Distant,N,7,4,11,0,0,0,0,1,1,0,0,0,0,0,0,22,7,29,30,13,43,TX,TEXAS,D'HANIS ISD,3,5,0,0,0,0,0,0,0,0,4,3,0,0,7,8,0,0,2,0,102,92,0,0,0,1,0,0,0,0,85,97,2,2,189,192,194,0,1,0,0,4,381
4816180,172902,DAINGERFIELD-LONE STAR ISD,-13574,-760498,2858580,1892171,16180,Daingerfield-Lone Star ISD,Daingerfield-Lone Star,G,Non-metropolitan Stable,32,Town-Distant,N,5,1,6,0,0,0,0,0,0,0,0,0,1,6,7,5,11,16,12,18,30,TX,TEXAS,DAINGERFIELD-LONE STAR ISD,7,8,0,0,0,0,0,0,17,10,16,5,6,1,46,24,3,4,14,3,106,90,1,1,5,3,0,0,205,185,206,160,43,21,566,460,196,2,8,0,390,64,1026
4816200,56901,DALHART ISD,5031,1116229,-2320973,-1413881,16200,Dalhart ISD,Dalhart,G,Non-metropolitan Stable,41,Rural-Fringe,N,3,4,7,1,0,1,0,0,0,0,0,0,0,0,0,19,7,26,23,11,34,TX,TEXAS,DALHART ISD,37,39,0,0,0,1,0,0,1,1,12,9,2,0,52,50,10,9,4,3,540,511,5,3,3,5,0,0,13,7,351,314,10,11,922,851,1051,8,8,0,20,21,1773
4816230,57905,DALLAS ISD,3081818,292441063,-156178232,148151732,16230,Dallas ISD,Dallas,A,Major Urban,11,City-Large,N,7066,8589,15655,13,23,36,171,228,399,4,8,12,1412,1961,3373,956,1152,2108,9735,12089,21824,TX,TEXAS,DALLAS INDEPENDENT SCHOOL DISTRICT,4256,4176,5,9,101,76,2,0,1781,1693,177,161,75,77,6397,6192,3087,3054,485,177,56057,53763,173,182,1039,1095,37,36,18064,17138,3908,3870,679,698,79957,76782,109820,355,2134,73,35202,1377,156739
4816260,20910,DAMON ISD,8033,177922,-668334,-363947,16260,Damon ISD,Damon,H,Rural,42,Rural-Distant,N,4,3,7,0,0,0,0,0,0,0,0,0,0,0,0,1,6,7,5,9,14,TX,TEXAS,DAMON ISD,5,9,0,0,0,0,0,0,0,0,7,6,3,3,15,18,1,2,2,1,62,44,0,0,0,0,0,0,3,1,37,51,4,8,106,104,106,0,0,0,4,12,210
4816290,20904,DANBURY ISD,9428,235934,1656493,1760844,16290,Danbury ISD,Danbury,H,Rural,41,Rural-Fringe,N,4,4,8,0,1,1,1,1,2,0,0,0,0,0,0,25,20,45,31,26,57,TX,TEXAS,DANBURY ISD,1,1,0,0,0,0,0,0,0,0,6,9,0,1,7,11,7,13,2,1,69,74,3,1,1,3,0,0,3,3,292,264,14,6,382,351,143,4,4,0,6,20,733
4816320,148905,DARROUZETT ISD,52,71187,69161,163052,16320,Darrouzett ISD,Darrouzett,H,Rural,43,Rural-Remote,N,0,0,0,0,0,0,0,0,0,0,0,0,0,0,0,2,1,3,2,1,3,TX,TEXAS,DARROUZETT ISD,3,1,0,0,0,0,0,0,0,0,2,0,1,0,6,1,0,0,0,0,29,25,1,0,0,0,0,0,0,0,32,19,7,3,69,47,54,1,0,0,0,10,116
4816350,58902,DAWSON ISD,-1360,239993,-192372,112770,16350,Dawson ISD (Dawson),Dawson (Dawson),H,Rural,43,Rural-Remote,N,2,3,5,0,0,0,0,0,0,0,0,0,0,0,0,4,2,6,6,5,11,TX,TEXAS,DAWSON ISD,0,0,0,0,0,0,0,0,0,0,0,0,0,0,0,0,0,0,0,0,34,37,0,0,0,0,0,0,0,0,33,21,3,2,70,60,71,0,0,0,0,5,130
4816380,175904,DAWSON ISD,-1815,189611,1610738,1922970,16380,Dawson ISD (Navarro),Dawson (Navarro),F,Non-metropolitan Fast Growing,43,Rural-Remote,N,3,2,5,0,1,1,0,0,0,0,0,0,0,1,1,30,13,43,33,17,50,TX,TEXAS,DAWSON ISD,4,4,0,0,0,0,0,0,1,1,6,12,1,0,12,17,2,2,1,1,43,49,3,1,0,1,0,0,23,17,185,157,4,5,258,230,92,4,1,0,40,9,488
4816410,146902,DAYTON ISD,859161,3568717,3416813,7698079,16410,Dayton ISD,Dayton,E,Independent Town,32,Town-Distant,N,26,29,55,2,1,3,1,4,5,0,0,0,5,6,11,62,54,116,99,96,195,TX,TEXAS,DAYTON ISD,60,52,0,2,1,0,0,0,11,11,29,30,3,3,104,98,42,32,10,4,1225,1121,15,15,14,13,0,1,191,195,1302,1171,68,52,2815,2568,2346,30,27,1,386,120,5383
4816440,47902,DE LEON ISD,44269,3129,1557709,1709809,16440,De Leon ISD,De Leon,H,Rural,43,Rural-Remote,N,6,1,7,0,0,0,0,0,0,0,0,0,0,0,0,17,13,30,23,16,39,TX,TEXAS,DE LEON ISD,9,5,0,0,0,0,0,0,0,0,14,8,0,0,23,13,2,2,6,1,131,117,1,1,1,2,0,0,1,2,241,221,4,6,379,349,248,2,3,0,3,10,728
4816500,249905,DECATUR ISD,8892,6298836,-1540581,4449930,16500,Decatur ISD,Decatur,E,Independent Town,32,Town-Distant,N,14,17,31,2,0,2,3,1,4,0,0,0,0,0,0,124,104,228,143,123,266,TX,TEXAS,DECATUR ISD,13,20,0,0,2,0,0,0,0,1,12,13,0,1,27,35,9,9,2,3,601,570,11,10,13,18,0,0,16,19,1041,972,25,34,1707,1623,1171,21,31,0,35,59,3330
4816530,101908,DEER PARK ISD,149340,16706531,8997623,26812068,16530,Deer Park ISD,Deer Park,B,Major Suburban,21,Suburb-Large,N,171,133,304,1,0,1,12,8,20,0,0,0,1,3,4,250,232,482,448,386,834,TX,TEXAS,DEER PARK ISD,119,117,0,0,2,1,1,0,3,5,75,45,2,3,202,171,35,40,57,34,3742,3683,6,13,73,59,2,4,184,142,2431,2391,128,134,6566,6426,7425,19,132,6,326,262,12992
4816570,19901,DEKALB ISD,-7629,118920,1259283,1373332,16570,De Kalb ISD,De Kalb,H,Rural,42,Rural-Distant,N,2,1,3,0,0,0,0,0,0,0,0,0,0,1,1,34,18,52,37,21,58,TX,TEXAS,DEKALB ISD,9,7,0,0,0,0,0,0,5,11,21,16,1,2,36,36,3,3,2,0,52,45,4,3,0,1,0,0,78,89,289,223,25,22,448,383,97,7,1,0,167,47,831
4816620,227910,DEL VALLE ISD,-26680,22473451,-16938330,10979550,16620,Del Valle ISD,Del Valle,B,Major Suburban,41,Rural-Fringe,N,210,188,398,0,0,0,3,2,5,0,0,0,20,22,42,25,28,53,267,251,518,TX,TEXAS,DEL VALLE ISD,185,199,0,0,1,1,0,0,12,9,7,8,4,2,209,219,85,80,22,12,4871,4642,6,4,33,27,1,2,490,461,217,241,73,83,5691,5460,9513,10,60,3,951,156,11151
4816650,115903,DELL CITY ISD,-1379,42695,104964,106064,16650,Dell City ISD,Dell City,H,Rural,43,Rural-Remote,N,1,0,1,0,0,0,0,0,0,0,0,0,0,0,0,2,0,2,3,0,3,TX,TEXAS,DELL CITY ISD,0,0,0,0,0,0,0,0,0,0,0,0,0,0,0,0,0,0,0,0,25,23,0,0,0,0,1,0,0,0,18,11,0,0,44,34,48,0,0,1,0,0,78
4816710,91903,DENISON ISD,-128416,3850271,3028110,6708821,16710,Denison ISD,Denison,D,Other Central City Suburban,13,City-Small,N,8,4,12,2,4,6,1,1,2,0,0,0,2,1,3,62,57,119,83,71,154,TX,TEXAS,DENISON ISD,29,28,1,2,0,0,0,0,16,18,51,42,9,8,106,98,18,12,17,11,479,436,54,46,16,15,0,1,244,238,1398,1356,191,187,2382,2279,915,100,31,1,482,378,4661
4816740,61901,DENTON ISD,731948,48849054,3459044,50487222,16740,Denton ISD,Denton,C,Other Central City,12,City-Midsize,N,319,314,633,6,10,16,83,83,166,2,3,5,97,115,212,1016,1000,2016,1569,1561,3130,TX,TEXAS,DENTON ISD,260,250,2,0,28,28,1,0,119,103,134,104,3,9,547,494,226,203,115,49,4689,4572,97,82,459,471,26,29,2350,2121,7183,6717,275,272,15079,14264,9261,179,930,55,4471,547,29343
4816770,251901,DENVER CITY ISD,614,5036339,-6167308,-802166,16770,Denver City ISD,Denver City,G,Non-metropolitan Stable,33,Town-Remote,N,21,8,29,0,0,0,0,1,1,0,0,0,1,0,1,17,19,36,39,28,67,TX,TEXAS,DENVER CITY ISD,34,26,0,1,1,0,0,0,0,0,2,0,0,0,37,27,8,9,1,2,702,681,1,1,6,6,0,0,8,4,139,121,8,6,864,819,1383,2,12,0,12,14,1683
4816860,57906,DESOTO ISD,-324132,6572175,-8130447,-791754,16860,DeSoto ISD,DeSoto,B,Major Suburban,21,Suburb-Large,N,79,77,156,0,0,0,4,3,7,1,0,1,271,256,527,14,10,24,375,355,730,TX,TEXAS,DESOTO ISD,55,44,0,0,0,0,0,1,158,136,5,4,5,11,223,196,31,29,30,7,968,859,3,7,13,13,1,2,3842,3517,121,110,78,115,5026,4623,1827,10,26,3,7359,193,9649
4816890,194905,DETROIT ISD,-4449,19533,1237589,1223409,16890,Detroit ISD,Detroit,H,Rural,43,Rural-Remote,N,0,0,0,0,0,0,0,0,0,0,0,0,0,0,0,26,26,52,26,27,53,TX,TEXAS,DETROIT ISD,2,0,0,0,0,0,0,0,7,3,36,29,0,3,45,35,0,0,3,1,10,10,0,0,0,1,0,0,26,22,225,207,10,10,271,250,20,0,1,0,48,20,521
4816920,146903,DEVERS ISD,656,674393,-435065,310324,16920,Devers ISD,Devers,H,Rural,42,Rural-Distant,N,0,0,0,0,0,0,0,0,0,0,0,0,3,1,4,7,4,11,10,5,15,TX,TEXAS,DEVERS ISD,2,1,0,0,0,0,0,0,0,1,6,2,0,0,8,4,1,0,0,0,28,24,0,0,0,1,1,0,5,2,55,58,1,0,90,85,52,0,1,1,7,1,175
4816950,163901,DEVINE ISD,-36771,131020,1680997,1912268,16950,Devine ISD,Devine,E,Independent Town,41,Rural-Fringe,N,19,15,34,0,0,0,0,0,0,1,1,2,0,0,0,40,38,78,60,55,115,TX,TEXAS,DEVINE ISD,37,36,0,0,0,1,0,0,0,1,10,15,0,0,47,53,3,5,14,6,660,602,0,1,0,2,1,1,4,2,376,341,19,5,1060,954,1262,1,2,2,6,24,2014
4816980,81906,DEW ISD,1207,822076,-443982,431527,16980,Dew ISD,Dew,H,Rural,42,Rural-Distant,N,0,0,0,0,0,0,0,0,0,0,0,0,0,0,0,2,0,2,2,1,3,TX,TEXAS,DEW ISD,0,0,0,0,0,0,0,0,1,1,2,6,0,0,3,7,0,0,0,0,8,5,0,0,0,0,0,0,8,5,68,54,1,6,85,70,13,0,0,0,13,7,155
4817010,176903,DEWEYVILLE ISD,1247,102874,-6343,-3004180,17010,Deweyville ISD,Deweyville,H,Rural,42,Rural-Distant,N,1,0,1,0,0,0,0,0,0,0,0,0,0,0,0,12,14,26,13,14,27,TX,TEXAS,DEWEYVILLE ISD,2,0,1,0,0,0,0,0,0,0,18,11,0,0,21,11,0,0,2,0,14,8,5,4,0,0,0,0,7,9,279,254,2,3,307,278,22,9,0,0,16,5,585
4817040,3905,DIBOLL ISD,17913,-44207,3813480,3612118,17040,Diboll ISD,Diboll,G,Non-metropolitan Stable,33,Town-Remote,N,8,14,22,0,0,0,0,0,0,0,0,0,2,0,2,24,18,42,36,32,68,TX,TEXAS,DIBOLL ISD,43,58,0,0,0,0,0,0,14,11,23,29,2,3,82,101,14,14,5,1,506,508,0,2,5,2,0,0,120,105,317,274,17,19,965,910,1014,2,7,0,225,36,1875
4817070,84901,DICKINSON ISD,1104791,5617465,6171701,14923696,17070,Dickinson ISD,Dickinson,C,Other Central City,22,Suburb-Midsize,N,94,90,184,1,0,1,7,12,19,1,0,1,21,19,40,146,141,287,275,273,548,TX,TEXAS,DICKINSON ISD,120,133,0,1,4,0,1,1,15,23,36,33,6,3,182,194,82,79,13,6,2854,2660,13,19,104,109,8,7,879,867,1569,1510,136,126,5563,5298,5514,32,213,15,1746,262,10861
4817100,82902,DILLEY ISD,-15727,4377910,-1408292,3332904,17100,Dilley ISD,Dilley,G,Non-metropolitan Stable,41,Rural-Fringe,N,32,29,61,0,0,0,0,0,0,0,0,0,0,0,0,6,11,17,38,40,78,TX,TEXAS,DILLEY ISD,27,20,1,0,0,0,0,0,0,0,2,0,0,0,30,20,0,0,3,0,472,400,1,0,1,5,0,0,2,1,50,47,0,1,526,454,872,1,6,0,3,1,980
4817130,144903,DIME BOX ISD,-2622,600473,106542,705573,17130,Dime Box ISD,Dime Box,H,Rural,43,Rural-Remote,N,1,2,3,0,0,0,0,0,0,0,0,0,1,0,1,1,3,4,4,5,9,TX,TEXAS,DIME BOX ISD,1,1,0,0,0,0,0,0,0,4,1,1,0,0,2,6,0,0,0,1,33,28,0,0,0,0,0,0,27,29,21,19,4,4,85,80,61,0,0,0,56,8,165
4817160,35901,DIMMITT ISD,794,-3110715,1641133,-1476843,17160,Dimmitt ISD,Dimmitt,D,Other Central City Suburban,33,Town-Remote,N,14,16,30,0,0,0,0,3,3,0,0,0,0,0,0,10,9,19,24,29,53,TX,TEXAS,DIMMITT ISD,54,33,1,0,1,0,0,0,0,1,4,1,0,0,60,35,11,12,2,1,544,539,1,1,2,5,0,0,12,11,67,49,0,1,626,606,1083,2,7,0,23,1,1232
4817190,133905,DIVIDE ISD,0,34418,3039,41177,17190,Divide ISD,Divide,H,Rural,43,Rural-Remote,N,0,0,0,0,0,0,0,0,0,0,0,0,0,0,0,0,0,0,0,0,0,TX,TEXAS,DIVIDE ISD,0,0,0,0,0,0,0,0,0,0,4,0,0,0,4,0,0,0,0,0,1,2,0,0,0,0,0,0,0,0,9,5,1,0,11,7,3,0,0,0,0,1,18
4817280,74904,DODD CITY ISD,-242,205134,135068,370974,17280,Dodd City ISD,Dodd City,H,Rural,42,Rural-Distant,N,0,0,0,0,0,0,0,0,0,0,0,0,0,0,0,3,5,8,4,5,9,TX,TEXAS,DODD CITY ISD,0,1,0,0,0,0,0,0,0,0,8,10,1,0,9,11,0,1,3,1,11,22,0,1,1,2,0,0,0,0,154,172,8,4,174,201,33,1,3,0,0,12,375
4817390,108902,DONNA ISD,-88344,1628440,-6916791,-5315129,17390,Donna ISD,Donna,D,Other Central City Suburban,21,Suburb-Large,N,527,661,1188,0,0,0,1,0,1,0,0,0,0,0,0,2,3,5,530,664,1194,TX,TEXAS,DONNA ISD,765,760,0,0,0,0,0,0,0,0,0,0,0,0,765,760,412,443,64,28,7499,7215,0,0,3,0,0,0,5,4,16,13,2,0,7525,7232,14714,0,3,0,9,2,14757
4817400,86024,DOSS CONSOLIDATED CSD,0,119416,16988,140271,17400,Doss Cons CSD,Doss Cons CSD,H,Rural,43,Rural-Remote,N,0,0,0,0,0,0,0,0,0,0,0,0,0,0,0,0,0,0,0,0,0,TX,TEXAS,DOSS CONSOLIDATED CSD,1,0,0,0,0,0,0,0,0,0,2,3,0,0,3,3,0,0,0,0,2,3,0,0,0,1,0,0,0,0,10,9,0,0,12,13,5,0,1,0,0,0,25
4817460,174911,DOUGLASS ISD,6209,98005,598181,759701,17460,Douglass ISD,Douglass,H,Rural,43,Rural-Remote,N,0,0,0,0,0,0,0,0,0,0,0,0,0,0,0,11,13,24,12,13,25,TX,TEXAS,DOUGLASS ISD,0,0,0,0,0,0,0,0,0,0,0,0,0,0,0,0,0,0,0,0,33,35,3,3,2,2,0,0,14,10,192,165,12,9,256,224,68,6,4,0,24,21,480
4817550,178905,DRISCOLL ISD,17744,126717,-1104743,-911663,17550,Driscoll ISD,Driscoll,H,Rural,42,Rural-Distant,N,8,15,23,0,0,0,0,0,0,0,0,0,0,0,0,3,3,6,11,18,29,TX,TEXAS,DRISCOLL ISD,14,17,0,0,0,0,0,0,0,0,2,2,0,0,16,19,3,0,3,0,132,155,0,0,0,0,0,0,1,2,18,9,0,1,151,167,287,0,0,0,3,1,318
4817580,72902,DUBLIN ISD,-48745,503075,1628013,2115200,17580,Dublin ISD,Dublin,G,Non-metropolitan Stable,41,Rural-Fringe,N,23,14,37,0,0,0,1,0,1,0,0,0,1,0,1,38,33,71,64,48,112,TX,TEXAS,DUBLIN ISD,21,22,0,0,1,0,0,0,0,0,11,15,0,1,33,38,10,11,0,1,368,356,0,2,3,2,0,0,4,3,237,195,7,13,619,571,724,2,5,0,7,20,1190
4817610,171901,DUMAS ISD,15973,295267,1913948,2676742,17610,Dumas ISD,Dumas,G,Non-metropolitan Stable,33,Town-Remote,N,54,48,102,1,0,1,3,4,7,0,0,0,0,0,0,52,44,96,112,98,210,TX,TEXAS,DUMAS ISD,68,88,2,0,13,11,0,0,2,0,8,2,1,0,94,101,47,62,19,6,1628,1519,16,9,159,137,0,1,47,40,382,343,20,18,2252,2067,3147,25,296,1,87,38,4319
4817640,57907,DUNCANVILLE ISD,381170,12661879,5614530,19172667,17640,Duncanville ISD,Duncanville,B,Major Suburban,21,Suburb-Large,N,207,200,407,1,1,2,8,13,21,0,0,0,67,99,166,21,27,48,314,348,662,TX,TEXAS,DUNCANVILLE ISD,129,106,0,1,1,5,0,0,57,44,17,11,7,2,211,169,83,57,26,14,3508,3287,19,15,79,87,1,5,2618,2551,222,200,144,126,6591,6271,6795,34,166,6,5169,270,12862
4817700,220918,EAGLE MT-SAGINAW ISD,110305,24818990,7062374,33753320,17700,Eagle Mountain-Saginaw ISD,Eagle Mountain-Saginaw,B,Major Suburban,11,City-Large,N,162,151,313,0,2,2,29,33,62,1,1,2,22,30,52,418,416,834,668,673,1341,TX,TEXAS,EAGLE MT-SAGINAW ISD,113,113,0,0,22,20,0,0,45,31,43,55,15,9,238,228,83,84,36,23,3835,3720,29,31,425,389,23,20,1085,997,3985,3831,498,442,9880,9430,7555,60,814,43,2082,940,19310
4817730,159901,EAGLE PASS ISD,43026,4357354,15921970,19633704,17730,Eagle Pass ISD,Eagle Pass,D,Other Central City Suburban,33,Town-Remote,N,457,542,999,3,3,6,2,4,6,0,1,1,0,0,0,7,3,10,469,554,1023,TX,TEXAS,EAGLE PASS ISD,281,281,0,1,0,1,0,0,0,0,1,0,0,0,282,283,188,201,60,19,7186,6808,138,136,19,12,0,3,5,6,45,51,3,3,7396,7019,13994,274,31,3,11,6,14415
4817760,227909,EANES ISD,67967,5520356,-940845,6461514,17760,Eanes ISD,Eanes,B,Major Suburban,21,Suburb-Large,N,35,39,74,1,0,1,121,101,222,2,0,2,1,1,2,306,253,559,497,416,913,TX,TEXAS,EANES ISD,2,0,0,0,0,0,0,0,0,0,6,1,0,1,8,2,0,0,8,2,612,510,7,3,475,513,4,1,29,32,2879,2589,219,184,4225,3832,1122,10,988,5,61,403,8057
4817790,25909,EARLY ISD,21365,370021,2135086,2541831,17790,Early ISD,Early,G,Non-metropolitan Stable,33,Town-Remote,N,5,4,9,0,0,0,0,0,0,0,0,0,1,0,1,34,37,71,43,42,85,TX,TEXAS,EARLY ISD,1,1,0,0,1,0,0,0,0,0,8,8,1,0,11,9,0,0,4,0,117,144,0,4,12,6,0,0,7,10,414,436,23,17,573,617,261,4,18,0,17,40,1190
4817830,241902,EAST BERNARD ISD,-8145,371632,754451,1305492,17830,East Bernard ISD,East Bernard,D,Other Central City Suburban,42,Rural-Distant,N,1,4,5,0,0,0,0,0,0,0,0,0,1,0,1,26,22,48,28,26,54,TX,TEXAS,EAST BERNARD ISD,6,6,0,0,0,0,0,0,0,1,4,2,0,0,10,9,3,1,0,1,137,132,0,0,0,1,0,0,33,26,310,311,2,2,482,472,269,0,1,0,59,4,954
4817850,15911,EAST CENTRAL ISD,153929,5277333,989714,6964683,17850,East Central ISD,East Central,B,Major Suburban,41,Rural-Fringe,N,181,194,375,0,0,0,1,4,5,0,0,0,8,16,24,83,69,152,279,287,566,TX,TEXAS,EAST CENTRAL ISD,178,143,1,0,0,0,0,0,10,12,20,23,4,4,213,182,36,34,37,13,3936,3663,10,3,22,23,4,3,442,412,807,733,80,71,5301,4908,7599,13,45,7,854,151,10209
4817880,36903,EAST CHAMBERS ISD,-3624,-206955,2818785,2907116,17880,East Chambers ISD,East Chambers,E,Independent Town,32,Town-Distant,N,7,11,18,0,0,0,0,0,0,0,0,0,1,1,2,31,35,66,39,48,87,TX,TEXAS,EAST CHAMBERS ISD,28,15,0,0,0,0,0,0,6,2,14,18,0,1,48,36,18,11,11,1,349,310,0,0,9,4,0,0,72,44,360,341,16,14,806,713,659,0,13,0,116,30,1519
4817960,67903,EASTLAND ISD,2901,307869,787059,1461735,17960,Eastland ISD,Eastland,G,Non-metropolitan Stable,33,Town-Remote,N,4,1,5,0,0,0,0,0,0,0,0,0,0,0,0,30,27,57,34,29,63,TX,TEXAS,EASTLAND ISD,7,3,0,1,1,0,0,0,1,0,20,19,0,1,29,24,5,3,4,4,163,151,2,1,5,3,0,0,7,7,423,409,6,12,606,583,314,3,8,0,14,18,1189
4818000,68901,ECTOR COUNTY ISD,-201797,37528552,46196068,84610640,18000,Ector County ISD,Ector County,C,Other Central City,12,City-Midsize,N,991,1237,2228,3,5,8,22,39,61,1,6,7,32,46,78,375,398,773,1440,1759,3199,TX,TEXAS,ECTOR COUNTY ISD,624,609,2,2,5,6,2,1,22,16,108,103,16,7,779,744,185,161,50,14,12382,11981,41,48,141,142,39,42,637,623,3068,2784,176,155,16484,15775,24363,89,283,81,1260,331,32259
4818030,74905,ECTOR ISD,-3811,121671,924159,1078359,18030,Ector ISD,Ector,H,Rural,41,Rural-Fringe,N,0,0,0,0,0,0,0,0,0,0,0,0,0,0,0,0,4,4,0,4,4,TX,TEXAS,ECTOR ISD,0,0,0,0,0,0,0,0,0,0,0,0,0,0,0,0,0,0,0,0,10,7,1,0,2,1,0,0,4,3,98,101,4,2,119,114,17,1,3,0,7,6,233
4818060,108903,EDCOUCH-ELSA ISD,-162282,182271,379021,1068291,18060,Edcouch-Elsa ISD,Edcouch-Elsa,D,Other Central City Suburban,21,Suburb-Large,N,283,321,604,0,0,0,0,0,0,0,0,0,1,0,1,0,2,2,284,323,607,TX,TEXAS,EDCOUCH-ELSA ISD,188,218,0,0,0,0,0,0,0,0,2,1,0,0,190,219,18,22,8,8,2610,2554,1,1,1,0,0,0,6,0,6,10,0,0,2624,2565,5164,2,1,0,6,0,5189
4818070,48901,EDEN CISD,1199,383884,3996,1234222,18070,Eden Cons ISD,Eden Cons,H,Rural,43,Rural-Remote,N,1,0,1,0,0,0,0,0,0,0,0,0,0,0,0,2,2,4,3,2,5,TX,TEXAS,EDEN CISD,0,0,0,0,0,0,0,0,0,0,0,0,0,0,0,0,0,0,0,0,76,71,0,0,0,1,0,0,0,0,39,35,0,0,115,107,147,0,1,0,0,0,222
4818120,234903,EDGEWOOD ISD,-72247,324909,1838136,2184782,18120,Edgewood ISD (Van Zandt),Edgewood (Van Zandt),G,Non-metropolitan Stable,42,Rural-Distant,N,3,5,8,0,0,0,0,0,0,0,0,0,1,2,3,37,47,84,42,56,98,TX,TEXAS,EDGEWOOD ISD,3,2,0,0,0,0,0,0,0,1,11,17,1,2,15,22,0,0,2,3,52,55,0,1,0,0,0,0,14,20,424,382,20,20,510,478,107,1,0,0,34,40,988
4818150,15905,EDGEWOOD ISD,114637,2335135,-1731531,658273,18150,Edgewood ISD (Bexar),Edgewood (Bexar),B,Major Suburban,11,City-Large,N,237,250,487,19,11,30,0,1,1,0,0,0,1,3,4,0,2,2,257,267,524,TX,TEXAS,EDGEWOOD ISD,513,528,3,8,6,0,1,0,8,12,6,5,0,0,537,553,110,118,60,27,4930,4748,133,95,26,26,6,8,142,125,25,27,0,0,5262,5029,9678,228,52,14,267,0,10291
4818180,108904,EDINBURG CISD,-687800,8168240,11419278,21079470,18180,Edinburg Cons ISD,Edinburg Cons,C,Other Central City,13,City-Small,N,989,1043,2032,0,0,0,33,39,72,0,0,0,7,1,8,23,21,44,1055,1109,2164,TX,TEXAS,EDINBURG CISD,855,815,1,0,6,8,0,0,1,4,23,29,2,1,888,857,387,358,37,14,16795,16208,5,2,100,115,0,2,34,27,214,219,36,34,17184,16607,33003,7,215,2,61,70,33791
4818210,120901,EDNA ISD,-11429,776564,550828,1509716,18210,Edna ISD,Edna,G,Non-metropolitan Stable,32,Town-Distant,N,21,9,30,0,0,0,1,1,2,0,0,0,7,4,11,35,32,67,64,48,112,TX,TEXAS,EDNA ISD,20,21,0,1,3,2,0,0,4,4,20,14,0,2,47,44,9,7,6,5,355,347,1,4,17,15,0,1,118,97,321,276,11,15,823,755,702,5,32,1,215,26,1578
4818280,241903,EL CAMPO ISD,-47598,1052220,2970716,3889585,18280,El Campo ISD,El Campo,E,Independent Town,32,Town-Distant,N,60,45,105,0,0,0,0,1,1,1,0,1,4,5,9,92,85,177,160,137,297,TX,TEXAS,EL CAMPO ISD,63,73,0,0,2,0,0,1,12,6,9,10,2,1,88,91,10,18,13,12,1252,1155,0,4,1,4,3,2,180,176,462,399,17,19,1915,1759,2407,4,5,5,356,36,3674
4818300,71902,EL PASO ISD,-6144175,9895671,31993503,43131458,18300,El Paso ISD,El Paso,A,Major Urban,11,City-Large,N,2708,2861,5569,6,4,10,105,130,235,7,8,15,89,91,180,539,608,1147,3518,3778,7296,TX,TEXAS,EL PASO ISD,1345,1276,5,4,22,13,6,5,72,52,161,161,36,21,1647,1532,576,575,287,147,24872,23827,58,72,369,347,119,106,1057,978,2840,2685,477,468,29792,28483,48699,130,716,225,2035,945,58275
4818330,243902,ELECTRA ISD,-9494,186966,1416643,1643523,18330,Electra ISD,Electra,H,Rural,32,Town-Distant,N,1,1,2,0,0,0,1,1,2,0,0,0,1,0,1,6,11,17,10,13,23,TX,TEXAS,ELECTRA ISD,4,3,2,0,0,0,0,0,2,1,17,14,2,2,27,20,0,0,0,0,42,20,3,0,2,1,1,0,11,10,159,147,10,3,228,181,62,3,3,1,21,13,409
4818360,11902,ELGIN ISD,21720,2960588,5213604,8584211,18360,Elgin ISD,Elgin,G,Non-metropolitan Stable,41,Rural-Fringe,N,105,91,196,0,0,0,0,0,0,0,0,0,6,19,25,69,60,129,180,174,354,TX,TEXAS,ELGIN ISD,87,85,1,0,0,0,0,0,17,11,24,11,5,5,134,112,46,47,22,10,1443,1409,2,2,12,6,0,1,262,245,436,405,50,45,2205,2113,2852,4,18,1,507,95,4318
4818390,1903,ELKHART ISD,-12808,55172,2758468,2799805,18390,Elkhart ISD,Elkhart,G,Non-metropolitan Stable,42,Rural-Distant,N,2,2,4,0,0,0,0,0,0,0,0,0,0,0,0,12,22,34,16,25,41,TX,TEXAS,ELKHART ISD,0,4,0,0,0,0,0,0,0,1,28,23,3,6,31,34,0,1,6,1,68,70,2,1,4,4,1,1,25,23,519,467,24,25,643,591,138,3,8,2,48,49,1234
4818480,102906,ELYSIAN FIELDS ISD,16273,2494019,528098,3118870,18480,Elysian Fields ISD,Elysian Fields,H,Rural,42,Rural-Distant,N,1,0,1,0,0,0,0,0,0,0,0,0,1,0,1,13,34,47,15,35,50,TX,TEXAS,ELYSIAN FIELDS ISD,1,3,0,0,0,0,0,0,4,2,10,2,0,0,15,7,2,0,1,0,22,21,0,0,4,2,0,0,60,60,325,347,21,19,432,449,43,0,6,0,120,40,881
4818540,70903,ENNIS ISD,979361,5890836,4709268,9994299,18540,Ennis ISD,Ennis,D,Other Central City Suburban,41,Rural-Fringe,N,87,93,180,0,1,1,0,1,1,0,0,0,4,8,12,128,123,251,223,230,453,TX,TEXAS,ENNIS ISD,90,72,0,1,2,0,2,0,24,22,38,39,4,3,160,137,45,33,12,3,1758,1587,4,3,9,8,14,14,365,348,842,785,45,50,3037,2795,3345,7,17,28,713,95,5832
4818600,49906,ERA ISD,-3965,365983,1162376,1377051,18600,Era ISD,Era,H,Rural,42,Rural-Distant,N,0,0,0,0,0,0,0,1,1,0,0,0,0,0,0,16,12,28,16,14,30,TX,TEXAS,ERA ISD,0,0,0,0,0,0,0,0,0,0,2,2,0,0,2,2,0,0,2,2,26,36,1,5,2,2,0,0,0,1,200,192,5,9,234,245,62,6,4,0,1,14,479
4818660,174910,ETOILE ISD,-3475,-126585,-289979,-413039,18660,Etoile ISD,Etoile,H,Rural,43,Rural-Remote,N,0,1,1,0,0,0,0,0,0,0,0,0,0,0,0,4,1,5,5,2,7,TX,TEXAS,ETOILE ISD,0,0,0,1,0,0,0,0,0,0,13,14,0,0,13,15,0,0,0,0,4,2,0,2,0,0,0,0,0,0,79,55,4,2,87,61,6,2,0,0,0,6,148
4818690,30906,EULA ISD,9240,108974,1274443,1536370,18690,Eula ISD,Eula,H,Rural,42,Rural-Distant,N,0,1,1,0,0,0,0,0,0,0,0,0,0,0,0,9,9,18,9,10,19,TX,TEXAS,EULA ISD,2,1,0,0,0,0,0,0,0,1,11,17,0,0,13,19,0,0,2,1,33,32,0,1,1,2,2,0,0,1,160,169,8,5,204,210,65,1,3,2,1,13,414
4818720,107905,EUSTACE ISD,1101,207073,1847068,2067312,18720,Eustace ISD,Eustace,G,Non-metropolitan Stable,42,Rural-Distant,N,2,3,5,0,0,0,0,0,0,0,0,0,0,0,0,24,23,47,27,29,56,TX,TEXAS,EUSTACE ISD,7,4,0,0,0,0,0,0,1,0,39,23,2,5,49,32,1,0,8,1,91,74,6,0,1,0,0,0,10,12,642,665,25,31,775,782,165,6,1,0,22,56,1557
4818750,121906,EVADALE ISD,-375,-296933,1212910,964208,18750,Evadale ISD,Evadale,H,Rural,42,Rural-Distant,N,0,0,0,0,0,0,0,0,0,0,0,0,0,0,0,0,1,1,0,1,1,TX,TEXAS,EVADALE ISD,0,1,0,0,0,0,0,0,0,0,9,14,1,1,10,16,0,0,3,0,14,3,0,0,0,0,0,0,0,0,255,197,9,10,278,210,17,0,0,0,0,19,488
4818780,50901,EVANT ISD,3839,72348,485411,286932,18780,Evant ISD,Evant,H,Rural,43,Rural-Remote,N,0,0,0,0,0,0,0,0,0,0,0,0,0,0,0,1,0,1,1,0,1,TX,TEXAS,EVANT ISD,1,3,0,0,0,0,0,0,0,0,4,3,0,0,5,6,0,0,2,1,23,32,2,1,0,0,0,0,0,0,81,94,0,0,106,127,55,3,0,0,0,0,233
4818810,220904,EVERMAN ISD,-1228,3337908,7505767,11517927,18810,Everman ISD,Everman,B,Major Suburban,21,Suburb-Large,N,85,86,171,1,0,1,0,5,5,0,1,1,20,30,50,6,8,14,114,137,251,TX,TEXAS,EVERMAN ISD,100,77,0,1,0,2,0,1,50,45,7,3,3,3,160,132,73,56,14,6,1786,1605,10,4,19,20,5,8,1031,1038,106,95,53,54,3010,2824,3391,14,39,13,2069,107,5834
4818840,210906,EXCELSIOR ISD,-2,-181829,307483,137407,18840,Excelsior ISD,Excelsior,H,Rural,43,Rural-Remote,N,0,0,0,0,0,0,0,0,0,0,0,0,0,0,0,0,0,0,0,0,0,TX,TEXAS,EXCELSIOR ISD,1,0,0,0,0,0,0,0,0,0,1,2,0,1,2,3,1,0,0,0,5,3,0,1,0,0,0,0,0,1,43,40,1,1,49,46,8,1,0,0,1,2,95
4818890,143906,EZZELL ISD,-883,192109,158485,352785,18890,Ezzell ISD,Ezzell,H,Rural,43,Rural-Remote,N,0,1,1,0,0,0,0,0,0,0,0,0,0,0,0,0,0,0,0,1,1,TX,TEXAS,EZZELL ISD,0,2,0,0,0,0,0,0,0,0,3,3,0,0,3,5,0,0,1,0,1,3,0,0,0,0,0,0,1,1,39,51,3,2,44,57,4,0,0,0,2,5,101
4818900,71903,FABENS ISD,20663,506503,1106697,1704967,18900,Fabens ISD,Fabens,G,Non-metropolitan Stable,31,Town-Fringe,N,54,90,144,0,0,0,0,0,0,0,0,0,0,0,0,2,2,4,56,92,148,TX,TEXAS,FABENS ISD,45,35,0,0,0,0,0,0,0,0,0,0,0,1,45,36,23,14,0,0,1185,1079,0,0,0,0,0,0,0,0,6,9,0,2,1191,1090,2264,0,0,0,0,2,2281
4818940,81902,FAIRFIELD ISD,6343,-315810,477729,601139,18940,Fairfield ISD,Fairfield,G,Non-metropolitan Stable,33,Town-Remote,N,7,1,8,0,0,0,3,0,3,1,0,1,1,0,1,30,19,49,43,23,66,TX,TEXAS,FAIRFIELD ISD,15,14,0,0,1,0,0,0,9,4,17,8,0,1,42,27,7,8,6,1,210,226,3,5,7,5,1,1,137,134,531,508,26,21,915,900,436,8,12,2,271,47,1815
4819020,128904,FALLS CITY ISD,204,3212335,-857934,2438699,19020,Falls City ISD,Falls City,H,Rural,42,Rural-Distant,N,5,1,6,0,0,0,0,1,1,0,0,0,0,0,0,11,15,26,16,17,33,TX,TEXAS,FALLS CITY ISD,0,0,0,0,0,0,0,0,0,0,0,0,0,0,0,0,0,0,0,0,32,22,0,0,0,1,0,0,0,0,165,156,15,13,212,192,54,0,1,0,0,28,404
4819050,60914,FANNINDEL ISD,1077,104689,92369,98437,19050,Fannindel ISD,Fannindel,H,Rural,43,Rural-Remote,N,0,0,0,0,0,0,0,0,0,0,0,0,0,0,0,0,0,0,0,0,0,TX,TEXAS,FANNINDEL ISD,1,0,0,0,0,0,0,0,4,5,6,2,0,1,11,8,0,0,0,0,8,4,0,0,1,3,0,0,19,27,44,49,6,6,78,89,12,0,4,0,46,12,167
4819080,43904,FARMERSVILLE ISD,-3149,2110206,473439,2696116,19080,Farmersville ISD,Farmersville,G,Non-metropolitan Stable,31,Town-Fringe,N,6,8,14,0,0,0,1,0,1,0,0,0,0,1,1,35,27,62,42,39,81,TX,TEXAS,FARMERSVILLE ISD,9,7,0,0,1,0,0,0,1,0,4,3,0,0,15,10,6,5,8,3,280,311,6,3,6,9,0,0,22,23,474,460,25,20,813,826,591,9,15,0,45,45,1639
4819110,185902,FARWELL ISD,-20970,-103172,1808577,1646634,19110,Farwell ISD,Farwell,H,Rural,42,Rural-Distant,N,4,3,7,0,0,0,0,0,0,0,0,0,0,0,0,18,9,27,22,12,34,TX,TEXAS,FARWELL ISD,4,9,0,0,0,0,0,0,0,0,0,3,0,0,4,12,2,5,0,4,147,144,0,0,0,0,0,0,0,2,131,115,0,0,278,261,291,0,0,0,2,0,539
4819140,75906,FAYETTEVILLE ISD,2395,517454,139771,692561,19140,Fayetteville ISD,Fayetteville,H,Rural,43,Rural-Remote,N,0,0,0,0,0,0,0,0,0,0,0,0,0,0,0,9,12,21,9,12,21,TX,TEXAS,FAYETTEVILLE ISD,1,2,0,0,0,0,0,0,0,0,5,6,1,0,7,8,0,1,0,0,20,24,0,0,0,1,0,0,2,3,115,90,3,0,140,118,44,0,1,0,5,3,258
4819170,70905,FERRIS ISD,-38800,1637398,4233130,5513436,19170,Ferris ISD,Ferris,B,Major Suburban,41,Rural-Fringe,N,33,26,59,0,0,0,0,0,0,0,0,0,2,3,5,18,14,32,55,43,98,TX,TEXAS,FERRIS ISD,76,86,0,1,2,0,0,0,10,7,28,33,0,1,116,128,49,41,3,6,926,941,2,5,9,2,2,0,88,93,302,299,19,21,1348,1361,1867,7,11,2,181,40,2709
4819280,75901,FLATONIA ISD,3563,497527,1609754,1772402,19280,Flatonia ISD,Flatonia,H,Rural,43,Rural-Remote,N,8,7,15,0,0,0,0,0,0,0,0,0,0,0,0,26,18,44,34,26,60,TX,TEXAS,FLATONIA ISD,5,6,0,0,0,0,0,0,0,0,4,5,1,0,10,11,2,1,0,1,157,142,0,0,2,1,0,0,12,7,114,120,5,4,290,274,299,0,3,0,19,9,564
4819320,246902,FLORENCE ISD,39571,947908,1948176,3148338,19320,Florence ISD,Florence,G,Non-metropolitan Stable,42,Rural-Distant,N,11,0,11,0,0,0,0,0,0,0,0,0,0,0,0,23,12,35,34,12,46,TX,TEXAS,FLORENCE ISD,20,10,0,0,0,0,0,0,1,0,6,5,0,0,27,15,13,7,3,1,284,229,2,1,1,1,0,1,9,11,259,225,18,7,573,475,513,3,2,1,20,25,1048
4819350,247901,FLORESVILLE ISD,22641,1171230,1870576,3557730,19350,Floresville ISD,Floresville,E,Independent Town,32,Town-Distant,N,57,54,111,3,0,3,2,1,3,0,0,0,1,0,1,68,81,149,138,141,279,TX,TEXAS,FLORESVILLE ISD,65,55,0,0,1,0,0,0,0,3,23,25,0,1,89,84,7,12,20,4,1333,1257,11,3,9,9,4,0,30,17,665,607,34,42,2086,1935,2590,14,18,4,47,76,4021
4819380,178914,FLOUR BLUFF ISD,-54308,1688112,3700138,5267876,19380,Flour Bluff ISD,Flour Bluff,D,Other Central City Suburban,11,City-Large,N,109,114,223,2,1,3,6,15,21,0,1,1,2,8,10,181,167,348,324,324,648,TX,TEXAS,FLOUR BLUFF ISD,33,40,0,0,0,2,0,0,2,2,31,31,2,3,68,78,0,1,5,3,1343,1243,12,9,43,53,3,8,99,88,1404,1284,150,165,3054,2850,2586,21,96,11,187,315,5904
4819440,77901,FLOYDADA ISD,-30007,-99017,-1038687,80477,19440,Floydada ISD,Floydada,H,Rural,41,Rural-Fringe,N,9,3,12,0,0,0,0,0,0,0,0,0,0,1,1,14,7,21,23,11,34,TX,TEXAS,FLOYDADA ISD,22,22,0,0,0,0,0,0,0,2,8,1,0,0,30,25,3,3,1,1,321,282,0,0,0,0,0,0,15,12,70,57,3,3,409,354,603,0,0,0,27,6,763
4819500,148902,FOLLETT ISD,-2260,509322,-405065,180414,19500,Follett ISD,Follett,H,Rural,43,Rural-Remote,N,0,0,0,0,0,0,0,0,0,0,0,0,0,0,0,1,1,2,1,1,2,TX,TEXAS,FOLLETT ISD,4,1,0,1,0,0,0,0,0,0,3,3,0,0,7,5,1,0,1,0,25,21,0,3,0,1,0,0,0,0,49,43,4,0,78,68,46,3,1,0,0,4,146
4819530,169910,FORESTBURG ISD,7565,874546,-220081,727234,19530,Forestburg ISD,Forestburg,H,Rural,43,Rural-Remote,N,0,0,0,0,0,0,0,0,0,0,0,0,0,0,0,0,1,1,0,1,1,TX,TEXAS,FORESTBURG ISD,1,0,0,0,0,0,0,0,0,0,9,4,0,0,10,4,0,0,4,2,12,12,0,0,0,0,1,1,0,0,81,80,0,1,94,94,24,0,0,2,0,1,188
4819560,129902,FORNEY ISD,132165,13841909,19779589,33719007,19560,Forney ISD,Forney,B,Major Suburban,41,Rural-Fringe,N,22,30,52,0,0,0,7,8,15,0,0,0,7,18,25,84,101,185,127,166,293,TX,TEXAS,FORNEY ISD,32,20,0,0,3,2,0,0,8,22,12,13,2,4,57,61,27,23,5,0,1398,1325,22,27,100,92,6,5,748,689,2755,2561,170,159,5199,4858,2723,49,192,11,1437,329,10057
4819620,114904,FORSAN ISD,14828,3422536,-2451404,1086252,19620,Forsan ISD,Forsan,H,Rural,42,Rural-Distant,N,5,1,6,1,1,2,2,0,2,0,0,0,0,0,0,20,17,37,28,20,48,TX,TEXAS,FORSAN ISD,4,2,0,0,0,0,0,0,0,1,1,8,0,0,5,11,1,0,4,0,123,101,3,2,6,11,0,0,7,8,221,246,6,8,366,376,224,5,17,0,15,14,742
4819650,79907,FORT BEND ISD,-11335900,49970840,43262665,102126668,19650,Fort Bend ISD,Fort Bend,B,Major Suburban,21,Suburb-Large,N,226,176,402,6,7,13,1830,1483,3313,1,2,3,206,171,377,685,446,1131,3098,2379,5477,TX,TEXAS,FORT BEND ISD,334,320,9,0,258,155,1,4,256,211,104,68,26,17,988,775,487,410,235,95,10240,9689,140,112,10150,9391,61,44,10549,9995,6586,5896,1196,1128,38922,36255,19929,252,19541,105,20544,2324,75177
4819700,220905,FORT WORTH ISD,-2307683,82439302,-40800217,42042259,19700,Fort Worth ISD,Fort Worth,A,Major Urban,11,City-Large,N,2693,3017,5710,8,5,13,100,123,223,3,5,8,505,619,1124,997,1038,2035,4401,4911,9312,TX,TEXAS,FORT WORTH ISD,1823,1670,2,1,68,64,1,4,704,696,265,234,51,50,2914,2719,1099,1019,338,144,27522,26521,51,35,845,742,34,44,9993,9554,4891,4594,697,693,44033,42183,54043,86,1587,78,19547,1390,86216
4819740,198903,FRANKLIN ISD,-1539,-619550,-6716273,-6595636,19740,Franklin ISD,Franklin,D,Other Central City Suburban,42,Rural-Distant,N,5,3,8,0,0,0,0,1,1,0,0,0,2,0,2,42,31,73,52,36,88,TX,TEXAS,FRANKLIN ISD,5,7,0,0,1,0,0,0,4,3,30,31,1,0,41,41,1,1,6,1,115,104,1,1,11,5,0,0,50,36,480,426,13,11,670,583,219,2,16,0,86,24,1253
4819770,1904,FRANKSTON ISD,-142,140795,1983040,2142631,19770,Frankston ISD,Frankston,H,Rural,42,Rural-Distant,N,2,0,2,1,0,1,0,0,0,0,0,0,1,0,1,33,35,68,38,35,73,TX,TEXAS,FRANKSTON ISD,4,1,0,0,1,0,0,0,1,2,14,18,2,0,22,21,1,2,5,1,44,34,2,1,4,4,0,0,30,46,372,305,14,17,466,407,78,3,8,0,76,31,873
4819820,66903,FREER ISD,-7698,-38705,744426,869532,19820,Freer ISD,Freer,H,Rural,43,Rural-Remote,N,21,29,50,0,1,1,0,0,0,0,0,0,0,0,0,5,2,7,26,32,58,TX,TEXAS,FREER ISD,57,62,0,0,0,0,0,0,0,0,2,4,0,0,59,66,3,6,12,5,385,370,0,2,2,2,0,0,1,0,23,30,0,0,411,404,755,2,4,0,1,0,815
4819830,152907,FRENSHIP ISD,-54354,7175344,9117606,16851570,19830,Frenship ISD,Frenship,D,Other Central City Suburban,22,Suburb-Midsize,N,70,93,163,1,0,1,16,13,29,1,0,1,5,8,13,293,274,567,400,404,804,TX,TEXAS,FRENSHIP ISD,89,85,3,1,13,4,0,0,10,12,58,58,4,4,177,164,25,17,35,12,2136,2016,14,10,148,131,5,1,186,146,2330,2263,150,152,4969,4719,4152,24,279,6,332,302,9688
4819840,86901,FREDERICKSBURG ISD,21883,3209855,1277043,4937159,19840,Fredericksburg ISD,Fredericksburg,E,Independent Town,33,Town-Remote,N,32,16,48,0,0,0,1,0,1,0,0,0,0,0,0,98,81,179,134,98,232,TX,TEXAS,FREDERICKSBURG ISD,103,125,0,0,1,0,1,0,0,1,65,59,0,2,170,187,17,31,12,21,812,755,1,4,13,5,7,6,1,5,839,786,17,20,1690,1581,1567,5,18,13,6,37,3271
4819950,84911,FRIENDSWOOD ISD,667031,2709868,1251593,4473351,19950,Friendswood ISD,Friendswood,G,Non-metropolitan Stable,21,Suburb-Large,N,25,26,51,1,1,2,33,32,65,1,0,1,2,3,5,214,206,420,289,274,563,TX,TEXAS,FRIENDSWOOD ISD,11,7,0,0,3,4,0,0,2,0,19,6,4,0,39,17,3,2,23,5,543,524,13,8,194,216,4,7,58,49,2182,2078,101,96,3095,2978,1067,21,410,11,107,197,6073
4819980,185903,FRIONA ISD,32069,426973,534487,1179821,19980,Friona ISD,Friona,G,Non-metropolitan Stable,33,Town-Remote,N,16,16,32,0,0,0,1,0,1,0,0,0,0,0,0,13,6,19,30,22,52,TX,TEXAS,FRIONA ISD,47,41,0,0,1,0,0,0,0,0,5,2,0,0,53,43,16,14,7,2,517,468,0,0,3,1,0,0,5,5,63,52,2,4,590,530,985,0,4,0,10,6,1120
4820010,43905,FRISCO ISD,2045054,132177462,-17377581,124272987,20010,Frisco ISD,Frisco,C,Other Central City,21,Suburb-Large,N,239,190,429,19,14,33,1908,1688,3596,4,1,5,96,112,208,1484,1209,2693,3876,3309,7185,TX,TEXAS,FRISCO ISD,102,61,1,4,163,104,1,1,42,40,154,81,12,17,475,308,141,117,283,120,4154,3810,167,149,7889,7654,32,17,3259,3063,13469,12500,1145,1121,30115,28314,7964,316,15543,49,6322,2266,58429
4820040,175905,FROST ISD,-9432,716568,23498,784674,20040,Frost ISD,Frost,H,Rural,42,Rural-Distant,N,2,2,4,0,0,0,0,0,0,0,0,0,0,1,1,10,19,29,12,23,35,TX,TEXAS,FROST ISD,2,3,0,0,0,0,0,0,0,0,5,5,0,0,7,8,2,3,1,1,66,71,0,0,0,0,0,0,5,3,140,116,5,7,216,197,137,0,0,0,8,12,413
4820070,234909,FRUITVALE ISD,-6362,14317,1460471,1045057,20070,Fruitvale ISD,Fruitvale,H,Rural,42,Rural-Distant,N,2,1,3,1,0,1,1,0,1,0,0,0,0,0,0,22,24,46,28,26,54,TX,TEXAS,FRUITVALE ISD,2,2,0,0,0,0,0,0,0,0,12,20,1,1,15,23,0,0,2,2,22,21,1,0,2,2,0,0,3,1,172,210,7,8,207,242,43,1,4,0,4,15,449
4820100,122901,FT DAVIS ISD,3323,67816,-217070,-113194,20100,Fort Davis ISD,Fort Davis,H,Rural,43,Rural-Remote,N,3,5,8,0,0,0,0,0,0,0,0,0,0,0,0,17,13,30,20,18,38,TX,TEXAS,FT DAVIS ISD,0,3,0,0,0,0,0,0,0,0,2,5,0,0,2,8,0,0,0,2,69,66,0,0,0,0,0,0,0,0,49,40,0,2,118,108,135,0,0,0,0,2,226
4820130,115901,FT HANCOCK ISD,-3475,724221,-149133,332528,20130,Fort Hancock ISD,Fort Hancock,H,Rural,43,Rural-Remote,N,10,7,17,0,0,0,0,0,0,0,0,0,0,0,0,1,0,1,11,7,18,TX,TEXAS,FT HANCOCK ISD,11,7,0,0,0,0,0,0,0,0,0,0,0,0,11,7,10,5,1,1,203,195,0,0,1,0,0,0,0,0,4,5,1,0,209,200,398,0,1,0,0,1,409
4820160,15914,FT SAM HOUSTON ISD,-14620,0,1132078,2179760,20160,Fort Sam Houston ISD,Fort Sam Houston,G,Non-metropolitan Stable,11,City-Large,N,21,8,29,0,1,1,2,3,5,1,1,2,4,5,9,29,28,57,66,49,115,TX,TEXAS,FT SAM HOUSTON ISD,11,15,0,0,0,1,0,3,9,10,22,25,7,8,49,62,1,2,5,7,252,252,3,9,28,13,7,9,134,140,322,287,84,82,830,792,504,12,41,16,274,166,1622
4820190,186902,FORT STOCKTON ISD,32531,8541065,-2026948,6693739,20190,Fort Stockton ISD,Fort Stockton,G,Non-metropolitan Stable,33,Town-Remote,N,24,22,46,0,0,0,0,0,0,0,0,0,0,0,0,15,3,18,40,26,66,TX,TEXAS,FORT STOCKTON ISD,18,16,0,0,0,0,0,0,0,0,2,2,0,0,20,18,4,3,8,3,1103,1024,5,5,4,9,1,0,12,13,163,129,8,5,1296,1185,2127,10,13,1,25,13,2481
4820220,49901,GAINESVILLE ISD,205517,2092456,2928418,4850028,20220,Gainesville ISD,Gainesville,E,Independent Town,41,Rural-Fringe,N,34,20,54,1,1,2,0,1,1,0,0,0,3,5,8,33,39,72,76,73,149,TX,TEXAS,GAINESVILLE ISD,52,56,1,0,0,1,0,0,5,5,35,19,4,1,97,82,34,32,14,4,932,860,6,6,9,10,1,0,88,109,519,400,82,59,1637,1444,1792,12,19,1,197,141,3081
4820250,101910,GALENA PARK ISD,51137,7169821,16203957,26060286,20250,Galena Park ISD,Galena Park,B,Major Suburban,21,Suburb-Large,N,468,513,981,1,1,2,16,20,36,0,0,0,62,95,157,51,43,94,601,683,1284,TX,TEXAS,GALENA PARK ISD,422,439,0,1,1,4,0,0,43,54,12,14,3,6,481,518,278,274,24,15,9174,8593,21,22,71,79,2,5,1790,1702,497,477,84,80,11639,10958,17767,43,150,7,3492,164,22597
4820280,84902,GALVESTON ISD,-435057,3564782,-184245,3772498,20280,Galveston ISD,Galveston,C,Other Central City,31,Town-Fringe,N,72,66,138,0,0,0,16,19,35,0,0,0,8,15,23,88,87,175,190,195,385,TX,TEXAS,GALVESTON ISD,137,108,1,0,4,4,0,0,72,57,36,41,7,4,257,214,86,62,21,10,1701,1681,12,8,89,85,5,2,842,816,853,789,89,78,3591,3459,3382,20,174,7,1658,167,7050
4820310,120902,GANADO ISD,1713,-17459,1959308,2301336,20310,Ganado ISD,Ganado,H,Rural,42,Rural-Distant,N,3,4,7,0,0,0,0,0,0,0,0,0,0,0,0,21,18,39,25,24,49,TX,TEXAS,GANADO ISD,9,13,0,0,0,0,0,0,0,0,1,3,0,0,10,16,3,2,0,1,197,220,0,0,0,0,0,0,6,13,167,154,5,4,375,391,417,0,0,0,19,9,766
4820340,57909,GARLAND ISD,-3065802,39085211,-16220396,27573098,20340,Garland ISD,Garland,B,Major Suburban,21,Suburb-Large,N,839,764,1603,4,10,14,394,342,736,1,0,1,219,247,466,677,679,1356,2204,2104,4308,TX,TEXAS,GARLAND ISD,655,621,0,7,113,105,0,0,132,114,68,71,27,13,995,931,641,621,66,21,15533,14402,97,108,2667,2373,19,20,5074,4678,5248,4767,649,645,29287,26993,29935,205,5040,39,9752,1294,56280
4820370,184911,GARNER ISD,4208,197680,198521,429795,20370,Garner ISD,Garner,H,Rural,42,Rural-Distant,N,2,2,4,0,0,0,0,0,0,0,0,0,0,0,0,5,14,19,9,17,26,TX,TEXAS,GARNER ISD,2,3,0,0,0,0,0,0,0,0,3,7,0,1,5,11,3,1,1,1,16,28,0,0,0,0,0,0,0,0,66,76,5,5,87,109,44,0,0,0,0,10,196
4820400,174903,GARRISON ISD,2035,122981,1722839,1921651,20400,Garrison ISD,Garrison,H,Rural,43,Rural-Remote,N,1,0,1,0,0,0,3,0,3,0,0,0,0,0,0,20,9,29,24,9,33,TX,TEXAS,GARRISON ISD,5,3,0,0,0,0,0,0,4,1,17,17,1,0,27,21,2,0,2,0,42,41,1,0,6,3,0,0,80,48,274,215,16,5,419,312,83,1,9,0,128,21,731
4820460,183904,GARY ISD,5234,34050,659574,699411,20460,Gary ISD,Gary,H,Rural,42,Rural-Distant,N,0,0,0,0,0,0,0,0,0,0,0,0,0,0,0,10,12,22,11,12,23,TX,TEXAS,GARY ISD,0,0,0,1,0,0,0,0,0,0,19,11,0,0,19,12,0,0,3,0,13,15,0,1,1,0,0,0,1,0,226,206,5,3,246,225,28,1,1,0,1,8,471
4820500,50902,GATESVILLE ISD,-1961,516024,1757345,2569824,20500,Gatesville ISD,Gatesville,D,Other Central City Suburban,32,Town-Distant,N,14,8,22,0,0,0,0,0,0,0,0,0,1,1,2,114,80,194,134,94,228,TX,TEXAS,GATESVILLE ISD,5,5,0,0,0,0,0,0,3,0,20,17,2,2,30,24,3,3,10,7,310,294,8,5,9,12,0,1,44,38,997,946,54,71,1422,1367,604,13,21,1,82,125,2789
4820520,166902,GAUSE ISD,260,582003,148571,755765,20520,Gause ISD,Gause,H,Rural,42,Rural-Distant,N,0,1,1,0,0,0,0,0,0,0,0,0,0,0,0,8,2,10,9,3,12,TX,TEXAS,GAUSE ISD,5,3,0,0,0,1,0,0,1,1,4,5,0,0,10,10,0,0,1,0,26,38,0,0,2,2,0,0,12,8,56,37,1,2,97,87,64,0,4,0,20,3,184
4820550,149901,GEORGE WEST ISD,-13105,-614760,2078108,1443695,20550,George West ISD,George West,G,Non-metropolitan Stable,43,Rural-Remote,N,14,8,22,0,0,0,1,0,1,0,0,0,0,0,0,37,43,80,52,53,105,TX,TEXAS,GEORGE WEST ISD,13,5,0,0,0,0,0,0,0,0,4,3,0,0,17,8,1,0,12,2,358,280,1,2,2,4,0,0,1,3,217,221,6,8,585,518,638,3,6,0,4,14,1103
4820600,246904,GEORGETOWN ISD,27571,14149042,-69483,13303958,20600,Georgetown ISD,Georgetown,C,Other Central City,13,City-Small,N,87,69,156,1,2,3,6,6,12,0,0,0,3,5,8,307,259,566,426,348,774,TX,TEXAS,GEORGETOWN ISD,139,120,3,0,4,0,0,0,13,12,47,37,9,10,215,179,60,54,44,21,2580,2448,18,16,86,67,5,7,249,203,2776,2628,239,211,5953,5580,5028,34,153,12,452,450,11533
4820610,161925,GHOLSON ISD,1032,117509,319217,416856,20610,Gholson ISD,Gholson,H,Rural,42,Rural-Distant,N,1,1,2,0,0,0,0,0,0,0,0,0,0,0,0,0,2,2,1,3,4,TX,TEXAS,GHOLSON ISD,4,5,0,0,0,0,0,0,0,0,4,3,0,0,8,8,1,0,1,1,30,43,0,0,0,0,0,0,2,4,82,93,2,2,116,142,73,0,0,0,6,4,258
4820640,144901,GIDDINGS ISD,3359,938725,2017315,3045375,20640,Giddings ISD,Giddings,G,Non-metropolitan Stable,41,Rural-Fringe,N,13,10,23,0,0,0,1,0,1,0,0,0,1,1,2,19,18,37,36,33,69,TX,TEXAS,GIDDINGS ISD,23,25,0,0,0,0,0,0,6,4,7,4,0,1,36,34,11,14,4,3,544,526,1,1,5,4,1,0,83,82,311,289,25,33,970,935,1070,2,9,1,165,58,1905
4820700,230902,GILMER ISD,20120,196429,6403228,6867373,20700,Gilmer ISD,Gilmer,D,Other Central City Suburban,41,Rural-Fringe,N,2,8,10,2,0,2,0,0,0,0,0,0,4,4,8,43,47,90,55,62,117,TX,TEXAS,GILMER ISD,13,6,0,2,0,0,0,0,15,5,21,21,8,3,57,37,7,5,2,1,253,249,12,12,6,5,0,0,158,128,760,709,82,72,1271,1175,502,24,11,0,286,154,2446
4820760,92901,GLADEWATER ISD,40048,441947,2884419,3467351,20760,Gladewater ISD,Gladewater,D,Other Central City Suburban,23,Suburb-Small,N,9,5,14,0,0,0,1,0,1,0,0,0,3,10,13,54,42,96,71,58,129,TX,TEXAS,GLADEWATER ISD,8,5,1,0,1,0,0,0,15,10,19,16,1,1,45,32,5,1,11,7,160,148,3,3,5,5,0,0,182,182,554,438,53,52,957,828,308,6,10,0,364,105,1785
4820790,87901,GLASSCOCK COUNTY ISD,-94137,4763445,758043,3973553,20790,Glasscock County ISD,Glasscock,H,Rural,43,Rural-Remote,N,0,2,2,0,0,0,0,0,0,0,0,0,0,0,0,14,12,26,14,14,28,TX,TEXAS,GLASSCOCK COUNTY ISD,5,3,0,0,0,0,0,0,0,0,3,4,0,0,8,7,0,0,0,0,76,67,0,0,0,0,0,0,0,0,88,80,0,0,164,147,143,0,0,0,0,0,311
4820850,213901,GLEN ROSE ISD,13044,-2536000,2489383,-2341596,20850,Glen Rose ISD,Glen Rose,G,Non-metropolitan Stable,42,Rural-Distant,N,7,8,15,1,1,2,0,1,1,0,0,0,0,0,0,49,57,106,58,67,125,TX,TEXAS,GLEN ROSE ISD,18,20,0,0,1,0,0,0,0,0,10,19,1,0,30,39,9,10,4,2,279,270,7,6,10,18,0,1,6,5,564,592,21,27,887,919,549,13,28,1,11,48,1806
4820960,126911,GODLEY ISD,-46486,1605592,2958069,4745943,20960,Godley ISD,Godley,B,Major Suburban,42,Rural-Distant,N,9,1,10,0,1,1,0,1,1,0,0,0,0,0,0,24,35,59,33,38,71,TX,TEXAS,GODLEY ISD,13,11,1,0,0,0,0,0,1,0,36,32,0,1,51,44,10,2,3,1,273,248,8,9,2,3,1,1,12,11,737,661,24,20,1057,953,521,17,5,2,23,44,2010
4820970,169906,GOLD BURG ISD,-6771,142150,362916,472758,20970,Gold-Burg ISD,Gold-Burg,H,Rural,42,Rural-Distant,N,0,0,0,0,0,0,0,0,0,0,0,0,0,0,0,5,1,6,5,2,7,TX,TEXAS,GOLD BURG ISD,0,0,0,0,0,0,0,0,0,0,0,0,0,0,0,0,0,0,0,0,4,10,1,0,0,0,0,0,4,1,42,40,2,4,53,55,14,1,0,0,5,6,108
4821000,167901,GOLDTHWAITE ISD,252,399834,90554,519318,21000,Goldthwaite Cons ISD,Goldthwaite Cons,H,Rural,43,Rural-Remote,N,4,1,5,0,0,0,0,0,0,0,0,0,0,0,0,18,17,35,22,18,40,TX,TEXAS,GOLDTHWAITE ISD,0,4,0,0,0,0,0,0,0,0,10,4,0,0,10,8,0,1,4,2,82,70,1,0,1,3,0,0,1,0,224,190,2,0,311,263,152,1,4,0,1,2,574
4821030,88902,GOLIAD ISD,265034,-32399,620013,1455234,21030,Goliad ISD,Goliad,G,Non-metropolitan Stable,42,Rural-Distant,N,11,20,31,0,0,0,0,0,0,0,0,0,0,1,1,28,42,70,39,63,102,TX,TEXAS,GOLIAD ISD,31,21,0,0,0,0,0,0,2,2,10,12,0,0,43,35,1,0,11,2,361,295,1,1,3,0,0,0,37,33,291,296,12,11,705,636,656,2,3,0,70,23,1341
4821060,89901,GONZALES ISD,-4909,4430833,2768619,7507603,21060,Gonzales ISD,Gonzales,G,Non-metropolitan Stable,32,Town-Distant,N,25,21,46,0,0,0,0,0,0,0,0,0,0,1,1,25,26,51,50,48,98,TX,TEXAS,GONZALES ISD,54,62,0,0,0,0,0,0,10,6,17,14,0,0,81,82,29,24,7,1,1029,899,1,1,4,1,2,0,124,104,339,335,6,2,1505,1342,1928,2,5,2,228,8,2847
4821090,187903,GOODRICH ISD,68,77610,811956,1021029,21090,Goodrich ISD,Goodrich,H,Rural,42,Rural-Distant,N,1,0,1,0,0,0,0,0,0,0,0,0,0,0,0,1,0,1,2,0,2,TX,TEXAS,GOODRICH ISD,4,0,0,0,0,0,0,0,0,1,4,1,0,0,8,2,0,0,1,0,68,41,0,0,0,0,0,0,22,14,52,36,1,6,143,97,109,0,0,0,36,7,240
4821150,101911,GOOSE CREEK CISD,-109554,5514820,17051667,27790661,21150,Goose Creek Consolidated ISD,Goose Creek Cons,B,Major Suburban,13,City-Small,N,441,509,950,2,2,4,32,49,81,3,0,3,74,103,177,327,377,704,895,1068,1963,TX,TEXAS,GOOSE CREEK CISD,311,308,3,3,2,10,1,0,66,83,56,59,15,10,454,473,145,144,24,6,7594,7029,22,39,189,193,16,10,1794,1802,2339,2178,214,229,12168,11480,14623,61,382,26,3596,443,23648
4821180,182901,GORDON ISD,311,-92710,443015,366214,21180,Gordon ISD,Gordon,H,Rural,43,Rural-Remote,N,0,0,0,0,0,0,0,0,0,0,0,0,0,0,0,2,1,3,2,1,3,TX,TEXAS,GORDON ISD,2,1,0,0,0,0,0,0,0,0,3,3,0,0,5,4,0,0,0,0,25,16,0,0,1,0,0,0,1,0,77,56,2,3,106,75,41,0,1,0,1,5,181
4821270,67904,GORMAN ISD,1730,37476,332835,618267,21270,Gorman ISD,Gorman,H,Rural,43,Rural-Remote,N,3,1,4,0,0,0,0,0,0,0,0,0,0,0,0,3,4,7,7,5,12,TX,TEXAS,GORMAN ISD,4,4,0,0,0,0,0,0,1,1,9,5,0,0,14,10,0,0,4,0,54,55,0,0,0,0,0,0,2,1,97,90,5,2,158,148,109,0,0,0,3,7,306
4821300,156905,GRADY ISD,-3884,9104820,1550763,10198312,21300,Grady ISD,Grady,H,Rural,42,Rural-Distant,N,3,1,4,0,0,0,0,0,0,0,0,0,0,0,0,7,6,13,10,7,17,TX,TEXAS,GRADY ISD,4,2,0,0,0,0,0,0,0,0,3,7,0,0,7,9,0,0,0,0,49,44,0,0,2,1,0,0,0,0,81,74,1,0,133,119,93,0,3,0,0,1,252
4821330,182902,GRAFORD ISD,1040,698182,-233628,512402,21330,Graford ISD,Graford,H,Rural,43,Rural-Remote,N,0,3,3,0,0,0,0,0,0,0,0,0,0,0,0,25,17,42,25,21,46,TX,TEXAS,GRAFORD ISD,3,2,0,0,0,0,0,0,0,0,9,5,1,0,13,7,2,1,2,0,20,34,0,0,1,2,0,0,0,0,152,140,1,2,174,178,54,0,3,0,0,3,352
4821360,252901,GRAHAM ISD,-40719,-63943,1865809,1490756,21360,Graham ISD,Graham,G,Non-metropolitan Stable,33,Town-Remote,N,0,1,1,0,0,0,1,0,1,0,0,0,0,0,0,25,16,41,26,18,44,TX,TEXAS,GRAHAM ISD,21,15,0,0,0,0,0,0,0,1,29,9,1,1,51,26,12,5,12,2,383,338,4,8,5,4,1,0,13,18,759,787,26,22,1191,1177,721,12,9,1,31,48,2368
4821390,111901,GRANBURY ISD,754132,12034419,-2870912,9566922,21390,Granbury ISD,Granbury,D,Other Central City Suburban,32,Town-Distant,N,36,35,71,0,1,1,2,5,7,1,1,2,3,1,4,275,218,493,323,264,587,TX,TEXAS,GRANBURY ISD,40,41,0,1,1,0,0,0,1,1,90,63,0,1,132,107,27,26,33,9,851,795,25,18,28,28,13,8,40,43,2714,2435,62,75,3733,3402,1646,43,56,21,83,137,7135
4821420,57910,GRAND PRAIRIE ISD,992233,16754766,11175099,26754902,21420,Grand Prairie ISD,Grand Prairie,B,Major Suburban,21,Suburb-Large,N,487,474,961,1,4,5,73,76,149,1,0,1,104,153,257,201,185,386,899,932,1831,TX,TEXAS,GRAND PRAIRIE ISD,486,488,3,1,32,17,0,0,146,126,65,58,28,18,760,708,254,240,65,39,9799,9624,56,45,464,451,16,6,2629,2596,1539,1447,307,341,14810,14510,19423,101,915,22,5225,648,29320
4821450,234904,GRAND SALINE ISD,-53790,319163,1695895,2135593,21450,Grand Saline ISD,Grand Saline,G,Non-metropolitan Stable,32,Town-Distant,N,2,5,7,0,0,0,0,0,0,0,0,0,0,0,0,25,22,47,28,27,55,TX,TEXAS,GRAND SALINE ISD,8,16,0,0,0,0,0,0,0,0,21,18,2,0,31,34,7,13,1,0,154,161,4,1,1,3,0,0,5,2,421,335,11,7,596,509,315,5,4,0,7,18,1105
4821480,238904,GRANDFALLS-ROYALTY ISD,0,1102992,93421,1162348,21480,Grandfalls-Royalty ISD,Grandfalls-Royalty,H,Rural,43,Rural-Remote,N,0,0,0,0,0,0,0,0,0,0,0,0,0,0,0,0,0,0,0,0,0,TX,TEXAS,GRANDFALLS-ROYALTY ISD,5,3,0,0,0,0,0,0,0,0,1,2,0,0,6,5,0,0,0,0,60,49,0,0,0,0,0,0,1,1,24,25,0,2,85,77,109,0,0,0,2,2,162
4821540,126904,GRANDVIEW ISD,-127627,706627,2126000,2930631,21540,Grandview ISD,Grandview,F,Non-metropolitan Fast Growing,42,Rural-Distant,N,1,3,4,0,0,0,1,1,2,0,0,0,0,0,0,43,35,78,46,42,88,TX,TEXAS,GRANDVIEW ISD,7,3,0,0,0,0,0,0,0,1,8,11,0,1,15,16,3,4,0,0,112,102,2,3,4,4,0,0,12,6,501,436,14,10,645,561,214,5,8,0,18,24,1206
4821560,90905,GRANDVIEW-HOPKINS ISD,-605,100922,13518,109046,21560,Grandview-Hopkins ISD,Grandview-Hopkins,H,Rural,43,Rural-Remote,N,0,0,0,0,0,0,0,0,0,0,0,0,0,0,0,0,0,0,0,0,0,TX,TEXAS,GRANDVIEW-HOPKINS ISD,0,0,0,0,0,0,0,0,0,0,0,0,0,0,0,0,0,0,0,0,5,3,0,0,0,0,0,0,1,0,15,26,0,0,21,29,8,0,0,0,1,0,50
4821590,246905,GRANGER ISD,-4312,257403,1134155,1375264,21590,Granger ISD,Granger,H,Rural,42,Rural-Distant,N,2,1,3,0,0,0,0,0,0,0,0,0,0,0,0,9,6,15,11,7,18,TX,TEXAS,GRANGER ISD,5,5,0,0,0,0,0,0,0,0,4,6,0,0,9,11,2,1,0,1,112,97,0,0,0,0,0,0,3,3,125,98,2,7,242,205,209,0,0,0,6,9,447
4821600,226907,GRAPE CREEK ISD,-14930,408490,3869164,4199730,21600,Grape Creek ISD,Grape Creek,D,Other Central City Suburban,41,Rural-Fringe,N,10,10,20,0,0,0,0,0,0,0,0,0,0,0,0,21,12,33,31,23,54,TX,TEXAS,GRAPE CREEK ISD,14,7,0,0,0,0,0,0,0,0,11,9,2,0,27,16,1,1,9,4,287,221,1,0,1,2,0,0,5,6,309,279,13,14,616,522,508,1,3,0,11,27,1138
4821630,113902,GRAPELAND ISD,-21857,319498,1660836,2168415,21630,Grapeland ISD,Grapeland,F,Non-metropolitan Fast Growing,43,Rural-Remote,N,0,0,0,0,0,0,0,1,1,0,0,0,2,0,2,11,10,21,13,12,25,TX,TEXAS,GRAPELAND ISD,2,2,0,0,1,0,0,0,2,4,10,7,2,0,17,13,1,1,1,0,22,29,0,0,1,4,0,2,70,48,169,137,12,12,274,232,51,0,5,2,118,24,506
4821660,220906,GRAPEVINE-COLLEYVILLE ISD,2446775,5282098,1958645,11951209,21660,Grapevine-Colleyville ISD,Grapevine-Colleyville,B,Major Suburban,13,City-Small,N,214,215,429,3,1,4,227,221,448,0,1,1,25,30,55,960,934,1894,1499,1477,2976,TX,TEXAS,GRAPEVINE-COLLEYVILLE ISD,65,61,0,0,11,15,0,0,12,11,46,40,5,9,139,136,59,51,11,6,1720,1782,26,20,639,687,11,6,386,373,3784,3700,365,416,6931,6984,3502,46,1326,17,759,781,13915
4821720,116905,GREENVILLE ISD,-78944,4049171,3600881,7820932,21720,Greenville ISD,Greenville,E,Independent Town,32,Town-Distant,N,88,70,158,1,2,3,1,4,5,0,0,0,17,8,25,159,149,308,274,247,521,TX,TEXAS,GREENVILLE ISD,66,85,0,1,2,3,0,0,34,40,53,37,5,8,160,174,37,51,12,7,1258,1114,9,8,16,26,2,7,472,408,992,887,122,131,2871,2581,2372,17,42,9,880,253,5452
4821750,165902,GREENWOOD ISD,505224,13443087,4795793,17995938,21750,Greenwood ISD,Greenwood,D,Other Central City Suburban,42,Rural-Distant,N,10,10,20,0,0,0,0,1,1,0,0,0,1,0,1,66,57,123,78,69,147,TX,TEXAS,GREENWOOD ISD,12,15,0,0,0,0,0,0,0,0,9,4,0,1,21,20,3,4,4,1,653,637,4,2,3,1,0,0,9,6,695,660,18,17,1382,1323,1290,6,4,0,15,35,2705
4821780,205902,GREGORY-PORTLAND ISD,-15869,20876939,4884547,26085577,21780,Gregory-Portland ISD,Gregory-Portland,D,Other Central City Suburban,21,Suburb-Large,N,57,48,105,0,1,1,4,4,8,0,0,0,0,0,0,86,70,156,150,123,273,TX,TEXAS,GREGORY-PORTLAND ISD,44,40,0,0,2,1,0,0,0,1,7,14,3,1,56,57,4,6,5,0,1464,1248,10,11,44,34,5,5,37,23,970,896,49,38,2579,2255,2712,21,78,10,60,87,4834
4821810,147902,GROESBECK ISD,-89934,1475642,-3184546,-1464236,21810,Groesbeck ISD,Groesbeck,G,Non-metropolitan Stable,41,Rural-Fringe,N,11,9,20,0,1,1,2,2,4,0,0,0,2,3,5,39,50,89,59,67,126,TX,TEXAS,GROESBECK ISD,16,10,1,0,0,1,0,0,7,3,25,30,4,4,53,48,1,1,4,1,269,226,4,5,6,9,0,0,105,118,514,501,43,28,941,887,495,9,15,0,223,71,1828
4821840,33901,GROOM ISD,-3766,970534,-1318755,-174397,21840,Groom ISD,Groom,H,Rural,43,Rural-Remote,N,0,0,0,0,0,0,0,0,0,0,0,0,0,0,0,4,6,10,4,6,10,TX,TEXAS,GROOM ISD,3,0,0,0,0,0,0,0,0,0,4,4,0,0,7,4,0,0,1,0,9,10,0,1,0,0,0,0,3,0,72,53,0,0,84,64,19,1,0,0,3,0,148
4821900,228901,GROVETON ISD,-1147,139031,417983,711080,21900,Groveton ISD,Groveton,H,Rural,43,Rural-Remote,N,4,0,4,0,0,0,1,0,1,0,0,0,0,0,0,25,32,57,31,33,64,TX,TEXAS,GROVETON ISD,6,7,0,0,0,0,0,0,1,1,13,11,0,0,20,19,2,4,1,0,56,55,0,0,1,3,0,0,26,20,299,283,12,14,394,375,111,0,4,0,46,26,769
4821930,98901,GRUVER ISD,-9414,-315334,-483069,-429609,21930,Gruver ISD,Gruver,H,Rural,43,Rural-Remote,N,2,1,3,0,0,0,0,0,0,0,0,0,0,0,0,17,19,36,19,20,39,TX,TEXAS,GRUVER ISD,3,4,1,0,0,0,0,0,0,0,3,1,0,0,7,5,1,2,2,0,99,109,1,1,0,2,0,0,0,0,112,102,0,3,212,217,208,2,2,0,0,3,429
4821960,91917,GUNTER ISD,-3813,1299013,1432356,2583260,21960,Gunter ISD,Gunter,F,Non-metropolitan Fast Growing,42,Rural-Distant,N,7,2,9,0,0,0,1,0,1,0,0,0,0,0,0,33,28,61,44,30,74,TX,TEXAS,GUNTER ISD,5,12,0,0,1,0,0,0,0,1,18,11,0,0,24,24,5,8,5,0,112,111,4,2,3,1,0,0,4,6,366,301,11,11,500,432,223,6,4,0,10,22,932
4821990,47903,GUSTINE ISD,-115,196163,305563,645797,21990,Gustine ISD,Gustine,H,Rural,43,Rural-Remote,N,1,0,1,0,0,0,0,0,0,0,0,0,0,0,0,0,0,0,1,0,1,TX,TEXAS,GUSTINE ISD,5,7,0,0,0,0,0,0,0,0,1,2,0,0,6,9,1,2,0,0,51,48,0,0,0,0,0,0,0,0,24,17,0,1,75,66,99,0,0,0,0,1,141
4822020,135001,GUTHRIE CSD,-3609,340073,-1119618,-733095,22020,Guthrie CSD,Guthrie CSD,H,Rural,43,Rural-Remote,N,0,0,0,0,0,0,0,0,0,0,0,0,0,0,0,5,6,11,5,6,11,TX,TEXAS,GUTHRIE CSD,0,1,0,0,0,0,0,0,0,0,2,2,0,0,2,3,0,1,0,1,4,6,0,0,0,0,0,0,0,0,35,59,0,0,39,65,10,0,0,0,0,0,104
4822050,95903,HALE CENTER ISD,3153,4446,2039366,1903818,22050,Hale Center ISD,Hale Center,H,Rural,42,Rural-Distant,N,1,2,3,0,0,0,0,0,0,0,0,0,0,0,0,3,4,7,4,6,10,TX,TEXAS,HALE CENTER ISD,10,13,0,0,0,0,0,0,1,1,7,2,0,0,18,16,1,0,1,0,219,221,2,2,1,1,2,1,9,4,80,64,2,4,315,297,440,4,2,3,13,6,612
4822120,143901,HALLETTSVILLE ISD,-79,1122602,-109614,1333109,22120,Hallettsville ISD,Hallettsville,G,Non-metropolitan Stable,43,Rural-Remote,N,2,2,4,0,0,0,0,0,0,0,0,0,0,1,1,29,34,63,34,39,73,TX,TEXAS,HALLETTSVILLE ISD,5,6,0,0,0,0,0,0,3,2,12,13,1,1,21,22,1,0,0,0,107,124,1,4,1,1,0,0,58,53,379,357,20,17,566,556,231,5,2,0,111,37,1122
4822140,161924,HALLSBURG ISD,6087,113298,146846,250491,22140,Hallsburg ISD,Hallsburg,H,Rural,42,Rural-Distant,N,0,0,0,0,0,0,0,0,0,0,0,0,0,0,0,3,6,9,3,6,9,TX,TEXAS,HALLSBURG ISD,5,2,0,0,0,0,0,0,1,0,7,6,0,1,13,9,2,0,0,0,20,12,0,0,0,0,0,0,1,4,66,65,2,1,89,82,32,0,0,0,5,3,171
4822170,102904,HALLSVILLE ISD,-28736,1458333,50452793,54923469,22170,Hallsville ISD,Hallsville,D,Other Central City Suburban,31,Town-Fringe,N,18,17,35,0,1,1,2,6,8,0,0,0,6,6,12,161,161,322,191,193,384,TX,TEXAS,HALLSVILLE ISD,23,16,1,0,0,0,0,0,6,4,36,37,6,3,72,60,14,9,4,2,411,366,8,6,23,24,0,1,171,150,1869,1792,128,116,2610,2455,777,14,47,1,321,244,5065
4822230,97902,HAMILTON ISD,10287,272619,1413418,1610551,22230,Hamilton ISD,Hamilton,H,Rural,33,Town-Remote,N,3,4,7,0,0,0,0,0,0,0,0,0,0,0,0,21,29,50,25,34,59,TX,TEXAS,HAMILTON ISD,7,5,0,0,0,0,0,0,0,0,14,16,2,0,23,21,6,1,2,3,84,76,1,0,0,2,0,0,3,0,346,329,4,5,438,412,160,1,2,0,3,9,850
4822260,127903,HAMLIN ISD,447,145297,1176502,1369050,22260,Hamlin ISD,Hamlin,H,Rural,43,Rural-Remote,N,0,1,1,0,0,0,0,1,1,0,0,0,0,0,0,6,2,8,7,5,12,TX,TEXAS,HAMLIN ISD,10,8,0,0,0,0,0,0,2,0,7,6,0,2,19,16,1,1,0,1,97,71,0,0,1,3,0,0,6,7,101,87,9,15,214,183,168,0,4,0,13,24,397
4822320,123914,HAMSHIRE-FANNETT ISD,-32482,653946,3083400,8535277,22320,Hamshire-Fannett ISD,Hamshire-Fannett,D,Other Central City Suburban,42,Rural-Distant,N,0,2,2,0,0,0,0,0,0,0,0,0,0,0,0,7,17,24,7,19,26,TX,TEXAS,HAMSHIRE-FANNETT ISD,12,3,0,0,0,0,0,0,2,1,13,14,0,2,27,20,8,2,0,0,182,155,9,5,21,16,0,2,79,62,709,660,18,14,1018,914,337,14,37,2,141,32,1932
4822350,219901,HAPPY ISD,44,57509,253677,398076,22350,Happy ISD,Happy,H,Rural,42,Rural-Distant,N,0,3,3,0,0,0,0,0,0,0,0,0,0,0,0,1,1,2,1,4,5,TX,TEXAS,HAPPY ISD,1,2,0,0,0,0,0,0,0,0,5,6,0,0,6,8,1,1,1,1,23,22,0,0,0,0,0,0,4,0,112,99,2,1,141,122,45,0,0,0,4,3,263
4822380,146904,HARDIN ISD,-4629,753598,37673,1139611,22380,Hardin ISD,Hardin,G,Non-metropolitan Stable,42,Rural-Distant,N,5,4,9,0,0,0,0,0,0,0,0,0,0,0,0,10,22,32,15,27,42,TX,TEXAS,HARDIN ISD,3,5,1,0,0,0,0,0,1,0,22,26,1,2,28,33,0,0,2,1,89,90,11,2,3,1,0,0,26,21,570,556,19,20,718,690,179,13,4,0,47,39,1408
4822410,100905,HARDIN-JEFFERSON ISD,-121106,1715079,3064788,5444602,22410,Hardin-Jefferson ISD,Hardin-Jefferson,D,Other Central City Suburban,42,Rural-Distant,N,2,3,5,0,0,0,0,2,2,0,0,0,3,5,8,57,48,105,64,60,124,TX,TEXAS,HARDIN-JEFFERSON ISD,6,4,0,0,1,0,0,0,6,3,27,25,1,0,41,32,5,3,15,4,115,96,4,1,6,10,2,0,119,103,903,849,23,19,1172,1078,211,5,16,2,222,42,2250
4822470,15904,HARLANDALE ISD,-134628,3114455,1426933,3913928,22470,Harlandale ISD,Harlandale,B,Major Suburban,11,City-Large,N,464,410,874,1,4,5,1,0,1,0,0,0,0,1,1,11,5,16,480,420,900,TX,TEXAS,HARLANDALE ISD,537,529,0,0,0,0,0,0,1,5,5,3,0,0,543,537,107,111,40,23,7234,6845,4,3,9,3,0,0,30,15,117,112,8,8,7402,6986,14079,7,12,0,45,16,14388
4822500,102905,HARLETON ISD,-5818,129504,1509447,1778157,22500,Harleton ISD,Harleton,H,Rural,42,Rural-Distant,N,1,3,4,0,0,0,0,0,0,0,0,0,1,1,2,26,26,52,28,31,59,TX,TEXAS,HARLETON ISD,0,1,0,0,0,0,0,0,0,0,7,8,0,1,7,10,0,0,1,0,21,31,0,1,1,0,0,0,10,3,346,310,17,9,395,354,52,1,1,0,13,26,749
4822530,31903,HARLINGEN CISD,153213,2233395,7902486,8054638,22530,Harlingen Cons ISD,Harlingen Cons,D,Other Central City Suburban,13,City-Small,N,522,574,1096,0,0,0,9,7,16,0,0,0,2,0,2,66,70,136,600,654,1254,TX,TEXAS,HARLINGEN CISD,491,480,0,0,1,2,0,0,2,7,10,18,1,1,505,508,99,100,64,27,8944,8223,10,7,41,38,6,7,43,38,542,460,25,16,9611,8789,17167,17,79,13,81,41,18400
4822560,230905,HARMONY ISD,13918,723580,1904931,2695789,22560,Harmony ISD,Harmony,E,Independent Town,42,Rural-Distant,N,4,2,6,0,0,0,1,0,1,0,0,0,0,0,0,39,34,73,44,38,82,TX,TEXAS,HARMONY ISD,6,3,0,0,0,0,0,0,1,0,8,8,0,0,15,11,4,1,3,0,92,78,0,0,1,1,0,0,2,3,443,435,6,14,544,531,170,0,2,0,5,20,1075
4822590,86902,HARPER ISD,-10644,508783,-43538,476149,22590,Harper ISD,Harper,H,Rural,43,Rural-Remote,N,1,1,2,0,0,0,0,0,0,0,0,0,0,0,0,14,18,32,15,19,34,TX,TEXAS,HARPER ISD,4,2,0,0,0,0,0,0,0,0,9,8,0,0,13,10,0,0,1,0,42,37,1,0,1,1,1,1,0,0,257,244,3,4,305,287,79,1,2,2,0,7,592
4822620,244901,HARROLD ISD,-2824,259614,-76781,626495,22620,Harrold ISD,Harrold,H,Rural,42,Rural-Distant,N,1,2,3,0,0,0,0,0,0,0,0,0,0,0,0,7,9,16,8,11,19,TX,TEXAS,HARROLD ISD,0,0,0,0,0,0,0,0,0,0,0,0,0,0,0,0,0,0,0,0,11,29,0,0,0,2,0,0,0,0,29,42,1,0,41,73,40,0,2,0,0,1,114
4822650,35902,HART ISD,-4304,-115118,319003,186610,22650,Hart ISD,Hart,H,Rural,43,Rural-Remote,N,2,7,9,0,0,0,0,0,0,0,0,0,1,0,1,1,0,1,4,7,11,TX,TEXAS,HART ISD,11,7,0,0,0,0,0,0,0,0,1,1,0,0,12,8,11,7,1,0,92,102,0,0,0,0,0,0,4,0,6,2,0,1,102,105,194,0,0,0,4,1,207
4822680,103902,HARTLEY ISD,1463,117778,329939,449199,22680,Hartley ISD,Hartley,H,Rural,43,Rural-Remote,N,2,0,2,0,0,0,0,0,0,0,0,0,0,0,0,1,5,6,3,5,8,TX,TEXAS,HARTLEY ISD,9,4,0,0,0,0,0,0,0,0,1,2,0,1,10,7,7,4,0,0,63,77,0,0,0,0,0,0,0,0,46,52,1,2,110,131,140,0,0,0,0,3,241
4822710,225907,HARTS BLUFF ISD,-37001,148322,2101138,2237359,22710,Harts Bluff ISD,Harts Bluff,H,Rural,41,Rural-Fringe,N,2,5,7,0,0,0,0,1,1,0,0,0,0,0,0,7,5,12,9,11,20,TX,TEXAS,HARTS BLUFF ISD,8,6,0,0,0,0,0,0,0,0,5,5,0,0,13,11,13,11,0,0,143,154,0,0,1,1,0,0,1,0,145,152,3,4,293,311,297,0,2,0,1,7,604
4822740,104901,HASKELL CISD,-1649,1067635,-634953,916284,22740,Haskell Cons ISD,Haskell Cons,H,Rural,41,Rural-Fringe,N,0,2,2,0,0,0,0,0,0,0,0,0,0,0,0,3,4,7,3,6,9,TX,TEXAS,HASKELL CISD,16,15,0,1,0,1,0,0,1,2,5,7,0,0,22,26,0,1,2,1,113,126,2,4,2,1,0,0,11,19,135,123,6,11,269,284,239,6,3,0,30,17,553
4822770,250902,HAWKINS ISD,7156,2629185,-793447,1957064,22770,Hawkins ISD,Hawkins,H,Rural,42,Rural-Distant,N,2,3,5,0,0,0,0,0,0,0,0,0,0,2,2,25,25,50,30,32,62,TX,TEXAS,HAWKINS ISD,3,0,1,0,0,0,0,0,1,2,4,7,2,0,11,9,2,0,3,2,24,19,1,0,0,0,0,2,38,33,260,283,19,11,342,348,43,1,0,2,71,30,690
4822800,127904,HAWLEY ISD,-31404,86252,2783756,3049421,22800,Hawley ISD,Hawley,H,Rural,42,Rural-Distant,N,3,6,9,0,0,0,0,0,0,0,0,0,1,0,1,35,51,86,39,57,96,TX,TEXAS,HAWLEY ISD,4,4,0,0,0,0,0,0,0,0,15,8,1,1,20,13,0,0,1,0,73,78,0,0,0,0,1,0,4,1,289,280,5,5,372,364,151,0,0,1,5,10,736
4822830,198905,HEARNE ISD,-14936,662655,337828,894880,22830,Hearne ISD,Hearne,H,Rural,32,Town-Distant,N,5,5,10,0,0,0,0,0,0,0,0,0,7,5,12,2,0,2,14,11,25,TX,TEXAS,HEARNE ISD,33,16,0,0,0,0,0,0,31,40,11,13,0,0,75,69,13,3,7,7,192,153,1,1,0,0,0,1,229,191,45,36,5,6,472,388,345,2,0,1,420,11,860
4822850,65902,HEDLEY ISD,-24,45924,80521,162072,22850,Hedley ISD,Hedley,H,Rural,43,Rural-Remote,N,0,0,0,0,0,0,0,0,0,0,0,0,0,0,0,1,0,1,1,0,1,TX,TEXAS,HEDLEY ISD,0,0,0,0,0,0,0,0,0,0,0,3,1,0,1,3,0,0,0,0,12,10,1,0,0,1,0,0,0,2,40,34,1,3,54,50,22,1,1,0,2,4,104
4822890,202903,HEMPHILL ISD,-27311,485550,-764160,320471,22890,Hemphill ISD,Hemphill,G,Non-metropolitan Stable,43,Rural-Remote,N,0,3,3,0,1,1,0,1,1,0,0,0,1,1,2,25,27,52,26,33,59,TX,TEXAS,HEMPHILL ISD,0,2,0,1,0,0,0,0,4,0,22,18,1,0,27,21,0,0,1,1,34,39,3,3,0,2,0,1,54,42,335,321,39,23,465,431,73,6,2,1,96,62,896
4822920,237902,HEMPSTEAD ISD,70372,995446,818677,1580852,22920,Hempstead ISD,Hempstead,G,Non-metropolitan Stable,32,Town-Distant,N,31,35,66,0,0,0,0,0,0,0,0,0,12,8,20,17,20,37,60,66,126,TX,TEXAS,HEMPSTEAD ISD,44,56,0,0,0,0,0,0,24,32,12,7,1,0,81,95,31,37,10,0,461,476,1,2,6,2,2,0,240,208,104,92,5,7,819,787,937,3,8,2,448,12,1606
4822970,201902,HENDERSON ISD,16580,-226084,4598261,5129790,22970,Henderson ISD,Henderson,E,Independent Town,32,Town-Distant,N,11,12,23,1,1,2,3,4,7,0,0,0,6,8,14,56,78,134,79,106,185,TX,TEXAS,HENDERSON ISD,25,42,1,0,1,1,1,0,20,18,16,20,8,3,72,84,21,31,11,4,457,485,10,12,14,17,1,3,342,338,839,814,31,29,1694,1698,942,22,31,4,680,60,3392
4822980,39902,HENRIETTA ISD,618,819446,1011199,1914385,22980,Henrietta ISD,Henrietta,D,Other Central City Suburban,41,Rural-Fringe,N,0,0,0,0,1,1,1,0,1,0,0,0,0,0,0,30,24,54,32,27,59,TX,TEXAS,HENRIETTA ISD,3,2,1,0,0,1,0,0,0,0,21,16,0,1,25,20,1,0,6,4,47,42,9,7,1,4,0,0,1,1,420,402,10,14,488,470,89,16,5,0,2,24,958
4823010,59901,HEREFORD ISD,-8108,589927,2968662,3667516,23010,Hereford ISD,Hereford,D,Other Central City Suburban,32,Town-Distant,N,42,35,77,0,0,0,1,1,2,0,0,0,0,0,0,17,24,41,61,60,121,TX,TEXAS,HEREFORD ISD,156,141,0,0,0,1,0,0,0,1,9,8,0,1,165,152,51,37,15,6,1883,1863,8,3,9,6,0,0,9,11,196,214,6,11,2111,2108,3746,11,15,0,20,17,4219
4823040,208901,HERMLEIGH ISD,-8232,456403,251503,945268,23040,Hermleigh ISD,Hermleigh,H,Rural,42,Rural-Distant,N,3,3,6,0,0,0,0,0,0,0,0,0,0,0,0,6,7,13,9,10,19,TX,TEXAS,HERMLEIGH ISD,1,3,0,0,0,0,0,0,0,0,3,7,0,0,4,10,0,0,0,0,55,45,0,0,0,0,0,0,0,2,67,82,4,0,126,129,100,0,0,0,2,4,255
4823070,97903,HICO ISD,-14,173090,821711,1026572,23070,Hico ISD,Hico,H,Rural,43,Rural-Remote,N,0,0,0,0,0,0,0,0,0,0,0,0,0,0,0,5,7,12,5,8,13,TX,TEXAS,HICO ISD,1,6,0,0,0,0,0,0,1,0,20,17,0,0,22,23,1,5,4,3,66,72,0,0,0,0,0,0,2,3,263,210,6,5,337,290,138,0,0,0,5,11,627
4823100,108905,HIDALGO ISD,-6991,433825,1802634,3582493,23100,Hidalgo ISD,Hidalgo,D,Other Central City Suburban,21,Suburb-Large,N,159,183,342,0,0,0,0,0,0,0,0,0,0,0,0,0,0,0,159,183,342,TX,TEXAS,HIDALGO ISD,163,201,0,0,0,0,0,0,0,0,0,0,0,0,163,201,117,134,6,2,1601,1606,0,0,0,0,0,0,0,3,2,3,0,0,1603,1612,3207,0,0,0,3,0,3215
4823160,84903,HIGH ISLAND ISD,2382,433036,131846,648632,23160,High Island ISD,High Island,H,Rural,43,Rural-Remote,N,0,0,0,0,0,0,0,0,0,0,0,0,0,0,0,3,0,3,3,0,3,TX,TEXAS,HIGH ISLAND ISD,0,0,0,0,0,0,0,0,0,0,1,0,0,0,1,0,0,0,0,0,6,8,1,1,2,0,0,0,1,0,65,52,3,3,78,64,14,2,2,0,1,6,142
4823190,177905,HIGHLAND ISD,-22491,521064,475908,308892,23190,Highland ISD,Highland,H,Rural,42,Rural-Distant,N,1,0,1,0,0,0,0,0,0,0,0,0,0,0,0,12,6,18,13,6,19,TX,TEXAS,HIGHLAND ISD,2,2,0,0,0,0,0,0,0,0,4,4,1,0,7,6,0,0,0,0,23,23,0,0,1,0,0,0,1,2,95,87,1,0,121,112,46,0,1,0,3,1,233
4823250,57911,HIGHLAND PARK ISD,-194816,-122816,1933176,3428696,23250,Highland Park ISD (Dallas),Highland Park (Dallas),B,Major Suburban,21,Suburb-Large,N,20,20,40,2,0,2,95,82,177,3,2,5,0,1,1,379,275,654,513,395,908,TX,TEXAS,HIGHLAND PARK ISD,0,0,0,0,1,0,0,0,0,0,11,8,3,0,15,8,0,0,11,5,195,188,17,11,233,232,4,5,27,30,3013,2841,92,76,3581,3383,383,28,465,9,57,168,6964
4823280,109904,HILLSBORO ISD,-238752,691389,704442,1472822,23280,Hillsboro ISD,Hillsboro,E,Independent Town,32,Town-Distant,N,18,9,27,0,0,0,2,1,3,0,0,0,3,2,5,33,21,54,58,34,92,TX,TEXAS,HILLSBORO ISD,46,40,1,0,0,1,1,0,15,18,28,23,3,2,94,84,13,12,13,6,609,549,4,5,4,9,1,1,159,125,247,251,31,31,1055,971,1158,9,13,2,284,62,2026
4823310,84908,HITCHCOCK ISD,28286,1427386,3167059,4464412,23310,Hitchcock ISD,Hitchcock,D,Other Central City Suburban,22,Suburb-Midsize,N,16,12,28,0,0,0,0,0,0,0,0,0,9,8,17,20,13,33,47,36,83,TX,TEXAS,HITCHCOCK ISD,34,40,0,0,0,0,0,0,93,59,28,21,3,5,158,125,0,0,18,6,256,251,0,0,3,2,0,1,391,338,211,160,21,16,882,768,507,0,5,1,729,37,1650
4823370,14905,HOLLAND ISD,-6845,150665,194155,347045,23370,Holland ISD,Holland,H,Rural,42,Rural-Distant,N,2,1,3,0,0,0,0,0,0,0,0,0,0,0,0,10,4,14,12,5,17,TX,TEXAS,HOLLAND ISD,9,4,0,0,0,0,0,0,0,1,13,10,2,0,24,15,0,0,7,1,79,57,0,0,0,0,0,0,10,8,267,234,13,11,369,310,136,0,0,0,18,24,679
4823400,5902,HOLLIDAY ISD,975,1035796,3144096,4243837,23400,Holliday ISD,Holliday,D,Other Central City Suburban,42,Rural-Distant,N,1,0,1,0,1,1,0,0,0,0,0,0,0,0,0,25,24,49,28,25,53,TX,TEXAS,HOLLIDAY ISD,3,0,0,0,0,0,0,0,0,0,9,5,1,0,13,5,0,0,6,1,43,39,3,2,0,1,0,0,3,1,474,421,11,9,534,473,82,5,1,0,4,20,1007
4823430,163904,HONDO ISD,-32318,767515,-532312,398050,23430,Hondo ISD,Hondo,G,Non-metropolitan Stable,32,Town-Distant,N,21,42,63,0,0,0,0,1,1,0,0,0,0,1,1,38,49,87,59,94,153,TX,TEXAS,HONDO ISD,32,38,0,0,0,0,0,0,0,1,2,9,0,0,34,48,0,1,1,3,748,703,1,0,2,3,0,2,12,6,250,257,8,4,1021,975,1451,1,5,2,18,12,1996
4823460,74907,HONEY GROVE ISD,-12381,236242,1135000,1407869,23460,Honey Grove ISD,Honey Grove,H,Rural,43,Rural-Remote,N,3,1,4,0,1,1,0,0,0,0,0,0,1,4,5,17,24,41,22,30,52,TX,TEXAS,HONEY GROVE ISD,3,3,0,0,0,0,0,0,1,1,5,6,2,1,11,11,1,0,0,0,67,60,2,3,0,0,0,0,20,33,203,193,24,15,316,304,127,5,0,0,53,39,620
4823490,19902,HOOKS ISD,56283,43920,1569929,1858025,23490,Hooks ISD,Hooks,H,Rural,31,Town-Fringe,N,2,4,6,0,0,0,0,0,0,0,0,0,0,2,2,39,33,72,43,40,83,TX,TEXAS,HOOKS ISD,4,1,0,0,0,0,0,0,1,1,5,6,3,2,13,10,2,0,1,0,51,42,4,1,0,1,0,0,60,50,340,287,40,38,495,419,93,5,1,0,110,78,914
4823640,101912,HOUSTON ISD,-214037,121688137,6599830,149147468,23640,Houston ISD,Houston,A,Major Urban,11,City-Large,N,8709,9558,18267,21,19,40,1931,1966,3897,16,14,30,1614,2178,3792,3291,3458,6749,15993,17681,33674,TX,TEXAS,HOUSTON ISD,4936,4796,8,10,274,238,1,3,1953,2054,322,279,53,52,7547,7432,3395,3375,484,160,67632,64763,181,177,4465,4201,77,75,25738,25683,9267,9356,1224,1263,108584,105518,132395,358,8666,152,51421,2487,214102
4823670,91905,HOWE ISD,-17415,939469,3660336,4634250,23670,Howe ISD,Howe,D,Other Central City Suburban,41,Rural-Fringe,N,4,3,7,0,0,0,0,0,0,0,0,0,0,0,0,16,18,34,23,22,45,TX,TEXAS,HOWE ISD,2,4,0,0,1,1,0,0,3,0,13,10,1,0,20,15,2,15,2,4,92,112,6,7,2,2,0,2,14,7,464,406,24,23,602,559,204,13,4,2,21,47,1161
4823700,19913,HUBBARD ISD,-678,29473,525859,563177,23700,Hubbard ISD (Bowie),Hubbard (Bowie),H,Rural,42,Rural-Distant,N,0,0,0,0,0,0,0,0,0,0,0,0,0,0,0,0,3,3,0,3,3,TX,TEXAS,HUBBARD ISD,2,3,0,0,0,0,0,0,0,0,17,6,1,0,20,9,2,1,0,2,10,12,0,2,0,0,0,0,0,0,30,32,3,2,43,48,22,2,0,0,0,5,91
4823730,109905,HUBBARD ISD,-6680,281371,1266327,1526851,23730,Hubbard ISD (Hill),Hubbard (Hill),H,Rural,42,Rural-Distant,N,1,4,5,0,0,0,0,0,0,0,0,0,0,0,0,15,11,26,16,15,31,TX,TEXAS,HUBBARD ISD,2,8,0,0,0,0,0,0,0,4,13,9,1,1,16,22,0,2,3,3,32,33,0,1,0,1,0,0,26,22,138,131,9,7,205,195,65,1,1,0,48,16,400
4823760,72908,HUCKABAY ISD,190,301235,413676,758686,23760,Huckabay ISD,Huckabay,H,Rural,42,Rural-Distant,N,0,0,0,0,0,0,0,0,0,0,0,0,0,0,0,3,2,5,3,2,5,TX,TEXAS,HUCKABAY ISD,0,0,0,0,0,0,0,0,0,0,7,7,0,0,7,7,0,0,0,0,0,0,2,2,0,1,0,0,0,0,73,112,21,27,96,142,0,4,1,0,0,48,238
4823790,3902,HUDSON ISD,291156,391478,5379946,5949299,23790,Hudson ISD,Hudson,G,Non-metropolitan Stable,33,Town-Remote,N,9,7,16,1,0,1,4,2,6,0,0,0,0,0,0,67,74,141,83,84,167,TX,TEXAS,HUDSON ISD,19,20,0,2,0,0,0,0,0,12,11,25,3,2,33,61,7,11,2,4,363,372,10,12,16,10,0,0,87,93,918,934,33,40,1427,1461,735,22,26,0,180,73,2888
4823820,101925,HUFFMAN ISD,-158255,1404708,6118764,8537774,23820,Huffman ISD,Huffman,G,Non-metropolitan Stable,41,Rural-Fringe,N,14,15,29,1,2,3,0,1,1,0,0,0,1,1,2,119,91,210,135,113,248,TX,TEXAS,HUFFMAN ISD,18,15,0,0,0,0,0,0,2,1,46,38,1,1,67,55,9,9,19,5,416,371,2,4,7,8,2,0,39,46,1361,1223,21,24,1848,1676,787,6,15,2,85,45,3524
4823850,34903,HUGHES SPRINGS ISD,86637,133862,2039912,2213831,23850,Hughes Springs ISD,Hughes Springs,G,Non-metropolitan Stable,32,Town-Distant,N,3,0,3,0,0,0,1,0,1,0,0,0,0,1,1,22,13,35,26,14,40,TX,TEXAS,HUGHES SPRINGS ISD,7,10,0,0,0,1,0,0,19,5,18,14,1,1,45,31,1,3,4,1,84,66,3,1,3,4,0,0,78,62,481,451,21,19,670,603,150,4,7,0,140,40,1273
4823880,146905,HULL-DAISETTA ISD,7552,244716,1202224,1925202,23880,Hull-Daisetta ISD,Hull-Daisetta,H,Rural,42,Rural-Distant,N,0,1,1,0,0,0,0,0,0,0,0,0,4,1,5,8,9,17,12,11,23,TX,TEXAS,HULL-DAISETTA ISD,2,1,0,0,0,0,0,0,0,0,14,9,2,0,18,10,0,0,2,0,24,20,1,1,0,0,0,0,20,14,203,183,8,4,256,222,44,2,0,0,34,12,478
4823910,101913,HUMBLE ISD,-10666460,12768476,62799248,75583071,23910,Humble ISD,Humble,B,Major Suburban,21,Suburb-Large,N,354,303,657,2,6,8,102,76,178,5,4,9,123,106,229,1019,832,1851,1630,1362,2992,TX,TEXAS,HUMBLE ISD,260,254,3,2,23,14,3,3,101,110,92,78,10,5,492,466,150,166,88,50,7534,7469,88,70,664,629,102,116,4510,4281,8250,7785,445,429,21593,20779,15003,158,1293,218,8791,874,42372
4823970,133902,HUNT ISD,41232,654321,-155742,498427,23970,Hunt ISD,Hunt,H,Rural,42,Rural-Distant,N,0,0,0,0,0,0,0,0,0,0,0,0,0,0,0,8,1,9,8,1,9,TX,TEXAS,HUNT ISD,3,1,0,0,0,0,0,0,0,0,6,4,0,0,9,5,1,1,1,0,40,31,0,0,0,0,0,1,0,0,64,53,3,2,107,87,71,0,0,1,0,5,194
4824000,3904,HUNTINGTON ISD,14999,1280221,1473002,2770396,24000,Huntington ISD,Huntington,G,Non-metropolitan Stable,42,Rural-Distant,N,2,5,7,0,0,0,0,0,0,0,0,0,0,0,0,25,46,71,28,52,80,TX,TEXAS,HUNTINGTON ISD,3,2,0,0,0,0,0,0,0,0,19,14,0,1,22,17,0,0,2,0,65,63,4,8,0,1,1,0,20,20,792,687,24,33,906,812,128,12,1,1,40,57,1718
4824030,236902,HUNTSVILLE ISD,3236,9641577,14800408,24568325,24030,Huntsville ISD,Huntsville,E,Independent Town,32,Town-Distant,N,43,30,73,0,1,1,5,4,9,0,0,0,8,11,19,107,104,211,169,158,327,TX,TEXAS,HUNTSVILLE ISD,72,61,1,2,4,3,0,0,53,36,56,48,8,9,194,159,30,25,13,6,1265,1343,29,24,64,72,4,7,953,1000,1594,1718,104,97,4013,4261,2608,53,136,11,1953,201,8274
4824060,220916,HURST-EULESS-BEDFORD ISD,-8556,33953885,-9578980,25804786,24060,Hurst-Euless-Bedford ISD,Hurst-Euless-Bedford,B,Major Suburban,21,Suburb-Large,N,169,149,318,3,2,5,101,92,193,5,7,12,42,50,92,386,453,839,754,796,1550,TX,TEXAS,HURST-EULESS-BEDFORD ISD,131,115,3,1,51,47,11,13,85,76,118,100,11,9,410,361,164,168,95,34,3670,3371,59,41,934,814,318,271,2346,2157,4212,4022,616,574,12155,11250,7041,100,1748,589,4503,1190,23405
4824100,246906,HUTTO ISD,104733,11940503,2036438,15804870,24100,Hutto ISD,Hutto,D,Other Central City Suburban,21,Suburb-Large,N,47,42,89,0,0,0,4,7,11,0,0,0,13,7,20,105,81,186,179,145,324,TX,TEXAS,HUTTO ISD,62,47,1,2,1,1,0,0,13,18,55,22,5,4,137,94,27,23,41,13,1641,1546,11,9,40,42,10,7,456,440,1384,1291,184,173,3726,3508,3187,20,82,17,896,357,7234
4824120,152910,IDALOU ISD,-10978,483194,1054704,1662603,24120,Idalou ISD,Idalou,D,Other Central City Suburban,42,Rural-Distant,N,4,3,7,0,0,0,0,0,0,0,0,0,0,0,0,21,12,33,25,15,40,TX,TEXAS,IDALOU ISD,31,20,0,0,0,0,0,0,0,0,36,17,0,1,67,38,1,1,6,1,222,180,2,1,0,0,0,0,4,2,325,261,5,2,558,446,402,3,0,0,6,7,1004
4824150,120905,INDUSTRIAL ISD,-205603,2658122,-1319233,1572251,24150,Industrial ISD,Industrial,G,Non-metropolitan Stable,42,Rural-Distant,N,9,5,14,0,0,0,0,1,1,0,0,0,1,0,1,26,25,51,37,31,68,TX,TEXAS,INDUSTRIAL ISD,6,8,0,0,0,0,0,0,0,0,9,8,0,0,15,16,0,1,6,1,176,167,1,1,0,2,0,0,9,2,418,396,2,3,606,571,343,2,2,0,11,5,1177
4824180,205903,INGLESIDE ISD,-47944,-2939403,41624,1413247,24180,Ingleside ISD,Ingleside,D,Other Central City Suburban,31,Town-Fringe,N,15,7,22,0,0,0,1,0,1,0,0,0,0,0,0,15,16,31,34,24,58,TX,TEXAS,INGLESIDE ISD,20,28,0,0,0,0,0,0,2,0,22,6,2,3,46,37,1,0,1,3,622,655,3,9,9,8,1,1,12,21,486,448,42,26,1175,1168,1277,12,17,2,33,68,2343
4824210,133904,INGRAM ISD,12857,574409,1976545,3390196,24210,Ingram ISD,Ingram,G,Non-metropolitan Stable,41,Rural-Fringe,N,4,5,9,0,0,0,0,0,0,0,0,0,0,0,0,27,21,48,31,28,59,TX,TEXAS,INGRAM ISD,32,30,0,0,0,1,0,0,0,0,8,7,0,0,40,38,12,17,5,2,254,249,0,0,1,3,2,0,3,4,293,274,11,13,564,543,503,0,4,2,7,24,1107
4824240,93903,IOLA ISD,-2247,789960,948697,1742824,24240,Iola ISD,Iola,H,Rural,42,Rural-Distant,N,1,0,1,0,0,0,0,0,0,0,0,0,0,0,0,15,10,25,16,10,26,TX,TEXAS,IOLA ISD,3,3,0,0,0,0,0,0,0,0,10,7,0,0,13,10,0,0,2,0,53,36,0,0,0,1,0,0,7,9,197,193,2,0,259,239,89,0,1,0,16,2,498
4824260,243903,IOWA PARK CISD,11639,119050,3646579,3590739,24260,Iowa Park Cons ISD,Iowa Park Cons,D,Other Central City Suburban,31,Town-Fringe,N,3,2,5,0,1,1,0,0,0,0,0,0,1,0,1,58,51,109,65,56,121,TX,TEXAS,IOWA PARK CISD,5,9,0,1,0,0,0,0,0,0,35,28,2,1,42,39,0,1,5,1,99,124,10,3,5,7,2,1,3,4,790,705,36,31,945,875,223,13,12,3,7,67,1820
4824300,208903,IRA ISD,-3800,221055,120208,349010,24300,Ira ISD,Ira,H,Rural,42,Rural-Distant,N,0,0,0,0,0,0,0,0,0,0,0,0,0,0,0,6,3,9,6,3,9,TX,TEXAS,IRA ISD,0,0,0,0,0,0,0,0,0,0,0,0,0,0,0,0,0,0,0,0,32,29,0,0,0,0,0,0,1,1,94,99,0,0,127,129,61,0,0,0,2,0,256
4824330,186903,IRAAN-SHEFFIELD ISD,-40417,194543,-2066814,-1545170,24330,Iraan-Sheffield ISD,Iraan-Sheffield,H,Rural,43,Rural-Remote,N,4,6,10,0,0,0,0,1,1,0,0,0,0,0,0,3,4,7,7,11,18,TX,TEXAS,IRAAN-SHEFFIELD ISD,5,14,0,1,0,0,0,0,0,0,6,4,0,0,11,19,2,7,2,1,170,147,1,2,0,1,3,0,15,3,104,56,2,1,295,210,317,3,1,3,18,3,505
4824360,18906,IREDELL ISD,-750,139790,373000,337001,24360,Iredell ISD,Iredell,H,Rural,43,Rural-Remote,N,0,0,0,0,0,0,0,0,0,0,0,0,0,0,0,3,0,3,3,0,3,TX,TEXAS,IREDELL ISD,1,1,0,0,0,0,0,0,0,0,3,1,0,0,4,2,0,0,0,0,22,19,0,0,0,0,0,0,0,0,49,48,1,2,72,69,41,0,0,0,0,3,141
4824420,57912,IRVING ISD,1694088,22996791,-9312169,-7085256,24420,Irving ISD,Irving,B,Major Suburban,12,City-Midsize,N,1593,1620,3213,24,28,52,118,108,226,2,6,8,113,142,255,234,241,475,2108,2166,4274,TX,TEXAS,IRVING ISD,641,598,9,5,67,47,3,0,114,120,52,38,8,9,894,817,590,527,109,39,12682,11907,300,260,617,552,33,32,2188,2081,1577,1383,168,173,17565,16388,24589,560,1169,65,4269,341,33953
4824450,70907,ITALY ISD,-3525,306428,1339568,1529909,24450,Italy ISD,Italy,H,Rural,42,Rural-Distant,N,2,2,4,0,0,0,0,0,0,0,0,0,0,0,0,5,11,16,8,13,21,TX,TEXAS,ITALY ISD,3,5,0,0,0,0,0,0,4,3,17,15,2,0,26,23,1,0,4,1,91,95,1,1,1,1,0,0,47,50,164,155,14,8,318,310,186,2,2,0,97,22,628
4824480,109907,ITASCA ISD,-7282,206177,1242374,1477647,24480,Itasca ISD,Itasca,H,Rural,42,Rural-Distant,N,5,7,12,0,0,0,0,3,3,0,0,0,0,1,1,19,9,28,25,21,46,TX,TEXAS,ITASCA ISD,9,4,0,0,0,0,0,0,2,3,11,4,0,0,22,11,4,1,4,1,144,156,1,1,1,4,0,0,27,32,165,141,9,9,347,343,300,2,5,0,59,18,690
4824530,119902,JACKSBORO ISD,-12816,1149225,-509992,383510,24530,Jacksboro ISD,Jacksboro,G,Non-metropolitan Stable,33,Town-Remote,N,2,0,2,0,0,0,0,0,0,0,0,0,0,0,0,14,14,28,16,15,31,TX,TEXAS,JACKSBORO ISD,7,8,0,0,1,0,0,0,0,0,9,12,0,1,17,21,4,3,3,0,185,160,3,6,6,1,0,0,6,0,344,303,13,13,557,483,345,9,7,0,6,26,1040
4824590,37904,JACKSONVILLE ISD,9519,1321549,5880862,7492071,24590,Jacksonville ISD,Jacksonville,E,Independent Town,32,Town-Distant,N,65,32,97,0,1,1,2,3,5,0,0,0,7,5,12,59,61,120,137,107,244,TX,TEXAS,JACKSONVILLE ISD,86,66,0,0,1,0,0,0,33,24,29,31,12,8,161,129,69,49,8,4,1372,1230,4,8,15,10,0,3,415,386,692,679,80,80,2578,2396,2602,12,25,3,801,160,4974
4824600,246907,JARRELL ISD,-24339,4153381,2492019,6945850,24600,Jarrell ISD,Jarrell,D,Other Central City Suburban,42,Rural-Distant,N,11,12,23,0,0,0,2,0,2,0,0,0,1,3,4,35,27,62,54,46,100,TX,TEXAS,JARRELL ISD,27,14,0,0,2,0,0,0,5,1,21,17,2,1,57,33,57,33,12,3,445,400,0,0,8,2,2,2,54,32,333,329,47,34,889,799,845,0,10,4,86,81,1688
4824630,121904,JASPER ISD,-38188,-790493,2260659,1562491,24630,Jasper ISD,Jasper,E,Independent Town,33,Town-Remote,N,12,11,23,0,0,0,2,4,6,0,0,0,4,11,15,51,46,97,70,78,148,TX,TEXAS,JASPER ISD,14,5,0,0,1,0,0,0,32,19,18,25,8,1,73,50,9,4,6,1,230,241,1,4,4,5,1,3,514,479,471,445,46,40,1267,1217,471,5,9,4,993,86,2484
4824660,132902,JAYTON-GIRARD ISD,0,669659,-676650,4115118,24660,Jayton-Girard ISD,Jayton-Girard,H,Rural,43,Rural-Remote,N,0,0,0,0,0,0,0,0,0,0,0,0,0,0,0,0,0,0,0,0,0,TX,TEXAS,JAYTON-GIRARD ISD,2,2,0,0,0,0,0,0,0,0,5,5,0,1,7,8,0,0,1,0,17,21,0,0,0,0,0,0,0,3,58,53,0,2,75,79,38,0,0,0,3,2,154
4824730,155901,JEFFERSON ISD,-27894,6086320,1537588,1478103,24730,Jefferson ISD,Jefferson,G,Non-metropolitan Stable,42,Rural-Distant,N,0,2,2,0,1,1,1,1,2,0,0,0,12,8,20,44,34,78,58,47,105,TX,TEXAS,JEFFERSON ISD,0,1,0,0,0,0,0,0,18,20,10,22,4,0,32,43,0,1,2,2,36,40,3,3,2,4,0,0,229,215,332,369,22,18,624,649,76,6,6,0,444,40,1273
4824750,124901,JIM HOGG COUNTY ISD,-81853,151844,1492607,777359,24750,Jim Hogg County ISD,Jim Hogg County,G,Non-metropolitan Stable,33,Town-Remote,N,43,50,93,0,0,0,0,0,0,0,0,0,0,0,0,1,5,6,44,55,99,TX,TEXAS,JIM HOGG COUNTY ISD,20,28,0,0,0,0,0,0,0,0,0,0,0,0,20,28,3,4,4,1,575,545,1,0,2,0,0,0,1,0,9,18,0,0,588,563,1120,1,2,0,1,0,1151
4824780,221911,JIM NED CISD,-7907,899057,7623,1407686,24780,Jim Ned Cons ISD,Jim Ned Cons,F,Non-metropolitan Fast Growing,42,Rural-Distant,N,0,1,1,1,1,2,0,0,0,0,0,0,0,0,0,46,44,90,51,48,99,TX,TEXAS,JIM NED CISD,2,3,0,0,0,0,1,0,0,0,5,9,0,0,8,12,0,0,3,2,79,72,2,1,0,3,1,0,4,6,544,471,16,18,646,571,151,3,3,1,10,34,1217
4824810,210902,JOAQUIN ISD,-9126,446240,1849726,2381617,24810,Joaquin ISD,Joaquin,H,Rural,43,Rural-Remote,N,0,0,0,0,0,0,0,0,0,0,0,0,0,0,0,16,13,29,17,13,30,TX,TEXAS,JOAQUIN ISD,4,2,0,0,0,0,0,0,3,1,13,14,1,0,21,17,3,1,6,0,69,54,2,1,0,1,0,0,19,18,254,285,7,6,351,365,123,3,1,0,37,13,716
4824840,16901,JOHNSON CITY ISD,-3639,264923,-82386,188340,24840,Johnson City ISD,Johnson City,H,Rural,42,Rural-Distant,N,0,1,1,0,0,0,0,0,0,0,0,0,0,0,0,7,10,17,7,11,18,TX,TEXAS,JOHNSON CITY ISD,0,1,0,0,0,0,0,0,0,0,2,0,0,0,2,1,0,0,2,1,111,72,0,0,2,2,0,0,0,0,240,215,6,10,359,299,183,0,4,0,0,16,658
4824900,50909,JONESBORO ISD,-49876,88269,1240847,1305760,24900,Jonesboro ISD,Jonesboro,E,Independent Town,43,Rural-Remote,N,0,0,0,0,0,0,0,0,0,0,0,0,0,0,0,2,2,4,2,2,4,TX,TEXAS,JONESBORO ISD,0,1,0,0,0,0,0,0,0,0,11,12,0,0,11,13,0,0,1,0,14,18,1,0,0,0,0,0,0,1,149,129,2,1,166,149,32,1,0,0,1,3,315
4824930,126905,JOSHUA ISD,-1149049,2871770,8637497,12051790,24930,Joshua ISD,Joshua,D,Other Central City Suburban,41,Rural-Fringe,N,13,9,22,0,0,0,0,1,1,0,0,0,1,2,3,77,78,155,95,91,186,TX,TEXAS,JOSHUA ISD,44,33,0,1,0,1,0,0,2,1,45,31,1,1,92,68,20,13,11,2,784,770,12,13,13,11,4,3,38,40,1900,1777,75,67,2826,2681,1554,25,24,7,78,142,5507
4824960,7902,JOURDANTON ISD,10260,3211822,1662359,4970431,24960,Jourdanton ISD,Jourdanton,G,Non-metropolitan Stable,32,Town-Distant,N,10,7,17,0,0,0,0,0,0,0,0,0,0,0,0,15,33,48,25,40,65,TX,TEXAS,JOURDANTON ISD,23,30,0,0,0,2,0,0,0,0,3,5,2,0,28,37,2,1,4,1,531,461,2,0,1,5,0,0,4,6,302,292,11,7,851,771,992,2,6,0,10,18,1622
4824990,15916,JUDSON ISD,113864,16165568,4619619,21842168,24990,Judson ISD,Judson,B,Major Suburban,21,Suburb-Large,N,443,408,851,1,2,3,34,36,70,3,3,6,102,94,196,202,193,395,817,787,1604,TX,TEXAS,JUDSON ISD,227,212,1,1,8,3,3,0,54,63,56,50,17,10,366,339,69,50,81,30,6646,6545,31,23,215,237,43,50,2515,2416,1819,1727,439,392,11708,11390,13191,54,452,93,4931,831,23098
4825020,134901,JUNCTION ISD,13900,644275,-228957,544317,25020,Junction ISD,Junction,H,Rural,33,Town-Remote,N,3,1,4,0,0,0,0,0,0,0,0,0,0,0,0,20,23,43,23,24,47,TX,TEXAS,JUNCTION ISD,13,8,0,0,0,0,0,0,0,0,8,7,0,0,21,15,2,1,0,0,128,118,0,0,0,0,0,0,1,0,181,181,2,4,312,303,246,0,0,0,1,6,615
4825110,102901,KARNACK ISD,-2415,468277,-171320,321289,25110,Karnack ISD,Karnack,H,Rural,42,Rural-Distant,N,1,1,2,0,0,0,0,0,0,0,0,0,2,3,5,0,2,2,4,7,11,TX,TEXAS,KARNACK ISD,0,0,0,0,0,0,0,0,6,8,3,1,0,1,9,10,0,0,0,0,11,3,0,0,0,0,0,0,45,34,15,18,8,11,79,66,14,0,0,0,79,19,145
4825140,128901,KARNES CITY ISD,109671,-34872885,-1562948,-35655481,25140,Karnes City ISD,Karnes City,G,Non-metropolitan Stable,33,Town-Remote,N,24,30,54,0,0,0,0,0,0,0,0,0,0,0,0,29,42,71,53,72,125,TX,TEXAS,KARNES CITY ISD,23,23,0,0,1,0,0,0,2,1,4,3,0,1,30,28,1,1,7,1,399,425,0,0,1,0,0,0,15,10,137,141,1,5,553,581,824,0,1,0,25,6,1134
4825170,101914,KATY ISD,535170,29688530,127979121,158983157,25170,Katy ISD,Katy,B,Major Suburban,21,Suburb-Large,N,474,442,916,5,4,9,1356,1176,2532,3,2,5,93,126,219,1129,941,2070,3177,2785,5962,TX,TEXAS,KATY ISD,530,495,2,4,211,159,1,1,134,98,241,162,51,44,1170,963,529,552,450,205,13665,13310,122,116,5993,5740,56,52,4373,3970,14469,13174,1247,1145,39925,37507,26975,238,11733,108,8343,2392,77432
4825200,129903,KAUFMAN ISD,75255,2927117,4361156,7649143,25200,Kaufman ISD,Kaufman,D,Other Central City Suburban,32,Town-Distant,N,32,18,50,1,0,1,1,1,2,0,0,0,0,2,2,72,77,149,110,104,214,TX,TEXAS,KAUFMAN ISD,51,60,0,0,1,0,0,0,1,2,29,26,1,4,83,92,28,28,19,8,975,935,7,3,10,9,1,0,101,94,884,823,46,47,2024,1911,1910,10,19,1,195,93,3935
4825230,126906,KEENE ISD,-13506,145569,2269567,2231076,25230,Keene ISD,Keene,G,Non-metropolitan Stable,31,Town-Fringe,N,8,6,14,0,0,0,0,0,0,0,1,1,1,2,3,10,11,21,22,20,42,TX,TEXAS,KEENE ISD,1,9,0,0,0,0,7,2,0,0,7,7,0,2,15,20,4,2,0,0,182,188,3,2,4,4,94,96,21,16,197,198,17,31,518,535,370,5,8,190,37,48,1053
4825260,220907,KELLER ISD,195874,53587689,-5705925,48176514,25260,Keller ISD,Keller,B,Major Suburban,11,City-Large,N,260,218,478,5,7,12,191,175,366,0,1,1,49,49,98,1239,1098,2337,1837,1639,3476,TX,TEXAS,KELLER ISD,133,102,0,1,55,47,0,0,49,31,157,91,5,3,399,275,89,78,164,71,4069,4015,90,84,1531,1443,40,42,1594,1472,9886,9336,665,658,17875,17050,8084,174,2974,82,3066,1323,34925
4825290,242905,KELTON ISD,0,1083421,-2007203,-856172,25290,Kelton ISD,Kelton,H,Rural,43,Rural-Remote,N,0,0,0,0,0,0,0,0,0,0,0,0,0,0,0,0,0,0,0,0,0,TX,TEXAS,KELTON ISD,1,1,0,0,0,0,0,0,0,0,3,0,0,0,4,1,1,1,0,0,15,13,0,0,1,0,0,0,1,0,28,21,3,2,48,36,28,0,1,0,1,5,84
4825320,129904,KEMP ISD,20815,1596111,2583883,4543566,25320,Kemp ISD,Kemp,D,Other Central City Suburban,42,Rural-Distant,N,3,8,11,0,1,1,0,0,0,0,0,0,0,0,0,33,32,65,37,42,79,TX,TEXAS,KEMP ISD,16,10,0,0,0,1,0,0,1,1,24,24,3,4,44,40,7,4,6,0,215,174,2,5,1,3,2,0,15,15,622,511,27,26,884,734,389,7,4,2,30,53,1618
4825410,131001,KENEDY COUNTY WIDE CSD,445,868988,-29293,2224652,25410,Kenedy County-Wide CSD,Kenedy County-Wide CSD,H,Rural,43,Rural-Remote,N,1,5,6,0,0,0,0,0,0,0,0,0,0,0,0,3,0,3,4,5,9,TX,TEXAS,KENEDY COUNTY WIDE CSD,7,7,0,0,0,0,0,0,1,0,1,0,0,0,9,7,1,0,0,0,38,30,0,0,0,0,0,0,2,0,6,3,0,0,46,33,68,0,0,0,2,0,79
4825440,128902,KENEDY ISD,-98367,2956855,-881071,1575611,25440,Kenedy ISD,Kenedy,H,Rural,41,Rural-Fringe,N,2,4,6,0,0,0,0,0,0,0,0,0,0,0,0,2,2,4,4,6,10,TX,TEXAS,KENEDY ISD,31,32,0,0,0,0,0,0,0,0,4,5,0,0,35,37,3,6,14,8,353,349,0,0,1,2,0,1,13,10,46,44,4,2,417,408,702,0,3,1,23,6,825
4825470,113906,KENNARD ISD,-601,232982,-354496,-110924,25470,Kennard ISD,Kennard,H,Rural,43,Rural-Remote,N,0,0,0,0,0,0,0,0,0,0,0,0,1,1,2,9,5,14,10,6,16,TX,TEXAS,KENNARD ISD,0,2,0,0,0,0,0,0,2,4,5,7,0,2,7,15,0,0,1,1,9,12,1,1,0,0,0,0,14,17,106,112,2,4,132,146,21,2,0,0,31,6,278
4825500,220914,KENNEDALE ISD,16317,3516011,-2969890,908507,25500,Kennedale ISD,Kennedale,B,Major Suburban,21,Suburb-Large,N,24,18,42,0,1,1,9,8,17,0,0,0,8,7,15,71,73,144,121,110,231,TX,TEXAS,KENNEDALE ISD,16,14,0,0,3,1,0,0,8,6,18,8,1,3,46,32,14,7,16,6,418,339,5,6,65,63,4,3,366,352,736,636,78,55,1672,1454,757,11,128,7,718,133,3126
4825530,175907,KERENS ISD,7685,540588,722672,1250100,25530,Kerens ISD,Kerens,H,Rural,43,Rural-Remote,N,0,1,1,0,0,0,1,0,1,0,0,0,4,2,6,10,17,27,16,21,37,TX,TEXAS,KERENS ISD,1,4,0,0,0,0,0,0,5,3,5,7,3,4,14,18,0,3,4,2,83,59,1,0,1,0,0,0,91,61,138,130,18,10,332,260,142,1,1,0,152,28,592
4825560,248901,KERMIT ISD,-57865,5591468,280021,3735790,25560,Kermit ISD,Kermit,D,Other Central City Suburban,32,Town-Distant,N,14,17,31,0,2,2,1,0,1,0,0,0,0,0,0,2,7,9,17,26,43,TX,TEXAS,KERMIT ISD,42,31,0,0,0,0,0,0,0,0,6,2,0,0,48,33,7,8,7,1,585,527,3,6,6,4,0,0,12,11,124,132,4,3,734,683,1112,9,10,0,23,7,1417
4825590,133903,KERRVILLE ISD,-28235,1495032,1684649,2432757,25590,Kerrville ISD,Kerrville,E,Independent Town,33,Town-Remote,N,32,15,47,0,1,1,7,5,12,1,0,1,0,1,1,121,98,219,162,123,285,TX,TEXAS,KERRVILLE ISD,63,57,2,4,5,1,0,1,4,4,61,63,1,7,136,137,24,24,21,5,1224,1083,10,10,39,35,2,6,45,43,1242,1183,35,59,2597,2419,2307,20,74,8,88,94,5016
4825620,92902,KILGORE ISD,-251292,1136307,3246728,4059708,25620,Kilgore ISD,Kilgore,D,Other Central City Suburban,31,Town-Fringe,N,7,9,16,1,0,1,0,2,2,0,0,0,3,3,6,44,58,102,58,77,135,TX,TEXAS,KILGORE ISD,37,37,0,0,2,1,0,0,18,18,53,21,10,4,120,81,31,26,11,3,703,662,9,8,24,12,0,1,305,285,997,880,98,95,2136,1943,1365,17,36,1,590,193,4079
4825660,14906,KILLEEN ISD,-794564,7499875,43043796,52924046,25660,Killeen ISD,Killeen,C,Other Central City,12,City-Midsize,N,206,147,353,2,3,5,37,34,71,13,13,26,117,113,230,265,251,516,708,641,1349,TX,TEXAS,KILLEEN ISD,528,504,8,9,36,29,27,39,512,517,427,459,127,143,1665,1700,208,197,143,67,6760,6602,138,112,574,528,482,449,7767,7691,5061,4866,1638,1609,22420,21857,13362,250,1102,931,15458,3247,44277
4825680,137901,KINGSVILLE ISD,-35932,37642,-2836379,-4284505,25680,Kingsville ISD,Kingsville,E,Independent Town,32,Town-Distant,N,33,66,99,0,0,0,1,4,5,0,0,0,4,7,11,4,7,11,43,84,127,TX,TEXAS,KINGSVILLE ISD,110,112,0,0,2,2,0,0,5,0,8,9,0,0,125,123,4,8,7,5,1499,1428,2,0,19,15,0,1,78,53,150,142,2,1,1750,1640,2927,2,34,1,131,3,3390
4825710,121905,KIRBYVILLE CISD,12200,301405,1072488,1307064,25710,Kirbyville Cons ISD,Kirbyville Cons,G,Non-metropolitan Stable,43,Rural-Remote,N,5,2,7,0,0,0,0,1,1,0,0,0,1,0,1,31,34,65,39,37,76,TX,TEXAS,KIRBYVILLE CISD,3,4,0,0,0,0,0,0,6,0,21,20,1,1,31,25,1,4,2,0,62,53,1,0,2,5,0,0,82,60,617,555,26,40,790,713,115,1,7,0,142,66,1503
4825740,101915,KLEIN ISD,78073,17964137,13824126,37498864,25740,Klein ISD,Klein,B,Major Suburban,21,Suburb-Large,N,270,205,475,3,0,3,224,217,441,0,0,0,64,66,130,563,445,1008,1190,996,2186,TX,TEXAS,KLEIN ISD,416,392,2,3,86,62,0,1,86,74,106,71,31,15,727,618,365,336,144,57,11334,10708,88,84,2350,2169,29,26,3918,3689,8600,7985,1054,936,27373,25597,22042,172,4519,55,7607,1990,52970
4825790,58905,KLONDIKE ISD,1438,6307760,-1578540,4174962,25790,Klondike ISD,Klondike,H,Rural,43,Rural-Remote,N,2,1,3,0,0,0,0,0,0,0,0,0,0,0,0,14,10,24,16,11,27,TX,TEXAS,KLONDIKE ISD,2,4,0,0,0,0,0,0,1,0,7,2,0,0,10,6,0,0,0,0,38,40,0,1,0,1,0,0,1,2,81,81,0,1,120,126,78,1,1,0,3,1,246
4825800,232901,KNIPPA ISD,-3564,-793704,2121176,1511652,25800,Knippa ISD,Knippa,H,Rural,42,Rural-Distant,N,14,15,29,0,0,0,2,2,4,0,0,0,0,0,0,15,19,34,31,36,67,TX,TEXAS,KNIPPA ISD,10,7,0,0,0,0,0,0,0,0,8,10,0,0,18,17,0,0,1,0,126,133,0,0,3,4,0,0,0,1,88,100,0,0,217,238,259,0,7,0,1,0,455
4825870,138902,KNOX CITY-O'BRIEN CISD,-6785,-30709,122781,93827,25870,Knox City-O'Brien Cons ISD,Knox City-O'Brien Cons,H,Rural,43,Rural-Remote,N,0,1,1,0,0,0,0,0,0,0,0,0,0,0,0,3,0,3,3,1,4,TX,TEXAS,KNOX CITY-O'BRIEN CISD,3,12,0,0,0,0,0,0,0,0,3,7,1,0,7,19,0,4,2,1,66,79,0,0,1,0,0,0,4,7,54,57,9,2,134,145,145,0,1,0,11,11,279
4825890,18907,KOPPERL ISD,-2757,569412,-415116,198553,25890,Kopperl ISD,Kopperl,H,Rural,43,Rural-Remote,N,0,0,0,0,0,0,0,0,0,0,0,0,0,0,0,4,2,6,4,2,6,TX,TEXAS,KOPPERL ISD,0,3,0,0,0,0,0,0,0,0,9,6,0,0,9,9,0,0,0,0,13,14,0,0,0,0,0,0,1,1,104,99,1,0,119,114,27,0,0,0,2,1,233
4825920,100903,KOUNTZE ISD,18414,558125,1808848,3550011,25920,Kountze ISD,Kountze,G,Non-metropolitan Stable,42,Rural-Distant,N,0,0,0,1,0,1,0,1,1,0,0,0,3,3,6,54,43,97,60,47,107,TX,TEXAS,KOUNTZE ISD,1,3,0,0,0,0,0,0,1,2,15,6,0,0,17,11,1,1,8,2,41,43,4,4,0,6,0,0,103,61,486,387,13,13,647,514,84,8,6,0,164,26,1161
4825950,219905,KRESS ISD,-2915,-45322,334895,330730,25950,Kress ISD,Kress,H,Rural,42,Rural-Distant,N,2,1,3,0,0,0,0,0,0,0,0,0,0,0,0,4,2,6,6,3,9,TX,TEXAS,KRESS ISD,5,3,0,0,0,0,0,0,0,0,3,2,0,0,8,5,0,0,0,1,79,55,2,0,0,0,2,0,9,8,52,43,0,0,144,106,134,2,0,2,17,0,250
4825980,61905,KRUM ISD,21038,2373964,-1907160,226654,25980,Krum ISD,Krum,D,Other Central City Suburban,31,Town-Fringe,N,13,7,20,0,0,0,0,1,1,0,0,0,2,1,3,44,32,76,60,45,105,TX,TEXAS,KRUM ISD,13,16,0,1,0,1,0,0,3,0,20,8,0,2,36,28,9,12,14,4,310,276,11,6,5,4,1,0,38,16,718,676,30,33,1113,1011,586,17,9,1,54,63,2124
4826040,31905,LA FERIA ISD,-14527,58676,1353257,1075235,26040,La Feria ISD,La Feria,G,Non-metropolitan Stable,22,Suburb-Midsize,N,93,80,173,0,0,0,0,0,0,0,0,0,0,0,0,3,1,4,96,81,177,TX,TEXAS,LA FERIA ISD,65,68,0,0,1,0,0,0,0,1,4,2,4,0,74,71,14,10,6,4,1617,1577,0,1,1,1,0,0,3,4,43,32,12,3,1676,1618,3194,1,2,0,7,15,3294
4826070,125906,LA GLORIA ISD,-3344,-68945,470076,409369,26070,La Gloria ISD,La Gloria,H,Rural,42,Rural-Distant,N,5,0,5,0,0,0,0,0,0,0,0,0,0,0,0,0,0,0,5,0,5,TX,TEXAS,LA GLORIA ISD,0,1,0,0,0,0,0,0,0,0,0,0,0,0,0,1,0,0,0,0,68,61,0,0,0,0,0,0,0,0,1,2,0,0,69,63,129,0,0,0,0,0,132
4826100,75902,LA GRANGE ISD,201767,648395,969383,1640643,26100,La Grange ISD,La Grange,E,Independent Town,33,Town-Remote,N,15,16,31,0,0,0,0,1,1,0,0,0,0,2,2,54,70,124,70,90,160,TX,TEXAS,LA GRANGE ISD,16,17,0,0,0,0,0,0,5,11,12,6,3,2,36,36,7,6,3,2,365,373,2,0,5,3,0,0,101,93,517,451,22,35,1012,955,738,2,8,0,194,57,1967
4826130,108912,LA JOYA ISD,121876,989534,-760295,-1553232,26130,La Joya ISD,La Joya,C,Other Central City,21,Suburb-Large,N,1132,1483,2615,0,0,0,0,0,0,0,0,0,0,0,0,0,1,1,1132,1484,2616,TX,TEXAS,LA JOYA INDEPENDENT SCHOOL DISTRICT,1021,976,0,0,1,0,0,0,0,0,1,4,0,0,1023,980,613,608,110,39,14789,13958,0,2,2,0,0,0,5,1,14,12,3,0,14813,13973,28747,2,2,0,6,3,28786
4826190,101916,LA PORTE ISD,-1926048,10405512,8722527,13689476,26190,La Porte ISD,La Porte,B,Major Suburban,21,Suburb-Large,N,124,142,266,2,0,2,4,17,21,0,0,0,15,17,32,164,167,331,310,347,657,TX,TEXAS,LA PORTE ISD,80,72,0,0,0,1,1,0,12,12,54,28,4,7,151,120,16,18,38,14,1863,1811,30,21,43,43,9,5,304,276,1650,1417,40,61,3939,3634,3674,51,86,14,580,101,7573
4826220,107910,LAPOYNOR ISD,1023,-6383,979130,964550,26220,LaPoynor ISD,LaPoynor,H,Rural,42,Rural-Distant,N,1,0,1,0,0,0,0,0,0,0,0,0,0,0,0,9,3,12,10,3,13,TX,TEXAS,LAPOYNOR ISD,0,2,0,0,0,0,0,0,0,0,10,11,0,0,10,13,0,0,2,0,27,19,0,1,0,0,0,0,13,24,183,181,1,4,224,229,46,1,0,0,37,5,453
4826250,254902,LA PRYOR ISD,-5425,443542,239695,679621,26250,La Pryor ISD,La Pryor,H,Rural,43,Rural-Remote,N,10,12,22,0,0,0,0,0,0,0,0,0,0,0,0,0,0,0,10,12,22,TX,TEXAS,LA PRYOR ISD,19,17,0,0,0,0,0,0,0,0,0,0,0,0,19,17,0,0,2,2,234,220,0,0,0,0,0,0,0,0,7,6,1,0,242,226,454,0,0,0,0,1,468
4826280,161906,LA VEGA ISD,2236,1720922,1774296,3509874,26280,La Vega ISD,La Vega,D,Other Central City Suburban,22,Suburb-Midsize,N,16,18,34,0,0,0,0,0,0,0,0,0,6,11,17,3,7,10,27,38,65,TX,TEXAS,LA VEGA ISD,57,41,0,0,0,0,0,0,22,14,15,11,5,4,99,70,23,17,12,4,890,799,3,2,0,0,0,0,459,397,261,205,37,45,1650,1448,1689,5,0,0,856,82,3098
4826310,247903,LA VERNIA ISD,-37265,1514727,2444908,3673214,26310,La Vernia ISD,La Vernia,E,Independent Town,42,Rural-Distant,N,14,9,23,0,0,0,0,0,0,0,0,0,1,0,1,70,61,131,88,73,161,TX,TEXAS,LA VERNIA ISD,24,22,0,0,0,0,0,0,0,1,27,28,0,2,51,53,6,2,14,7,524,497,8,5,2,2,1,1,20,18,1151,1076,36,32,1742,1631,1021,13,4,2,38,68,3373
4826340,108914,LA VILLA ISD,-4418,-46102,241427,367449,26340,La Villa ISD,La Villa,H,Rural,21,Suburb-Large,N,28,22,50,0,0,0,0,0,0,0,0,0,0,0,0,0,0,0,28,22,50,TX,TEXAS,LA VILLA ISD,11,13,0,0,0,0,0,0,0,0,0,0,0,0,11,13,3,4,0,0,285,294,0,0,0,0,0,0,0,0,0,0,0,0,285,294,579,0,0,0,0,0,579
4826370,15913,LACKLAND ISD,13719,0,1740865,2640746,26370,Lackland ISD,Lackland,F,Non-metropolitan Fast Growing,21,Suburb-Large,N,6,11,17,0,0,0,0,2,2,0,0,0,2,6,8,25,21,46,37,42,79,TX,TEXAS,LACKLAND ISD,8,10,0,0,2,2,0,1,3,1,28,19,11,7,52,40,1,3,8,3,133,131,1,0,9,8,6,10,84,84,231,224,68,64,532,521,264,1,17,16,168,132,1053
4826400,227912,LAGO VISTA ISD,48204,2711339,-434366,2563344,26400,Lago Vista ISD,Lago Vista,G,Non-metropolitan Stable,31,Town-Fringe,N,5,9,14,0,0,0,1,2,3,0,0,0,0,0,0,49,46,95,60,62,122,TX,TEXAS,LAGO VISTA ISD,12,4,0,0,0,0,0,0,0,1,7,4,1,1,20,10,5,1,8,3,157,159,7,2,4,3,0,3,2,8,595,473,30,34,795,682,316,9,7,3,10,64,1477
4826430,61912,LAKE DALLAS ISD,-154808,4180771,-227725,4100527,26430,Lake Dallas ISD,Lake Dallas,D,Other Central City Suburban,21,Suburb-Large,N,28,24,52,2,1,3,7,12,19,0,1,1,8,6,14,100,117,217,148,175,323,TX,TEXAS,LAKE DALLAS ISD,27,21,0,0,0,2,0,0,1,1,13,5,3,3,44,32,15,12,6,3,598,593,16,11,40,45,3,4,197,130,1081,997,112,111,2047,1891,1191,27,85,7,327,223,3938
4826470,227913,LAKE TRAVIS ISD,-1523,19685743,-352207,19601664,26470,Lake Travis ISD,Lake Travis,B,Major Suburban,21,Suburb-Large,N,81,56,137,2,2,4,55,43,98,1,0,1,2,3,5,403,351,754,577,499,1076,TX,TEXAS,LAKE TRAVIS ISD,38,30,1,0,4,7,0,0,0,0,26,18,3,2,72,57,20,22,26,8,1083,1029,13,16,304,303,4,4,79,66,3684,3358,255,212,5422,4988,2112,29,607,8,145,467,10410
4826490,220910,LAKE WORTH ISD,15855,2256147,2008033,4916504,26490,Lake Worth ISD,Lake Worth,B,Major Suburban,21,Suburb-Large,N,59,40,99,0,0,0,1,0,1,0,0,0,10,9,19,25,29,54,99,81,180,TX,TEXAS,LAKE WORTH ISD,36,39,0,3,0,0,0,0,11,11,8,10,1,1,56,64,21,17,6,3,1035,952,7,13,13,14,4,2,278,239,344,327,56,55,1737,1602,1987,20,27,6,517,111,3339
4826580,79901,LAMAR CISD,222989,18762895,40784757,60349786,26580,Lamar Cons ISD,Lamar Cons,C,Other Central City,21,Suburb-Large,N,319,245,564,4,2,6,177,151,328,3,2,5,142,120,262,762,599,1361,1449,1161,2610,TX,TEXAS,LAMAR CISD,235,268,2,0,50,44,0,1,94,72,35,33,9,7,425,425,147,158,12,6,7171,6770,48,30,1131,1046,25,20,3231,2918,4443,4183,422,416,16471,15383,13941,78,2177,45,6149,838,31854
4826610,58906,LAMESA ISD,-21363,1367760,1812413,1317881,26610,Lamesa ISD,Lamesa,G,Non-metropolitan Stable,33,Town-Remote,N,38,41,79,0,0,0,1,2,3,0,0,0,1,1,2,20,17,37,60,61,121,TX,TEXAS,LAMESA ISD,39,56,0,0,0,0,0,0,0,0,5,7,0,1,44,64,3,5,3,3,854,775,1,0,5,7,0,0,41,26,110,108,3,5,1014,921,1629,1,12,0,67,8,1935
4826640,141901,LAMPASAS ISD,-2704,907976,4030886,4919972,26640,Lampasas ISD,Lampasas,D,Other Central City Suburban,41,Rural-Fringe,N,21,28,49,0,0,0,0,0,0,0,0,0,3,0,3,113,123,236,144,156,300,TX,TEXAS,LAMPASAS ISD,15,9,0,0,1,0,0,0,1,2,21,20,3,2,41,33,1,1,10,2,461,440,7,16,14,14,15,9,37,47,1062,1067,83,66,1679,1659,901,23,28,24,84,149,3338
4826670,57913,LANCASTER ISD,211552,11007703,-3944801,6562580,26670,Lancaster ISD,Lancaster,B,Major Suburban,21,Suburb-Large,N,85,74,159,2,4,6,1,1,2,0,1,1,224,204,428,7,6,13,323,298,621,TX,TEXAS,LANCASTER ISD,79,69,0,2,0,1,0,1,264,278,7,8,6,13,356,372,27,21,19,4,745,680,18,11,6,7,1,3,2931,2700,74,65,64,59,3839,3525,1425,29,13,4,5631,123,7364
4826700,201903,LANEVILLE ISD,-419,35539,291013,371734,26700,Laneville ISD,Laneville,H,Rural,42,Rural-Distant,N,2,2,4,0,0,0,0,0,0,0,0,0,3,1,4,1,1,2,6,4,10,TX,TEXAS,LANEVILLE ISD,3,3,0,0,0,0,0,0,10,8,4,1,0,0,17,12,3,0,2,0,25,24,0,0,0,0,0,0,51,40,17,19,2,3,95,86,49,0,0,0,91,5,181
4826790,240901,LAREDO ISD,238922,1494174,8026438,5910514,26790,Laredo ISD,Laredo,D,Other Central City Suburban,11,City-Large,N,845,1025,1870,0,0,0,2,0,2,0,0,0,0,4,4,0,6,6,847,1035,1882,TX,TEXAS,LAREDO ISD,1140,1127,1,1,1,2,0,0,1,0,8,7,0,1,1151,1138,850,837,30,18,12029,11723,5,2,17,15,0,0,5,14,62,50,3,7,12121,11811,23752,7,32,0,19,10,23932
4826850,245901,LASARA ISD,-5973,-30844,-917458,-1091309,26850,Lasara ISD,Lasara,H,Rural,42,Rural-Distant,N,27,38,65,0,0,0,0,0,0,0,0,0,0,0,0,0,1,1,27,39,66,TX,TEXAS,LASARA ISD,12,14,0,0,0,0,0,0,0,0,0,0,0,0,12,14,1,2,0,0,207,224,2,2,0,0,0,0,0,0,2,2,0,0,211,228,431,4,0,0,0,0,439
4826910,113905,LATEXO ISD,2612,127938,366503,433867,26910,Latexo ISD,Latexo,H,Rural,42,Rural-Distant,N,2,0,2,0,0,0,0,0,0,0,0,0,1,1,2,15,22,37,19,23,42,TX,TEXAS,LATEXO ISD,1,2,0,0,0,0,0,0,0,0,17,13,0,0,18,15,0,1,1,3,15,24,0,0,2,3,0,0,11,5,206,207,6,4,240,243,39,0,5,0,16,10,483
4826970,185904,LAZBUDDIE ISD,-3244,-124519,341708,250303,26970,Lazbuddie ISD,Lazbuddie,H,Rural,43,Rural-Remote,N,0,0,0,0,0,0,0,0,0,0,0,0,0,0,0,3,2,5,3,2,5,TX,TEXAS,LAZBUDDIE ISD,6,5,0,0,0,0,0,0,0,0,3,3,0,0,9,8,0,0,0,0,31,47,0,0,0,0,0,0,0,0,71,51,0,0,102,98,78,0,0,0,0,0,200
4827000,193902,LEAKEY ISD,-5004,435432,-268127,142476,27000,Leakey ISD,Leakey,H,Rural,43,Rural-Remote,N,0,1,1,0,0,0,0,0,0,0,0,0,0,0,0,9,10,19,9,11,20,TX,TEXAS,LEAKEY ISD,5,6,0,0,0,0,0,0,0,0,5,6,0,0,10,12,0,1,2,1,49,56,0,0,0,0,0,0,0,1,91,83,7,3,147,143,105,0,0,0,1,10,290
4827030,246913,LEANDER ISD,-510401,45124090,-952493,41176173,27030,Leander ISD,Leander,B,Major Suburban,21,Suburb-Large,N,609,695,1304,4,10,14,497,504,1001,4,9,13,59,77,136,2481,2895,5376,3838,4423,8261,TX,TEXAS,LEANDER ISD,160,105,1,0,26,30,0,2,16,18,128,83,22,11,353,249,78,80,181,84,5026,4840,52,51,1549,1452,29,27,820,703,11641,10943,905,966,20022,18982,9866,103,3001,56,1523,1871,39004
4827060,19914,LEARY ISD,-2000,8933,437079,470016,27060,Leary ISD,Leary,H,Rural,41,Rural-Fringe,N,0,0,0,0,0,0,0,0,0,0,0,0,0,0,0,1,2,3,1,2,3,TX,TEXAS,LEARY ISD,1,0,0,0,0,0,0,0,0,0,14,11,3,2,18,13,0,0,2,3,1,1,0,0,0,0,0,0,5,1,41,46,3,2,50,50,2,0,0,0,6,5,100
4827090,90902,LEFORS ISD,-331,206333,-261018,-41777,27090,Lefors ISD,Lefors,H,Rural,42,Rural-Distant,N,0,0,0,0,0,0,0,0,0,0,0,0,0,0,0,4,1,5,4,1,5,TX,TEXAS,LEFORS ISD,0,0,0,0,0,0,0,0,0,0,2,9,0,0,2,9,0,0,0,0,12,13,0,0,2,3,0,0,0,1,63,56,3,2,80,75,25,0,5,0,1,5,155
4827120,187906,LEGGETT ISD,-573,40431,780944,826365,27120,Leggett ISD,Leggett,H,Rural,42,Rural-Distant,N,1,0,1,0,0,0,0,0,0,0,0,0,1,0,1,5,5,10,7,5,12,TX,TEXAS,LEGGETT ISD,1,1,0,0,0,0,0,0,0,0,2,4,0,1,3,6,1,0,0,0,19,25,1,0,0,0,0,0,20,16,47,45,3,3,90,89,44,1,0,0,36,6,179
4827180,145911,LEON ISD,38058,1526260,-3179242,-1544746,27180,Leon ISD,Leon,H,Rural,43,Rural-Remote,N,5,5,10,0,0,0,1,0,1,0,0,0,0,0,0,29,26,55,35,34,69,TX,TEXAS,LEON ISD,1,9,0,0,0,1,0,0,0,0,8,7,0,0,9,17,1,2,0,0,111,128,1,0,5,15,0,0,4,3,242,241,4,5,367,392,239,1,20,0,7,9,759
4827210,74909,LEONARD ISD,9465,665473,358524,1016697,27210,Leonard ISD,Leonard,H,Rural,42,Rural-Distant,N,3,3,6,0,1,1,0,0,0,1,0,1,0,0,0,19,35,54,23,43,66,TX,TEXAS,LEONARD ISD,1,2,0,0,0,0,0,0,0,1,13,9,2,1,16,13,1,0,2,0,87,93,6,11,1,0,2,0,10,9,330,327,24,20,460,460,180,17,1,2,19,44,920
4827240,110902,LEVELLAND ISD,-24717,1683511,873808,2639405,27240,Levelland ISD,Levelland,G,Non-metropolitan Stable,32,Town-Distant,N,30,42,72,0,0,0,1,0,1,0,0,0,2,2,4,39,48,87,73,92,165,TX,TEXAS,LEVELLAND ISD,97,70,0,0,0,1,0,0,2,2,29,19,2,0,130,92,10,7,22,6,1075,1058,3,6,6,4,1,0,52,45,384,336,16,13,1537,1462,2133,9,10,1,97,29,2999
4827270,201904,LEVERETTS CHAPEL ISD,-1749,16980,624325,629987,27270,Leveretts Chapel ISD,Leveretts Chapel,H,Rural,42,Rural-Distant,N,0,0,0,0,0,0,0,0,0,0,0,0,0,0,0,3,1,4,3,1,4,TX,TEXAS,LEVERETTS CHAPEL ISD,3,5,0,0,0,0,0,0,0,1,4,4,0,0,7,10,2,5,1,0,51,60,0,0,0,0,0,0,10,7,70,52,6,3,137,122,111,0,0,0,17,9,259
4827300,61902,LEWISVILLE ISD,493263,55350319,-30623934,28402548,27300,Lewisville ISD,Lewisville,B,Major Suburban,21,Suburb-Large,N,510,546,1056,11,17,28,738,727,1465,1,2,3,118,122,240,1496,1307,2803,2980,2844,5824,TX,TEXAS,LEWISVILLE ISD,391,399,2,3,193,179,1,1,112,101,145,132,35,31,879,846,481,494,150,57,7864,7654,111,100,3805,3686,26,22,2894,2685,11244,10346,959,1001,26903,25494,15518,211,7491,48,5579,1960,52397
4827330,144902,LEXINGTON ISD,-45596,426479,3095742,3565713,27330,Lexington ISD,Lexington,G,Non-metropolitan Stable,43,Rural-Remote,N,2,2,4,1,0,1,0,1,1,0,0,0,0,0,0,17,26,43,21,31,52,TX,TEXAS,LEXINGTON ISD,2,4,0,0,0,0,0,0,1,2,9,1,0,0,12,7,0,0,7,2,74,83,2,4,0,1,0,1,40,37,357,374,30,21,503,521,157,6,1,1,77,51,1024
4827390,19908,LIBERTY-EYLAU ISD,3045,-99787,2273072,2209144,27390,Liberty-Eylau ISD,Liberty-Eylau,G,Non-metropolitan Stable,13,City-Small,N,3,4,7,1,0,1,0,0,0,0,0,0,8,11,19,20,26,46,35,44,79,TX,TEXAS,LIBERTY-EYLAU ISD,12,4,0,2,0,0,0,0,60,71,39,37,5,9,116,123,1,1,2,2,83,77,6,8,2,1,2,1,670,623,447,436,70,77,1280,1223,160,14,3,3,1293,147,2503
4827420,246908,LIBERTY HILL ISD,64347,10214480,1762130,11994028,27420,Liberty Hill ISD,Liberty Hill,D,Other Central City Suburban,41,Rural-Fringe,N,10,4,14,0,2,2,0,0,0,0,0,0,1,1,2,70,62,132,86,72,158,TX,TEXAS,LIBERTY HILL ISD,17,8,0,0,0,1,0,0,1,1,27,23,2,2,47,35,6,4,18,8,438,419,6,8,9,18,4,2,28,32,1466,1435,83,71,2034,1985,857,14,27,6,60,154,4019
4827450,146906,LIBERTY ISD,217053,340176,2122327,2354686,27450,Liberty ISD,Liberty,G,Non-metropolitan Stable,32,Town-Distant,N,25,23,48,0,0,0,1,3,4,0,0,0,8,14,22,54,57,111,91,102,193,TX,TEXAS,LIBERTY ISD,26,33,0,0,0,1,0,0,8,8,31,21,2,0,67,63,17,23,10,3,415,400,2,0,8,9,0,0,161,173,449,421,33,35,1068,1038,815,2,17,0,334,68,2106
4827510,212903,LINDALE ISD,23884,1892770,4628446,6444059,27510,Lindale ISD,Lindale,D,Other Central City Suburban,31,Town-Fringe,N,11,12,23,2,0,2,4,3,7,0,0,0,4,9,13,171,130,301,199,163,362,TX,TEXAS,LINDALE ISD,16,19,0,0,1,1,0,0,11,5,38,26,0,1,66,52,2,4,2,1,341,355,10,11,17,26,1,0,119,120,1498,1393,102,89,2088,1994,696,21,43,1,239,191,4082
4827540,34905,LINDEN-KILDARE CISD,37036,146994,519676,731214,27540,Linden-Kildare Cons ISD,Linden-Kildare Cons,H,Rural,43,Rural-Remote,N,0,3,3,0,0,0,1,1,2,0,0,0,3,2,5,20,31,51,24,39,63,TX,TEXAS,LINDEN-KILDARE CISD,2,0,0,0,0,1,0,0,7,7,20,13,1,3,30,24,2,1,5,1,25,28,1,0,1,5,0,0,60,68,236,240,20,15,343,356,53,1,6,0,128,35,699
4827570,49907,LINDSAY ISD,2751,-848514,1285501,462201,27570,Lindsay ISD,Lindsay,H,Rural,42,Rural-Distant,N,0,0,0,0,0,0,0,0,0,0,0,0,0,0,0,15,14,29,15,14,29,TX,TEXAS,LINDSAY ISD,0,0,0,0,0,0,0,0,0,0,1,2,0,0,1,2,0,0,1,2,6,5,3,2,6,2,0,0,2,0,228,237,2,1,247,247,11,5,8,0,2,3,494
4827600,72909,LINGLEVILLE ISD,565,139589,389904,544708,27600,Lingleville ISD,Lingleville,H,Rural,42,Rural-Distant,N,2,2,4,0,0,0,0,0,0,0,0,0,0,0,0,4,5,9,6,7,13,TX,TEXAS,LINGLEVILLE ISD,4,1,0,0,0,0,0,0,1,0,3,3,0,0,8,4,4,1,0,1,75,55,0,0,0,0,0,0,2,0,74,68,1,1,152,124,130,0,0,0,2,2,276
4827630,111902,LIPAN ISD,343,-69950,1821153,1676072,27630,Lipan ISD,Lipan,F,Non-metropolitan Fast Growing,43,Rural-Remote,N,0,1,1,0,0,0,0,0,0,0,0,0,0,0,0,9,6,15,9,7,16,TX,TEXAS,LIPAN ISD,0,3,0,0,0,0,0,0,0,0,6,13,0,0,6,16,0,0,0,0,16,27,0,0,0,0,0,0,1,0,174,165,3,4,194,196,43,0,0,0,1,7,390
4827690,181908,LITTLE CYPRESS-MAURICEVILLE CISD,46053,376243,3057275,7351591,27690,Little Cypress-Mauriceville Cons ISD,Little Cypress-Mauriceville Cons,E,Independent Town,22,Suburb-Midsize,N,4,2,6,0,0,0,0,0,0,0,0,0,0,0,0,11,11,22,16,13,29,TX,TEXAS,LITTLE CYPRESS-MAURICEVILLE CISD,4,4,0,0,0,0,0,0,0,1,18,16,1,0,23,21,2,1,0,1,177,157,5,4,28,17,0,1,121,82,1308,1139,51,48,1690,1448,334,9,45,1,203,99,3138
4827720,61914,LITTLE ELM ISD,12110,16982854,-7133438,9727476,27720,Little Elm ISD,Little Elm,D,Other Central City Suburban,21,Suburb-Large,N,57,43,100,0,0,0,22,13,35,0,0,0,19,17,36,128,104,232,242,185,427,TX,TEXAS,LITTLE ELM ISD,31,33,0,1,5,5,0,0,16,17,52,48,3,1,107,105,52,57,26,9,1484,1392,15,13,138,121,10,13,596,578,1543,1320,153,143,3939,3580,2876,28,259,23,1174,296,7519
4827750,140904,LITTLEFIELD ISD,4038,303593,912524,3348911,27750,Littlefield ISD,Littlefield,G,Non-metropolitan Stable,32,Town-Distant,N,11,8,19,0,0,0,0,0,0,0,0,0,0,0,0,14,8,22,25,18,43,TX,TEXAS,LITTLEFIELD ISD,31,35,0,0,0,0,0,0,3,1,5,2,1,1,40,39,6,9,5,3,490,491,2,0,2,1,0,0,54,35,144,111,5,10,697,648,981,2,3,0,89,15,1345
4827780,187907,LIVINGSTON ISD,-57094,1424709,1606232,3007650,27780,Livingston ISD,Livingston,E,Independent Town,41,Rural-Fringe,N,9,10,19,0,0,0,1,3,4,0,0,0,2,1,3,65,69,134,79,83,162,TX,TEXAS,LIVINGSTON ISD,30,33,0,0,0,1,0,0,7,8,44,40,3,5,84,87,8,12,11,5,488,470,6,5,9,19,0,1,216,200,1403,1220,60,64,2182,1979,958,11,28,1,416,124,4161
4827810,150901,LLANO ISD,30997,540468,-106878,737893,27810,Llano ISD,Llano,G,Non-metropolitan Stable,41,Rural-Fringe,N,6,3,9,0,1,1,0,1,1,0,0,0,1,0,1,40,39,79,50,47,97,TX,TEXAS,LLANO ISD,5,8,0,0,1,0,0,0,0,0,32,29,1,1,39,38,3,1,7,3,242,234,1,4,5,7,0,0,9,5,644,588,27,28,928,866,476,5,12,0,14,55,1794
4827870,28902,LOCKHART ISD,-63661,3694911,6272443,9924774,27870,Lockhart ISD,Lockhart,D,Other Central City Suburban,31,Town-Fringe,N,75,65,140,2,3,5,1,0,1,0,0,0,3,5,8,64,69,133,151,143,294,TX,TEXAS,LOCKHART ISD,120,97,0,0,0,0,0,0,4,7,23,22,3,0,150,126,43,26,21,10,2274,2115,7,14,13,9,1,3,102,98,571,601,47,32,3015,2872,4389,21,22,4,200,79,5887
4827890,77902,LOCKNEY ISD,-12872,-107411,706908,527805,27890,Lockney ISD,Lockney,H,Rural,43,Rural-Remote,N,1,3,4,0,0,0,0,0,0,0,0,0,1,0,1,3,4,7,5,8,13,TX,TEXAS,LOCKNEY ISD,5,15,0,0,0,0,0,0,0,0,2,1,0,0,7,16,1,1,0,1,178,181,0,0,0,0,0,0,4,2,52,39,1,1,235,223,359,0,0,0,6,2,458
4827930,160905,LOHN ISD,-1140,370258,-264124,-26694,27930,Lohn ISD,Lohn,H,Rural,43,Rural-Remote,N,0,0,0,0,0,0,0,0,0,0,0,0,0,0,0,0,1,1,0,1,1,TX,TEXAS,LOHN ISD,1,1,0,0,0,0,0,0,0,0,5,2,0,0,6,3,0,1,0,0,27,29,1,1,0,0,0,0,0,0,24,25,0,0,52,55,56,2,0,0,0,0,107
4827960,141902,LOMETA ISD,2146,-35712,1321987,1296606,27960,Lometa ISD,Lometa,F,Non-metropolitan Fast Growing,43,Rural-Remote,N,0,1,1,0,0,0,0,0,0,0,0,0,0,0,0,4,3,7,4,4,8,TX,TEXAS,LOMETA ISD,5,11,0,1,0,0,0,0,0,1,13,4,0,0,18,17,0,0,4,0,72,70,2,2,0,2,0,0,1,2,69,60,1,1,145,137,142,4,2,0,3,2,282
4827990,178906,LONDON ISD,-54562,3106096,-859059,2249740,27990,London ISD,London,D,Other Central City Suburban,41,Rural-Fringe,N,16,17,33,0,0,0,4,4,8,0,0,0,0,1,1,45,47,92,66,69,135,TX,TEXAS,LONDON ISD,10,3,0,0,1,1,0,0,0,0,8,6,1,0,20,10,0,0,1,2,250,265,1,1,15,21,1,0,4,7,236,229,7,8,514,531,515,2,36,1,11,15,1045
4828020,116906,LONE OAK ISD,-1942,546561,2332865,2864948,28020,Lone Oak ISD,Lone Oak,G,Non-metropolitan Stable,42,Rural-Distant,N,2,0,2,0,0,0,0,0,0,1,0,1,0,0,0,41,44,85,47,44,91,TX,TEXAS,LONE OAK ISD,2,2,0,0,1,0,0,0,0,0,12,13,0,0,15,15,1,0,3,0,48,45,4,1,2,0,2,3,21,4,464,433,7,10,548,496,93,5,2,5,25,17,1044
4828110,92903,LONGVIEW ISD,27561,2826888,14639973,17975563,28110,Longview ISD,Longview,C,Other Central City,13,City-Small,N,36,38,74,3,0,3,17,17,34,1,0,1,23,18,41,127,119,246,217,199,416,TX,TEXAS,LONGVIEW ISD,146,114,1,0,0,4,1,0,121,129,34,33,15,9,318,289,81,66,33,14,1809,1768,20,28,60,59,7,5,1659,1543,898,842,177,148,4630,4393,3577,48,119,12,3202,325,9023
4828140,83902,LOOP ISD,241,1084776,-376849,897203,28140,Loop ISD,Loop,H,Rural,43,Rural-Remote,N,0,0,0,0,0,0,0,0,0,0,0,0,0,0,0,0,0,0,0,0,0,TX,TEXAS,LOOP ISD,1,2,0,0,0,0,0,0,0,0,6,1,0,0,7,3,0,1,0,1,29,39,0,0,0,0,0,0,0,0,44,43,0,0,73,82,68,0,0,0,0,0,155
4828170,168902,LORAINE ISD,-2731,685006,-509207,107915,28170,Loraine ISD,Loraine,H,Rural,42,Rural-Distant,N,0,0,0,0,0,0,0,0,0,0,0,0,0,0,0,1,0,1,1,0,1,TX,TEXAS,LORAINE ISD,6,3,0,0,0,0,0,0,1,1,2,2,0,0,9,6,2,0,2,0,48,39,0,2,0,0,0,0,7,4,33,24,1,1,89,70,87,2,0,0,11,2,159
4828200,161907,LORENA ISD,-29532,958750,1249157,2256020,28200,Lorena ISD,Lorena,G,Non-metropolitan Stable,41,Rural-Fringe,N,8,4,12,1,1,2,0,0,0,0,0,0,3,0,3,80,84,164,94,89,183,TX,TEXAS,LORENA ISD,13,2,0,0,0,0,0,0,0,1,24,14,1,0,38,17,2,1,8,0,157,121,5,3,1,7,0,0,13,9,694,691,31,31,901,862,278,8,8,0,22,62,1763
4828230,54902,LORENZO ISD,-6142,1309320,-125591,1061011,28230,Lorenzo ISD,Lorenzo,H,Rural,42,Rural-Distant,N,4,1,5,0,0,0,0,0,0,0,0,0,0,0,0,2,2,4,6,3,9,TX,TEXAS,LORENZO ISD,7,2,0,0,0,0,0,0,0,0,3,3,0,0,10,5,2,0,1,0,94,113,0,0,0,0,0,0,3,7,19,23,0,0,116,143,207,0,0,0,10,0,259
4828290,31906,LOS FRESNOS CISD,6407,3237349,-4967829,-4679958,28290,Los Fresnos Cons ISD,Los Fresnos Cons,D,Other Central City Suburban,22,Suburb-Midsize,N,350,358,708,0,0,0,7,4,11,0,0,0,1,1,2,22,21,43,380,384,764,TX,TEXAS,LOS FRESNOS CISD,286,256,0,0,0,0,0,0,0,0,9,10,1,0,296,266,83,73,49,17,5390,4997,8,1,13,13,2,2,13,11,175,148,5,3,5606,5175,10387,9,26,4,24,8,10781
4828350,241906,LOUISE ISD,-2315,100979,1229797,1472259,28350,Louise ISD,Louise,H,Rural,42,Rural-Distant,N,7,6,13,0,0,0,0,0,0,0,0,0,0,0,0,4,14,18,11,20,31,TX,TEXAS,LOUISE ISD,12,8,0,0,0,0,0,0,0,0,6,0,1,0,19,8,2,2,0,1,162,140,0,2,1,3,0,0,14,9,96,93,1,2,274,249,302,2,4,0,23,3,523
4828380,43919,LOVEJOY ISD,154050,5016766,-3630626,1516789,28380,Lovejoy ISD,Lovejoy,G,Non-metropolitan Stable,21,Suburb-Large,N,25,22,47,2,1,3,63,62,125,1,0,1,7,12,19,333,271,604,452,391,843,TX,TEXAS,LOVEJOY ISD,2,1,0,0,0,1,0,0,4,0,35,16,0,1,41,19,0,0,11,6,160,179,12,19,144,161,1,1,67,54,1741,1539,88,98,2213,2051,339,31,305,2,121,186,4264
4828410,113903,LOVELADY ISD,1314,26123,704061,748602,28410,Lovelady ISD,Lovelady,H,Rural,43,Rural-Remote,N,1,2,3,0,0,0,0,0,0,1,0,1,0,0,0,12,11,23,14,15,29,TX,TEXAS,LOVELADY ISD,2,2,0,0,1,0,0,0,2,2,13,11,0,2,18,17,0,1,4,0,21,27,1,0,3,3,1,0,30,29,218,195,13,9,287,263,48,1,6,1,59,22,550
4828500,152901,LUBBOCK ISD,-92446,5770118,5409463,13490201,28500,Lubbock ISD,Lubbock,C,Other Central City,11,City-Large,N,214,228,442,3,2,5,45,44,89,0,1,1,52,49,101,359,390,749,700,747,1447,TX,TEXAS,LUBBOCK ISD,381,419,3,0,16,13,0,1,107,107,126,124,16,9,649,673,43,42,33,18,8472,8082,46,32,297,252,8,10,1916,1911,3249,3278,293,271,14281,13836,16554,78,549,18,3827,564,28117
4828530,127905,LUEDERS-AVOCA ISD,-996,-84458,577039,498195,28530,Lueders-Avoca ISD,Lueders-Avoca,H,Rural,42,Rural-Distant,N,0,0,0,0,0,0,0,0,0,0,0,0,0,0,0,1,0,1,1,0,1,TX,TEXAS,LUEDERS-AVOCA ISD,1,0,0,0,0,0,0,0,1,0,6,3,0,0,8,3,0,0,0,0,10,12,0,0,0,0,0,0,1,0,47,32,3,1,61,45,22,0,0,0,1,4,106
4828550,3903,LUFKIN ISD,158393,843427,8211891,6346303,28550,Lufkin ISD,Lufkin,E,Independent Town,33,Town-Remote,N,75,91,166,4,0,4,17,27,44,1,0,1,76,96,172,243,272,515,423,493,916,TX,TEXAS,LUFKIN ISD,136,154,0,0,2,1,0,0,109,112,42,35,22,15,311,317,79,87,7,3,1759,1703,11,4,36,54,4,1,1184,1091,997,927,124,128,4115,3908,3462,15,90,5,2275,252,8023
4828590,28903,LULING ISD,-7032,894642,1374229,2319568,28590,Luling ISD,Luling,E,Independent Town,32,Town-Distant,N,8,19,27,0,0,0,0,0,0,0,0,0,0,0,0,8,11,19,16,31,47,TX,TEXAS,LULING ISD,29,29,0,0,0,0,0,0,2,1,9,6,2,1,42,37,4,5,4,1,491,498,0,1,0,5,0,1,33,38,183,155,13,13,720,711,989,1,5,1,71,26,1431
4828620,245902,LYFORD CISD,-29465,-118196,307845,684030,28620,Lyford Cons ISD,Lyford Cons,G,Non-metropolitan Stable,32,Town-Distant,N,59,46,105,0,0,0,0,0,0,0,0,0,0,0,0,6,3,9,65,49,114,TX,TEXAS,LYFORD CISD,43,27,0,0,0,0,0,0,1,1,0,0,0,0,44,28,6,3,3,1,751,755,0,0,2,0,0,0,2,5,20,15,0,1,775,776,1506,0,2,0,7,1,1551
4828650,7904,LYTLE ISD,-10874,868620,3094884,4104476,28650,Lytle ISD,Lytle,G,Non-metropolitan Stable,31,Town-Fringe,N,18,15,33,0,0,0,0,0,0,0,0,0,0,0,0,10,7,17,28,26,54,TX,TEXAS,LYTLE ISD,48,43,0,0,0,0,0,0,0,0,7,8,2,0,57,51,10,7,14,4,693,673,2,4,1,0,3,1,4,8,171,121,4,8,878,815,1366,6,1,4,12,12,1693
4828680,129905,MABANK ISD,6783,1384355,3328474,4722584,28680,Mabank ISD,Mabank,D,Other Central City Suburban,32,Town-Distant,N,20,16,36,0,1,1,1,2,3,0,1,1,2,3,5,104,121,225,132,147,279,TX,TEXAS,MABANK ISD,39,38,1,0,7,2,0,0,5,3,130,106,6,6,188,155,14,7,11,3,328,299,12,11,24,20,0,1,31,28,1388,1240,70,62,1853,1661,627,23,44,1,59,132,3514
4828710,154901,MADISONVILLE CISD,10130,855605,6428176,7288804,28710,Madisonville Cons ISD,Madisonville Cons,G,Non-metropolitan Stable,32,Town-Distant,N,1,4,5,0,0,0,0,0,0,0,0,0,0,0,0,12,16,28,13,20,33,TX,TEXAS,MADISONVILLE CISD,32,31,0,0,0,0,0,0,29,22,25,27,3,1,89,81,16,24,6,5,409,404,1,1,7,3,0,0,237,221,519,481,39,34,1212,1144,813,2,10,0,458,73,2356
4828740,170906,MAGNOLIA ISD,62749,8945449,2240497,11139968,28740,Magnolia ISD,Magnolia,D,Other Central City Suburban,41,Rural-Fringe,N,65,48,113,0,0,0,6,2,8,0,0,0,2,0,2,272,239,511,351,298,649,TX,TEXAS,MAGNOLIA ISD,94,104,1,1,1,0,1,0,6,4,103,77,2,5,208,191,61,72,40,20,2232,2211,36,33,69,58,4,3,169,129,4065,3716,130,135,6705,6285,4443,69,127,7,298,265,12990
4828780,107906,MALAKOFF ISD,17047,2820732,-235480,2298499,28780,Malakoff ISD,Malakoff,G,Non-metropolitan Stable,33,Town-Remote,N,3,2,5,0,0,0,0,1,1,0,0,0,1,4,5,14,34,48,18,43,61,TX,TEXAS,MALAKOFF ISD,9,3,0,0,0,0,0,0,3,7,17,23,1,1,30,34,5,0,2,1,108,108,3,0,2,4,0,2,89,93,503,442,13,24,718,673,216,3,6,2,182,37,1391
4828800,109908,MALONE ISD,-5065,123642,1000999,1099835,28800,Malone ISD,Malone,H,Rural,42,Rural-Distant,N,1,0,1,0,0,0,0,0,0,0,0,0,0,0,0,4,1,5,5,1,6,TX,TEXAS,MALONE ISD,16,6,0,0,0,0,0,0,1,0,5,3,0,0,22,9,11,5,3,0,52,36,0,0,0,0,0,0,6,3,25,29,4,3,87,71,88,0,0,0,9,7,158
4828830,19910,MALTA ISD,-1552,12064,965365,994351,28830,Malta ISD,Malta,H,Rural,42,Rural-Distant,N,0,0,0,0,0,0,0,0,0,0,0,0,0,0,0,5,2,7,5,3,8,TX,TEXAS,MALTA ISD,1,2,1,0,0,0,0,0,0,0,28,18,1,2,31,22,0,0,0,0,7,4,4,0,0,0,0,0,1,0,94,66,4,7,110,77,11,4,0,0,1,11,187
4828890,227907,MANOR ISD,-88593,12360923,-2493818,7746684,28890,Manor ISD,Manor,B,Major Suburban,41,Rural-Fringe,N,225,221,446,1,0,1,30,22,52,2,4,6,57,68,125,45,46,91,375,375,750,TX,TEXAS,MANOR ISD,220,212,0,0,26,21,0,0,66,65,16,15,5,8,333,321,180,185,43,15,3068,2892,6,8,181,179,3,5,940,889,347,334,127,125,4672,4432,5960,14,360,8,1829,252,9104
4828920,220908,MANSFIELD ISD,-361497,29014228,12322393,39985243,28920,Mansfield ISD,Mansfield,B,Major Suburban,21,Suburb-Large,N,214,198,412,0,2,2,126,118,244,1,1,2,180,171,351,629,588,1217,1220,1155,2375,TX,TEXAS,MANSFIELD ISD,145,137,0,1,41,54,0,3,112,106,71,77,11,13,380,391,185,185,13,2,4532,4355,55,57,1296,1200,13,21,5428,4932,5898,5451,827,800,18049,16816,8887,112,2496,34,10360,1627,34865
4828980,22902,MARATHON ISD,2540,-14905,144940,521388,28980,Marathon ISD,Marathon,H,Rural,43,Rural-Remote,N,1,1,2,0,0,0,0,0,0,0,0,0,0,0,0,1,2,3,2,3,5,TX,TEXAS,MARATHON ISD,6,2,0,0,0,0,0,0,0,0,2,1,0,0,8,3,0,0,3,0,19,18,0,0,0,0,0,0,0,0,13,13,0,0,32,31,37,0,0,0,0,0,63
4829010,27904,MARBLE FALLS ISD,116215,5269017,-691105,4850377,29010,Marble Falls ISD,Marble Falls,E,Independent Town,32,Town-Distant,N,32,35,67,1,0,1,0,0,0,2,0,2,2,1,3,119,89,208,156,127,283,TX,TEXAS,MARBLE FALLS ISD,86,71,0,0,2,2,0,0,6,2,39,17,2,3,135,95,32,31,28,12,1071,935,7,5,26,12,6,4,56,28,1027,971,39,43,2232,1998,2006,12,38,10,84,82,4230
4829040,189901,MARFA ISD,-40062,862645,-676271,276786,29040,Marfa ISD,Marfa,H,Rural,43,Rural-Remote,N,1,2,3,0,0,0,1,0,1,0,0,0,0,0,0,5,0,5,7,2,9,TX,TEXAS,MARFA ISD,14,13,0,0,0,0,0,0,0,3,4,4,0,0,18,20,4,3,0,0,140,128,0,0,1,0,0,0,0,3,23,23,0,1,164,155,268,0,1,0,3,1,319
4829100,94904,MARION ISD,17272,189121,3979889,4290990,29100,Marion ISD,Marion,D,Other Central City Suburban,21,Suburb-Large,N,11,8,19,1,1,2,0,0,0,0,1,1,1,0,1,41,42,83,58,54,112,TX,TEXAS,MARION ISD,25,10,0,0,0,0,0,0,0,1,16,15,2,1,43,27,4,2,13,2,299,281,1,1,2,1,0,1,17,9,427,401,18,12,764,706,580,2,3,1,26,30,1470
4829130,73903,MARLIN ISD,-20200,335444,1359280,1734659,29130,Marlin ISD,Marlin,G,Non-metropolitan Stable,32,Town-Distant,N,11,8,19,0,0,0,1,0,1,0,0,0,13,22,35,1,1,2,27,31,58,TX,TEXAS,MARLIN ISD,9,8,0,0,1,0,0,0,14,18,2,4,0,0,26,30,4,7,4,2,156,109,2,0,3,3,0,0,245,249,32,21,6,9,444,391,265,2,6,0,494,15,835
4829160,102902,MARSHALL ISD,9483,1850116,4388805,6146889,29160,Marshall ISD,Marshall,E,Independent Town,32,Town-Distant,N,119,126,245,1,0,1,3,5,8,0,0,0,75,117,192,133,142,275,337,402,739,TX,TEXAS,MARSHALL ISD,58,63,0,1,0,0,0,0,79,76,17,11,3,4,157,155,41,49,14,7,971,976,5,15,13,18,1,2,1028,987,676,589,77,80,2771,2667,1947,20,31,3,2015,157,5438
4829190,161908,MART ISD,-9742,22275,420138,573304,29190,Mart ISD,Mart,H,Rural,42,Rural-Distant,N,2,1,3,0,0,0,0,0,0,0,0,0,4,1,5,9,19,28,18,24,42,TX,TEXAS,MART ISD,1,4,0,0,0,0,0,0,1,4,6,9,1,2,9,19,1,0,0,1,59,49,0,0,2,0,0,0,64,74,115,119,17,19,257,261,108,0,2,0,138,36,518
4829220,234905,MARTINS MILL ISD,-5297,193549,656788,786431,29220,Martins Mill ISD,Martins Mill,H,Rural,42,Rural-Distant,N,0,1,1,1,0,1,0,0,0,0,0,0,0,0,0,19,17,36,20,18,38,TX,TEXAS,MARTINS MILL ISD,4,8,0,0,0,0,0,0,0,1,14,10,2,0,20,19,3,7,3,1,60,63,1,0,0,1,1,0,5,3,195,190,5,5,267,262,123,1,1,1,8,10,529
4829250,174909,MARTINSVILLE ISD,14496,317866,1182286,1540926,29250,Martinsville ISD,Martinsville,H,Rural,43,Rural-Remote,N,0,0,0,0,0,0,0,0,0,0,0,0,1,1,2,9,17,26,10,19,29,TX,TEXAS,MARTINSVILLE ISD,4,0,0,0,0,0,0,0,0,2,8,6,0,1,12,9,0,0,0,2,33,28,0,0,0,0,0,0,5,16,151,140,10,14,199,198,61,0,0,0,21,24,397
4829280,157901,MASON ISD,37600,604878,933864,1706900,29280,Mason ISD,Mason,H,Rural,43,Rural-Remote,N,8,4,12,0,0,0,0,1,1,0,0,0,0,0,0,46,46,92,55,53,108,TX,TEXAS,MASON ISD,5,11,0,0,0,1,0,0,0,0,16,6,0,0,21,18,2,4,2,2,137,126,0,0,0,5,0,0,0,1,242,212,2,4,381,348,263,0,5,0,1,6,729
4829370,158904,MATAGORDA ISD,-1889,-320556,-73881,-471840,29370,Matagorda ISD,Matagorda,H,Rural,43,Rural-Remote,N,0,0,0,0,0,0,0,0,0,0,0,0,0,0,0,3,2,5,3,3,6,TX,TEXAS,MATAGORDA ISD,2,3,0,0,0,0,0,0,0,0,2,3,0,0,4,6,0,1,0,0,32,33,0,0,0,0,0,0,0,0,41,47,3,1,76,81,65,0,0,0,0,4,157
4829400,205904,MATHIS ISD,3868,25895,326203,-226680,29400,Mathis ISD,Mathis,G,Non-metropolitan Stable,32,Town-Distant,N,23,29,52,0,0,0,1,1,2,0,0,0,0,0,0,4,0,4,28,30,58,TX,TEXAS,MATHIS ISD,26,18,0,2,3,0,0,0,2,0,19,10,0,1,50,31,1,1,4,0,776,686,1,3,5,2,0,0,4,10,88,69,3,7,877,777,1462,4,7,0,14,10,1654
4829460,19903,MAUD ISD,2777,77713,1148143,1243454,29460,Maud ISD,Maud,H,Rural,42,Rural-Distant,N,0,0,0,0,0,0,0,0,0,0,0,0,0,1,1,10,8,18,11,9,20,TX,TEXAS,MAUD ISD,2,0,0,0,0,0,0,0,0,0,14,18,1,2,17,20,0,0,5,1,13,8,2,0,0,0,0,1,20,17,212,194,13,8,260,228,21,2,0,1,37,21,488
4829520,25905,MAY ISD,-2423,138026,246260,586471,29520,May ISD,May,H,Rural,43,Rural-Remote,N,1,1,2,0,0,0,0,0,0,0,0,0,0,0,0,8,10,18,9,11,20,TX,TEXAS,MAY ISD,0,0,0,0,0,0,0,0,0,0,7,6,3,0,10,6,0,0,0,1,35,30,1,0,0,0,1,0,1,0,120,103,4,1,162,134,65,1,0,1,1,5,296
4829580,70915,MAYPEARL ISD,22299,774003,772223,1389428,29580,Maypearl ISD,Maypearl,D,Other Central City Suburban,42,Rural-Distant,N,3,0,3,0,0,0,1,0,1,0,0,0,0,0,0,18,8,26,22,8,30,TX,TEXAS,MAYPEARL ISD,7,5,0,0,0,0,0,0,0,0,11,11,1,1,19,17,2,1,4,3,144,105,1,0,2,3,0,1,8,11,500,444,11,11,666,575,249,1,5,1,19,22,1241
4829670,108906,MCALLEN ISD,27940,1758693,-1571498,-2119227,29670,McAllen ISD,McAllen,D,Other Central City Suburban,12,City-Midsize,N,886,1033,1919,2,1,3,48,43,91,0,0,0,3,2,5,109,125,234,1051,1209,2260,TX,TEXAS,MCALLEN ISD,627,604,0,0,8,3,0,0,1,2,11,10,0,2,647,621,352,318,61,24,11406,10862,11,4,167,143,3,0,57,29,420,458,38,36,12102,11532,22268,15,310,3,86,74,23634
4829700,231901,MCCAMEY ISD,-16753,2502430,-2080344,4134272,29700,McCamey ISD,McCamey,H,Rural,43,Rural-Remote,N,14,6,20,0,0,0,0,0,0,0,0,0,0,1,1,6,5,11,20,12,32,TX,TEXAS,MCCAMEY ISD,8,14,0,0,0,0,0,0,2,0,1,7,0,0,11,21,0,1,2,1,199,194,0,1,0,0,0,0,6,6,69,73,1,5,275,279,393,1,0,0,12,6,554
4829760,11905,MCDADE ISD,-37804,246387,860468,1084054,29760,McDade ISD,McDade,F,Non-metropolitan Fast Growing,42,Rural-Distant,N,3,8,11,0,0,0,0,0,0,0,0,0,0,0,0,7,12,19,10,20,30,TX,TEXAS,MCDADE ISD,7,10,0,0,0,0,0,0,1,2,5,14,0,0,13,26,5,4,4,2,82,82,0,1,0,2,1,0,8,3,59,87,0,0,150,175,164,1,2,1,11,0,325
4829820,161909,MCGREGOR ISD,2409,652083,535610,1327777,29820,McGregor ISD,McGregor,G,Non-metropolitan Stable,31,Town-Fringe,N,17,12,29,0,1,1,0,0,0,0,0,0,2,2,4,41,30,71,62,46,108,TX,TEXAS,MCGREGOR ISD,29,15,0,0,0,0,0,0,3,2,15,14,0,1,47,32,9,7,0,0,390,359,3,7,2,1,2,2,46,34,304,277,14,10,761,690,749,10,3,4,80,24,1451
4829850,43907,MCKINNEY ISD,108991,30852032,-20396887,14349937,29850,McKinney ISD,McKinney,D,Other Central City Suburban,22,Suburb-Midsize,N,166,96,262,6,3,9,101,82,183,1,3,4,44,44,88,871,667,1538,1220,924,2144,TX,TEXAS,MCKINNEY ISD,167,164,2,3,9,11,0,0,52,38,85,45,9,5,324,266,107,126,155,70,3741,3481,76,69,555,562,27,32,1752,1710,6291,5888,407,369,12849,12111,7222,145,1117,59,3462,776,24960
4829880,90903,MCLEAN ISD,78,-51779,-185544,-350471,29880,McLean ISD,McLean,H,Rural,43,Rural-Remote,N,0,0,0,0,0,0,0,0,0,0,0,0,0,0,0,0,0,0,0,0,0,TX,TEXAS,MCLEAN ISD,0,0,0,0,0,0,0,0,0,0,6,3,3,1,9,4,0,0,3,0,24,23,0,0,0,0,0,0,0,3,101,89,7,3,132,118,47,0,0,0,3,10,250
4829910,34906,MCLEOD ISD,-2210,69701,974214,587143,29910,McLeod ISD,McLeod,H,Rural,42,Rural-Distant,N,0,0,0,0,0,0,0,0,0,0,0,0,0,0,0,11,12,23,12,13,25,TX,TEXAS,MCLEOD ISD,0,0,0,0,0,0,0,0,0,0,0,0,0,0,0,0,0,0,0,0,1,4,0,1,0,0,0,0,0,3,197,168,3,4,201,180,5,1,0,0,3,7,381
4829940,162904,MCMULLEN COUNTY ISD,-33882,-12932419,-880263,-13728594,29940,McMullen County ISD,McMullen County,H,Rural,43,Rural-Remote,N,1,0,1,0,0,0,0,3,3,0,0,0,0,0,0,4,13,17,5,16,21,TX,TEXAS,MCMULLEN COUNTY ISD,2,2,0,0,0,0,0,0,0,0,6,3,3,0,11,5,0,0,0,0,42,52,0,0,2,3,0,0,0,0,81,75,1,2,126,132,94,0,5,0,0,3,258
4830000,223902,MEADOW ISD,1250,20003,365511,519632,30000,Meadow ISD,Meadow,H,Rural,42,Rural-Distant,N,3,2,5,0,0,0,0,0,0,0,0,0,0,0,0,5,4,9,8,6,14,TX,TEXAS,MEADOW ISD,5,6,0,0,0,0,0,0,0,0,2,2,0,0,7,8,1,1,0,0,89,106,1,0,0,0,0,0,1,0,34,46,1,4,126,156,195,1,0,0,1,5,282
4830030,10901,MEDINA ISD,349,10413,363256,-105481,30030,Medina ISD,Medina,H,Rural,43,Rural-Remote,N,0,2,2,0,0,0,0,0,0,0,0,0,0,0,0,4,16,20,5,19,24,TX,TEXAS,MEDINA ISD,2,8,0,0,0,0,0,0,0,0,12,10,1,0,15,18,0,0,2,1,34,42,0,0,0,0,0,0,3,6,117,111,6,3,160,162,76,0,0,0,9,9,322
4830060,163908,MEDINA VALLEY ISD,-209533,5730365,9135067,15897053,30060,Medina Valley ISD,Medina Valley,B,Major Suburban,41,Rural-Fringe,N,59,53,112,0,0,0,0,4,4,0,0,0,0,2,2,79,68,147,141,132,273,TX,TEXAS,MEDINA VALLEY ISD,83,48,0,0,0,1,0,0,1,3,30,13,4,2,118,67,12,12,33,10,1562,1400,10,17,11,17,5,6,85,92,908,831,74,66,2655,2429,2962,27,28,11,177,140,5084
4830120,43908,MELISSA ISD,57925,6418515,4654872,11348071,30120,Melissa ISD,Melissa,F,Non-metropolitan Fast Growing,22,Suburb-Midsize,N,9,8,17,1,3,4,1,2,3,0,0,0,5,2,7,106,70,176,129,90,219,TX,TEXAS,MELISSA ISD,9,7,0,0,3,1,0,0,1,3,10,5,2,0,25,16,8,4,8,4,271,249,17,9,18,27,1,1,123,116,996,855,57,51,1483,1308,520,26,45,2,239,108,2791
4830180,96904,MEMPHIS ISD,676,131039,438734,646069,30180,Memphis ISD,Memphis,H,Rural,43,Rural-Remote,N,1,11,12,0,0,0,1,0,1,0,0,0,1,0,1,15,13,28,18,25,43,TX,TEXAS,MEMPHIS ISD,12,13,0,0,0,0,0,0,5,3,9,10,1,1,27,27,4,7,4,4,148,147,0,0,1,0,0,0,22,16,88,69,3,4,262,236,295,0,1,0,38,7,498
4830210,164901,MENARD ISD,9546,193930,363674,589931,30210,Menard ISD,Menard,H,Rural,43,Rural-Remote,N,2,2,4,0,0,0,0,0,0,0,0,0,0,0,0,2,3,5,4,5,9,TX,TEXAS,MENARD ISD,5,4,0,0,0,0,0,0,0,0,7,6,0,0,12,10,0,2,0,0,73,77,0,0,0,0,0,0,0,4,74,64,4,5,151,150,150,0,0,0,4,9,301
4830250,108907,MERCEDES ISD,10352,1143233,2111384,2039607,30250,Mercedes ISD,Mercedes,G,Non-metropolitan Stable,21,Suburb-Large,N,358,343,701,0,1,1,0,0,0,0,0,0,0,0,0,2,2,4,361,347,708,TX,TEXAS,MERCEDES ISD,177,147,1,0,0,0,0,0,0,1,1,1,1,2,180,151,52,60,11,1,2826,2629,3,2,3,0,0,0,9,3,20,22,8,6,2869,2662,5455,5,3,0,12,14,5531
4830300,18902,MERIDIAN ISD,-27979,260274,131013,1363,30300,Meridian ISD,Meridian,H,Rural,43,Rural-Remote,N,3,0,3,0,0,0,0,0,0,0,0,0,0,0,0,5,3,8,8,3,11,TX,TEXAS,MERIDIAN ISD,2,1,0,0,0,0,0,0,0,0,7,4,0,1,9,6,0,0,2,1,93,77,0,0,0,2,0,0,4,9,146,119,16,8,259,215,170,0,2,0,13,24,474
4830340,221904,MERKEL ISD,-12664,323678,784664,1159333,30340,Merkel ISD,Merkel,D,Other Central City Suburban,42,Rural-Distant,N,10,9,19,1,1,2,0,0,0,0,0,0,0,2,2,32,30,62,44,45,89,TX,TEXAS,MERKEL ISD,9,9,0,0,0,0,0,0,0,2,32,24,0,2,41,37,1,4,8,3,143,169,6,3,0,0,1,0,9,10,402,396,16,14,577,592,312,9,0,1,19,30,1169
4830360,118902,IRION COUNTY ISD,10687,1490955,-352627,1423285,30360,Irion County ISD,Irion County,H,Rural,42,Rural-Distant,N,2,2,4,0,0,0,0,0,0,0,0,0,0,0,0,7,6,13,9,8,17,TX,TEXAS,IRION COUNTY ISD,0,0,0,0,0,0,0,0,0,0,0,0,0,0,0,0,0,0,0,0,51,35,0,0,0,0,0,0,2,1,93,90,3,2,149,128,86,0,0,0,3,5,277
4830390,57914,MESQUITE ISD,-504998,16092556,7804623,23316413,30390,Mesquite ISD,Mesquite,B,Major Suburban,21,Suburb-Large,N,567,458,1025,6,3,9,58,59,117,0,0,0,139,167,306,272,268,540,1062,988,2050,TX,TEXAS,MESQUITE ISD,452,400,16,10,12,8,0,1,151,141,100,98,8,15,739,673,324,316,137,44,12201,11620,108,92,306,316,11,18,5193,4983,2829,2505,386,430,21034,19964,23821,200,622,29,10176,816,40998
4830420,147903,MEXIA ISD,40262,550697,3375165,3869039,30420,Mexia ISD,Mexia,G,Non-metropolitan Stable,33,Town-Remote,N,9,8,17,0,0,0,2,0,2,0,0,0,8,3,11,11,10,21,32,22,54,TX,TEXAS,MEXIA ISD,21,10,0,0,0,0,0,0,3,4,12,11,0,0,36,25,12,7,5,2,450,382,3,1,14,7,0,0,246,239,229,170,31,27,973,826,832,4,21,0,485,58,1799
4830450,62906,MEYERSVILLE ISD,-3077,-16717,583999,580342,30450,Meyersville ISD,Meyersville,H,Rural,42,Rural-Distant,N,1,0,1,0,0,0,0,0,0,0,0,0,0,0,0,3,4,7,4,4,8,TX,TEXAS,MEYERSVILLE ISD,2,0,0,0,0,0,0,0,0,0,7,2,0,0,9,2,0,0,0,0,13,14,0,0,0,0,0,0,3,0,50,40,0,0,66,54,27,0,0,0,3,0,120
4830480,197902,MIAMI ISD,-56676,2419016,-2541387,-124959,30480,Miami ISD,Miami,H,Rural,43,Rural-Remote,N,3,0,3,1,0,1,0,0,0,0,0,0,0,0,0,12,6,18,16,6,22,TX,TEXAS,MIAMI ISD,1,1,0,0,0,0,0,0,0,0,4,6,0,0,5,7,0,0,0,1,18,16,1,0,0,0,0,0,0,0,88,95,1,0,108,111,34,1,0,0,0,1,219
4830570,165901,MIDLAND ISD,1919093,52269457,56380091,98034633,30570,Midland ISD,Midland,C,Other Central City,12,City-Midsize,N,178,181,359,1,1,2,32,35,67,1,0,1,16,22,38,345,360,705,589,616,1205,TX,TEXAS,MIDLAND ISD,342,305,2,5,19,31,0,0,43,38,78,62,14,4,498,445,101,122,95,24,8272,7695,27,34,299,314,13,9,1000,969,3458,3188,211,227,13280,12436,15967,61,613,22,1969,438,25716
4830600,70908,MIDLOTHIAN ISD,-959125,9758019,7951400,18739243,30600,Midlothian ISD,Midlothian,C,Other Central City,21,Suburb-Large,N,39,27,66,2,2,4,5,6,11,0,0,0,4,13,17,223,224,447,289,289,578,TX,TEXAS,MIDLOTHIAN ISD,24,16,0,0,1,1,0,1,2,4,31,26,2,6,60,54,5,11,33,20,999,930,16,14,52,58,2,1,266,271,3077,2815,167,202,4579,4291,1929,30,110,3,537,369,8870
4830640,161903,MIDWAY ISD,97441,6545743,3189331,9928380,30640,Midway ISD (McLennan),Midway (McLennan),D,Other Central City Suburban,22,Suburb-Midsize,N,51,62,113,0,1,1,26,34,60,0,2,2,13,11,24,417,345,762,524,467,991,TX,TEXAS,MIDWAY ISD,46,26,0,0,10,4,0,0,19,17,61,40,3,1,139,88,24,14,39,5,977,901,3,13,190,183,8,9,499,456,2366,2271,103,94,4146,3927,1878,16,373,17,955,197,8073
4830660,39905,MIDWAY ISD,2462,45889,713708,-2213461,30660,Midway ISD (Clay),Midway (Clay),H,Rural,42,Rural-Distant,N,0,0,0,0,0,0,0,0,0,0,0,0,0,0,0,1,1,2,1,1,2,TX,TEXAS,MIDWAY ISD,0,0,0,0,0,0,0,0,0,0,0,0,0,0,0,0,0,0,0,0,6,2,0,0,0,0,0,0,0,0,60,69,0,0,66,71,8,0,0,0,0,0,137
4830690,166903,MILANO ISD,-2682,180123,437590,650697,30690,Milano ISD,Milano,H,Rural,42,Rural-Distant,N,2,2,4,0,0,0,0,0,0,0,0,0,0,0,0,9,19,28,11,21,32,TX,TEXAS,MILANO ISD,3,3,0,0,0,0,0,0,0,0,7,7,0,2,10,12,1,1,0,0,61,61,0,1,2,1,1,1,13,8,147,147,4,5,228,224,122,1,3,2,21,9,452
4830720,175910,MILDRED ISD,7263,476977,1424210,2063047,30720,Mildred ISD,Mildred,E,Independent Town,42,Rural-Distant,N,0,3,3,0,0,0,0,1,1,0,0,0,0,0,0,27,24,51,28,28,56,TX,TEXAS,MILDRED ISD,0,0,0,0,0,0,0,0,0,0,0,0,0,0,0,0,0,0,0,0,56,62,1,1,0,5,3,3,10,2,300,273,19,6,389,352,118,2,5,6,12,25,741
4830750,200902,MILES ISD,1998,209632,1320464,1102254,30750,Miles ISD,Miles,H,Rural,42,Rural-Distant,N,6,3,9,0,0,0,0,0,0,0,0,0,0,0,0,9,5,14,15,8,23,TX,TEXAS,MILES ISD,2,2,0,0,0,0,0,0,0,0,6,2,0,0,8,4,0,0,1,0,80,81,0,0,0,0,0,0,0,0,149,129,0,0,229,210,161,0,0,0,0,0,439
4830780,70909,MILFORD ISD,-5109,127603,345329,422500,30780,Milford ISD,Milford,H,Rural,42,Rural-Distant,N,1,1,2,0,0,0,0,0,0,0,0,0,0,0,0,0,2,2,3,3,6,TX,TEXAS,MILFORD ISD,3,2,0,0,0,0,0,0,1,2,1,1,1,0,6,5,2,1,0,0,45,40,0,0,0,0,0,0,33,24,55,51,17,9,150,124,85,0,0,0,57,26,274
4830810,112907,MILLER GROVE ISD,813,84222,1304640,1513615,30810,Miller Grove ISD,Miller Grove,F,Non-metropolitan Fast Growing,43,Rural-Remote,N,0,0,0,0,0,0,0,0,0,0,0,0,0,0,0,3,0,3,3,0,3,TX,TEXAS,MILLER GROVE ISD,3,2,0,0,0,0,0,0,0,0,15,8,0,1,18,11,1,1,0,0,28,39,0,0,1,0,2,1,1,0,121,130,2,4,155,174,67,0,1,3,1,6,329
4830870,184904,MILLSAP ISD,247090,1249792,1294002,2248691,30870,Millsap ISD,Millsap,D,Other Central City Suburban,42,Rural-Distant,N,1,0,1,0,2,2,0,0,0,0,0,0,0,0,0,10,27,37,12,31,43,TX,TEXAS,MILLSAP ISD,0,4,0,0,0,0,1,0,0,0,18,11,1,0,20,15,0,1,2,1,77,51,1,3,2,3,2,0,2,1,406,400,11,15,501,473,128,4,5,2,3,26,974
4830930,250903,MINEOLA ISD,15868,1246028,1583638,2984523,30930,Mineola ISD,Mineola,E,Independent Town,32,Town-Distant,N,2,5,7,0,0,0,1,1,2,0,0,0,0,0,0,33,19,52,36,25,61,TX,TEXAS,MINEOLA ISD,12,20,0,1,0,1,0,0,3,4,15,12,3,5,33,43,9,7,6,1,247,283,4,5,13,9,0,0,50,47,440,453,35,42,789,839,530,9,22,0,97,77,1628
4830950,182903,MINERAL WELLS ISD,-62014,623286,3830094,4458114,30950,Mineral Wells ISD,Mineral Wells,E,Independent Town,32,Town-Distant,N,22,17,39,0,0,0,2,1,3,0,0,0,2,0,2,63,51,114,90,74,164,TX,TEXAS,MINERAL WELLS ISD,49,41,0,0,0,0,0,0,2,6,56,55,5,6,112,108,25,21,9,5,692,645,9,4,6,6,0,0,48,56,894,814,56,50,1705,1575,1337,13,12,0,104,106,3280
4831040,108908,MISSION CISD,10525,1119076,3602812,4365401,31040,Mission Cons ISD,Mission Cons,D,Other Central City Suburban,13,City-Small,N,816,904,1720,1,0,1,0,1,1,0,0,0,1,0,1,8,11,19,827,916,1743,TX,TEXAS,MISSION CISD,581,627,1,0,0,1,0,0,0,0,4,1,0,0,586,629,123,142,44,18,8127,7625,4,3,7,4,0,0,6,9,55,52,3,1,8202,7694,15752,7,11,0,15,4,15896
4831170,238902,MONAHANS-WICKETT-PYOTE ISD,23525,10708676,-928493,9973072,31170,Monahans-Wickett-Pyote ISD,Monahans-Wickett-Pyote,D,Other Central City Suburban,32,Town-Distant,N,30,20,50,0,0,0,0,2,2,0,0,0,2,2,4,19,24,43,51,48,99,TX,TEXAS,MONAHANS-WICKETT-PYOTE ISD,13,25,0,0,0,1,0,0,1,0,11,7,0,0,25,33,4,9,10,5,679,754,4,4,5,9,0,0,59,56,396,350,5,6,1148,1179,1433,8,14,0,115,11,2327
4831200,169908,MONTAGUE ISD,365,20854,755578,799775,31200,Montague ISD,Montague,H,Rural,42,Rural-Distant,N,0,1,1,0,0,0,0,0,0,0,0,0,0,0,0,0,1,1,0,3,3,TX,TEXAS,MONTAGUE ISD,1,1,0,0,0,0,0,0,0,0,2,13,0,0,3,14,0,0,0,1,5,6,0,0,0,0,0,0,0,0,55,90,1,2,61,98,11,0,0,0,0,3,159
4831230,108915,MONTE ALTO ISD,-7332,224816,-708424,-451662,31230,Monte Alto ISD,Monte Alto,G,Non-metropolitan Stable,41,Rural-Fringe,N,13,22,35,0,0,0,0,0,0,0,0,0,0,0,0,0,0,0,13,22,35,TX,TEXAS,MONTE ALTO ISD,50,36,0,0,0,0,0,0,0,0,0,0,0,0,50,36,21,26,4,0,600,535,0,0,0,0,0,0,0,0,0,0,0,0,600,535,1135,0,0,0,0,0,1135
4831260,170903,MONTGOMERY ISD,548390,5366638,3663322,10874109,31260,Montgomery ISD,Montgomery,D,Other Central City Suburban,41,Rural-Fringe,N,25,27,52,0,0,0,7,7,14,0,0,0,4,3,7,289,241,530,332,285,617,TX,TEXAS,MONTGOMERY ISD,24,23,0,0,2,2,0,0,2,6,67,44,6,6,101,81,10,10,26,6,619,729,26,21,42,43,4,6,144,102,3416,3338,136,110,4387,4349,1348,47,85,10,246,246,8736
4831290,161910,MOODY ISD,2012,429106,1897433,2281304,31290,Moody ISD,Moody,H,Rural,42,Rural-Distant,N,2,2,4,0,0,0,0,0,0,0,0,0,0,0,0,7,12,19,9,15,24,TX,TEXAS,MOODY ISD,9,7,0,0,0,0,0,0,1,0,20,18,1,1,31,26,1,3,6,1,113,100,1,1,0,0,0,0,22,17,218,203,16,15,370,336,213,2,0,0,39,31,706
4831320,209902,MORAN ISD,-1156,19033,412165,663964,31320,Moran ISD,Moran,H,Rural,43,Rural-Remote,N,0,0,0,0,0,0,0,0,0,0,0,0,0,0,0,1,1,2,1,1,2,TX,TEXAS,MORAN ISD,1,2,0,0,0,0,0,0,0,0,2,5,0,0,3,7,0,0,2,1,8,7,1,0,0,0,1,0,0,0,59,51,2,0,71,58,15,1,0,1,0,2,129
4831380,18903,MORGAN ISD,125,63885,300732,371536,31380,Morgan ISD,Morgan,H,Rural,43,Rural-Remote,N,0,1,1,0,0,0,0,0,0,0,0,0,0,0,0,0,0,0,0,1,1,TX,TEXAS,MORGAN ISD,7,3,0,0,0,0,0,0,0,0,0,1,0,1,7,5,0,0,1,0,52,30,0,1,0,0,0,0,1,0,23,19,2,6,78,56,82,1,0,0,1,8,134
4831410,72910,MORGAN MILL ISD,-143,-214270,138218,-76647,31410,Morgan Mill ISD,Morgan Mill,H,Rural,43,Rural-Remote,N,0,0,0,0,0,0,0,0,0,0,0,0,0,0,0,2,12,14,2,12,14,TX,TEXAS,MORGAN MILL ISD,1,1,0,0,0,0,0,0,0,0,5,4,0,0,6,5,0,0,0,0,9,9,0,0,0,0,0,0,0,0,46,58,2,0,57,67,18,0,0,0,0,2,124
4831470,40901,MORTON ISD,-11463,-34277,512722,404883,31470,Morton ISD,Morton,H,Rural,43,Rural-Remote,N,9,8,17,0,0,0,0,0,0,0,0,0,0,1,1,4,2,6,13,13,26,TX,TEXAS,MORTON ISD,16,14,0,0,0,0,0,0,1,1,0,2,0,0,17,17,1,3,1,2,177,171,0,0,0,0,0,0,3,4,17,18,1,2,198,195,348,0,0,0,7,3,393
4831500,173901,MOTLEY COUNTY ISD,46,-89540,302592,255762,31500,Motley County ISD,Motley County,H,Rural,43,Rural-Remote,N,4,0,4,0,0,0,0,0,0,0,0,0,0,0,0,7,9,16,11,9,20,TX,TEXAS,MOTLEY COUNTY ISD,2,1,0,0,0,0,0,0,0,0,5,3,0,0,7,4,0,0,0,2,24,24,0,0,0,0,0,0,1,0,70,49,2,2,97,75,48,0,0,0,1,4,172
4831560,143902,MOULTON ISD,-5178,1493177,185300,1624454,31560,Moulton ISD,Moulton,H,Rural,43,Rural-Remote,N,0,0,0,0,0,0,0,0,0,0,0,0,0,0,0,4,3,7,4,3,7,TX,TEXAS,MOULTON ISD,1,2,0,0,0,0,0,0,0,0,5,2,1,0,7,4,0,3,0,0,70,52,0,3,0,0,0,0,0,4,71,72,5,1,146,132,122,3,0,0,4,6,278
4831620,109910,MOUNT CALM ISD,-2753,53488,678679,752489,31620,Mount Calm ISD,Mount Calm,H,Rural,42,Rural-Distant,N,2,0,2,0,0,0,0,0,0,0,0,0,0,0,0,6,5,11,8,6,14,TX,TEXAS,MOUNT CALM ISD,0,1,0,0,0,0,0,0,1,0,15,15,1,1,17,17,1,0,0,0,18,28,0,1,0,0,0,0,5,6,82,50,5,1,110,86,46,1,0,0,11,6,196
4831650,201907,MOUNT ENTERPRISE ISD,-10006,-13865,1082356,1086680,31650,Mount Enterprise ISD,Mount Enterprise,H,Rural,43,Rural-Remote,N,1,3,4,0,0,0,0,0,0,0,0,0,0,2,2,18,17,35,19,22,41,TX,TEXAS,MOUNT ENTERPRISE ISD,3,1,0,0,0,0,0,0,1,0,6,8,1,1,11,10,0,0,1,0,17,26,2,1,2,0,0,0,29,16,154,158,3,5,207,206,43,3,2,0,45,8,413
4831760,225902,MOUNT PLEASANT ISD,-325100,465215,11752746,13042720,31760,Mount Pleasant ISD,Mount Pleasant,E,Independent Town,33,Town-Remote,N,53,51,104,0,0,0,0,0,0,0,0,0,4,12,16,37,31,68,94,94,188,TX,TEXAS,MOUNT PLEASANT ISD,168,166,0,0,3,3,0,1,41,41,19,17,10,3,241,231,22,21,22,3,1857,1788,6,6,14,24,2,1,321,306,483,422,53,43,2736,2590,3645,12,38,3,627,96,5326
4831770,80901,MOUNT VERNON ISD,50915,301967,1593400,1839643,31770,Mount Vernon ISD,Mount Vernon,G,Non-metropolitan Stable,33,Town-Remote,N,8,7,15,0,0,0,0,4,4,0,0,0,0,1,1,34,37,71,43,49,92,TX,TEXAS,MOUNT VERNON ISD,7,8,0,0,0,0,0,0,3,2,19,11,2,0,31,21,5,5,6,3,215,208,1,1,5,14,0,0,46,40,520,510,38,27,825,800,423,2,19,0,86,65,1625
4831860,49902,MUENSTER ISD,-2863,715142,190548,993271,31860,Muenster ISD,Muenster,H,Rural,43,Rural-Remote,N,0,0,0,0,0,0,0,0,0,0,0,0,0,0,0,5,11,16,7,11,18,TX,TEXAS,MUENSTER ISD,0,1,0,0,0,0,0,0,0,0,15,10,0,0,15,11,0,1,3,1,10,11,1,3,2,2,0,0,0,2,259,208,8,4,280,230,21,4,4,0,2,12,510
4831890,9901,MULESHOE ISD,-12663,-53889,1866615,2024567,31890,Muleshoe ISD,Muleshoe,G,Non-metropolitan Stable,33,Town-Remote,N,8,3,11,0,0,0,0,0,0,0,0,0,0,0,0,8,5,13,16,8,24,TX,TEXAS,MULESHOE ISD,36,35,0,0,1,0,0,0,0,1,4,2,0,0,41,38,20,18,1,2,634,583,0,2,4,3,0,0,4,2,99,105,1,1,742,696,1217,2,7,0,6,2,1438
4831920,167902,MULLIN ISD,-2559,334881,-77919,612054,31920,Mullin ISD,Mullin,H,Rural,33,Town-Remote,N,1,0,1,0,0,0,0,0,0,0,0,0,0,0,0,2,1,3,3,1,4,TX,TEXAS,MULLIN ISD,0,0,0,0,0,0,0,0,0,0,1,3,0,0,1,3,0,0,0,1,50,44,1,0,0,1,0,0,43,39,68,81,4,3,166,168,94,1,1,0,82,7,334
4831950,198906,MUMFORD ISD,-10265,619565,-308874,639933,31950,Mumford ISD,Mumford,H,Rural,42,Rural-Distant,N,11,13,24,0,0,0,1,1,2,0,0,0,3,1,4,24,29,53,39,44,83,TX,TEXAS,MUMFORD ISD,12,24,0,0,0,0,0,0,1,0,9,17,2,0,24,41,9,7,3,2,148,185,0,0,5,1,0,0,19,14,99,131,5,9,276,340,333,0,6,0,33,14,616
4831970,138903,MUNDAY CISD,1053,314012,264042,677550,31970,Munday Cons ISD,Munday Cons,H,Rural,43,Rural-Remote,N,0,2,2,0,0,0,0,0,0,0,0,0,0,0,0,6,7,13,6,9,15,TX,TEXAS,MUNDAY CISD,11,7,0,0,0,0,0,0,1,1,9,10,1,1,22,19,0,0,2,1,103,93,1,0,1,1,0,0,10,14,75,76,7,5,197,189,196,1,2,0,24,12,386
4832010,107908,MURCHISON ISD,-5829,13872,343916,360174,32010,Murchison ISD,Murchison,H,Rural,42,Rural-Distant,N,0,1,1,0,0,0,0,0,0,0,0,0,0,0,0,7,3,10,7,4,11,TX,TEXAS,MURCHISON ISD,1,1,0,0,0,0,0,0,0,0,9,7,0,0,10,8,1,1,0,0,9,16,0,0,0,0,0,0,0,0,79,59,2,1,90,76,25,0,0,0,0,3,166
4832090,174904,NACOGDOCHES ISD,115008,1554758,5265785,7272461,32090,Nacogdoches ISD,Nacogdoches,E,Independent Town,33,Town-Remote,N,53,48,101,0,0,0,5,5,10,0,0,0,30,24,54,62,83,145,154,160,314,TX,TEXAS,NACOGDOCHES ISD,57,44,0,0,0,0,0,0,44,45,11,9,1,2,113,100,68,54,3,4,1539,1398,0,2,46,40,1,2,973,911,659,596,44,32,3262,2981,2937,2,86,3,1884,76,6243
4832130,163903,NATALIA ISD,10226,314213,1226638,1617980,32130,Natalia ISD,Natalia,G,Non-metropolitan Stable,41,Rural-Fringe,N,28,22,50,0,0,0,0,0,0,0,0,0,0,0,0,10,7,17,38,29,67,TX,TEXAS,NATALIA ISD,49,36,0,0,0,0,0,0,0,0,1,4,0,0,50,40,0,1,6,3,436,461,1,0,0,1,2,1,1,3,97,88,4,7,541,561,897,1,1,3,4,11,1102
4832160,94903,NAVARRO ISD,22697,976236,779912,1826323,32160,Navarro ISD,Navarro,D,Other Central City Suburban,41,Rural-Fringe,N,15,19,34,0,0,0,0,0,0,0,0,0,1,0,1,56,49,105,72,70,142,TX,TEXAS,NAVARRO ISD,11,12,0,0,0,0,1,0,0,0,7,8,1,0,20,20,4,2,8,2,410,375,1,1,5,5,1,1,16,22,541,504,16,13,990,921,785,2,10,2,38,29,1911
4832190,93904,NAVASOTA ISD,23705,644283,2625862,3856614,32190,Navasota ISD,Navasota,D,Other Central City Suburban,32,Town-Distant,N,24,13,37,0,0,0,0,0,0,0,0,0,2,0,2,13,19,32,39,32,71,TX,TEXAS,NAVASOTA ISD,43,41,0,0,0,0,0,1,27,30,57,41,1,2,128,115,8,10,8,2,767,734,5,4,6,6,1,1,293,326,444,418,26,24,1542,1513,1501,9,12,2,619,50,3055
4832220,35903,NAZARETH ISD,-981,67780,638267,356348,32220,Nazareth ISD,Nazareth,H,Rural,43,Rural-Remote,N,1,0,1,0,0,0,0,0,0,0,0,0,0,0,0,2,1,3,3,1,4,TX,TEXAS,NAZARETH ISD,0,0,0,0,0,0,0,0,0,0,7,6,0,0,7,6,0,0,1,0,12,12,2,1,0,0,0,0,2,0,104,115,0,0,120,128,24,3,0,0,2,0,248
4832250,1906,NECHES ISD,614,49559,451762,455832,32250,Neches ISD,Neches,H,Rural,42,Rural-Distant,N,3,1,4,0,0,0,0,0,0,0,0,0,0,0,0,9,14,23,12,15,27,TX,TEXAS,NECHES ISD,0,0,0,0,0,0,0,0,0,1,8,7,0,1,8,9,0,0,1,0,24,23,0,1,1,0,0,0,17,13,126,147,3,5,171,189,47,1,1,0,30,8,360
4832280,123905,NEDERLAND ISD,-2504,2921149,3993214,5726497,32280,Nederland ISD,Nederland,D,Other Central City Suburban,22,Suburb-Midsize,N,7,14,21,1,0,1,8,7,15,0,0,0,2,2,4,66,81,147,84,104,188,TX,TEXAS,NEDERLAND ISD,37,33,0,0,8,2,0,0,6,5,37,25,0,3,88,68,0,0,1,1,750,709,12,14,204,159,3,2,245,238,1506,1445,51,49,2771,2616,1459,26,363,5,483,100,5387
4832310,79906,NEEDVILLE ISD,-119239,2032938,2756208,5079804,32310,Needville ISD,Needville,D,Other Central City Suburban,41,Rural-Fringe,N,1,2,3,0,0,0,2,0,2,0,0,0,0,0,0,40,26,66,45,29,74,TX,TEXAS,NEEDVILLE ISD,24,19,0,0,0,0,0,0,1,2,15,5,0,0,40,26,15,13,12,7,750,737,1,6,9,4,0,0,56,60,835,739,20,13,1671,1559,1487,7,13,0,116,33,3230
4832340,19905,NEW BOSTON ISD,14894,63315,1439161,1860715,32340,New Boston ISD,New Boston,G,Non-metropolitan Stable,32,Town-Distant,N,1,5,6,0,0,0,0,1,1,0,0,0,3,5,8,37,38,75,45,54,99,TX,TEXAS,NEW BOSTON ISD,6,4,0,0,0,0,0,0,15,13,18,21,2,9,41,47,3,2,2,0,57,49,1,2,2,2,1,2,139,162,410,395,55,60,665,672,106,3,4,3,301,115,1337
4832370,46901,NEW BRAUNFELS ISD,-43713,12204642,2496265,15268471,32370,New Braunfels ISD,New Braunfels,C,Other Central City,13,City-Small,N,85,65,150,1,1,2,4,6,10,0,0,0,1,7,8,267,219,486,370,303,673,TX,TEXAS,NEW BRAUNFELS ISD,117,104,0,0,0,1,0,0,2,2,42,41,1,2,162,150,41,37,24,13,2231,2028,15,8,42,41,0,1,85,88,2164,2049,109,83,4646,4298,4259,23,83,1,173,192,8944
4832400,170908,NEW CANEY ISD,-134332,8585710,24105481,35983820,32400,New Caney ISD,New Caney,D,Other Central City Suburban,21,Suburb-Large,N,292,252,544,2,2,4,7,17,24,0,1,1,11,14,25,249,277,526,576,575,1151,TX,TEXAS,NEW CANEY ISD,236,166,0,0,13,5,1,0,5,5,70,74,5,1,330,251,175,140,49,22,4514,4250,16,14,153,139,16,14,274,280,2649,2419,154,153,7776,7269,8764,30,292,30,554,307,15045
4832430,152902,NEW DEAL ISD,-45682,1942768,373519,2358764,32430,New Deal ISD,New Deal,H,Rural,41,Rural-Fringe,N,6,4,10,0,0,0,0,0,0,0,0,0,0,0,0,18,12,30,24,18,42,TX,TEXAS,NEW DEAL ISD,10,10,0,0,0,0,0,0,0,0,4,8,0,0,14,18,0,0,1,0,179,190,0,0,0,0,0,0,8,3,175,174,11,11,373,378,369,0,0,0,11,22,751
4832460,230906,NEW DIANA ISD,-31074,341035,3213766,3447698,32460,New Diana ISD,New Diana,D,Other Central City Suburban,42,Rural-Distant,N,1,2,3,0,0,0,0,1,1,0,0,0,0,1,1,28,26,54,31,31,62,TX,TEXAS,NEW DIANA ISD,4,3,0,0,0,0,0,0,1,3,11,12,0,0,16,18,1,1,4,1,74,70,2,2,2,2,0,1,28,34,445,386,23,30,574,525,144,4,4,1,62,53,1099
4832490,153905,NEW HOME ISD,50462,467982,1242664,1811270,32490,New Home ISD,New Home,F,Non-metropolitan Fast Growing,42,Rural-Distant,N,0,0,0,0,0,0,0,0,0,0,0,0,0,0,0,0,0,0,0,0,0,TX,TEXAS,NEW HOME ISD,6,1,0,0,0,0,0,0,0,0,16,6,0,0,22,7,2,0,1,1,59,54,0,0,0,0,0,0,3,1,187,139,4,2,253,196,113,0,0,0,4,6,449
4832610,37908,NEW SUMMERFIELD ISD,-10897,7332,1061560,948071,32610,New Summerfield ISD,New Summerfield,H,Rural,42,Rural-Distant,N,3,1,4,0,0,0,0,0,0,0,0,0,0,0,0,1,0,1,4,1,5,TX,TEXAS,NEW SUMMERFIELD ISD,19,20,0,0,0,0,0,0,0,0,1,0,0,0,20,20,13,18,2,0,251,212,1,0,2,2,0,0,6,7,39,23,1,0,300,244,463,1,4,0,13,1,544
4832640,236901,NEW WAVERLY ISD,-2331,774251,984439,1782806,32640,New Waverly ISD,New Waverly,G,Non-metropolitan Stable,41,Rural-Fringe,N,3,5,8,0,0,0,0,0,0,0,0,0,2,2,4,27,24,51,36,33,69,TX,TEXAS,NEW WAVERLY ISD,5,5,0,0,0,0,0,0,4,7,16,11,1,1,26,24,2,0,3,0,72,81,2,5,1,1,0,0,102,71,364,327,23,20,564,505,153,7,2,0,173,43,1069
4832700,252902,NEWCASTLE ISD,2237,113596,41183,14097,32700,Newcastle ISD,Newcastle,H,Rural,42,Rural-Distant,N,1,0,1,0,0,0,0,0,0,0,0,0,0,0,0,6,2,8,7,2,9,TX,TEXAS,NEWCASTLE ISD,1,1,0,0,0,0,0,0,0,0,5,4,0,0,6,5,0,0,0,0,24,14,0,0,0,0,0,0,0,0,96,93,1,3,121,110,38,0,0,0,0,4,231
4832730,176902,NEWTON ISD,2622,519782,728019,1357772,32730,Newton ISD,Newton,G,Non-metropolitan Stable,43,Rural-Remote,N,0,1,1,0,1,1,0,1,1,0,0,0,5,6,11,28,24,52,34,36,70,TX,TEXAS,NEWTON ISD,1,5,0,0,0,0,0,0,4,11,28,19,0,3,33,38,0,0,9,5,21,30,1,2,2,5,0,0,188,185,302,236,28,26,542,484,51,3,7,0,373,54,1026
4832740,89903,NIXON-SMILEY CISD,3126,5745184,1018702,7194409,32740,Nixon-Smiley Cons ISD,Nixon-Smiley Cons,G,Non-metropolitan Stable,43,Rural-Remote,N,16,25,41,0,0,0,0,0,0,0,0,0,0,0,0,17,22,39,33,49,82,TX,TEXAS,NIXON-SMILEY CISD,39,37,0,0,0,0,0,0,0,1,13,9,0,0,52,47,17,8,13,3,419,418,0,0,0,0,0,0,6,6,117,102,4,5,546,531,837,0,0,0,12,9,1077
4832790,169902,NOCONA ISD,34929,189604,1710480,1803373,32790,Nocona ISD,Nocona,H,Rural,33,Town-Remote,N,5,2,7,0,0,0,1,0,1,0,0,0,1,0,1,14,12,26,21,15,36,TX,TEXAS,NOCONA ISD,9,5,0,0,0,0,0,0,0,1,15,11,1,1,25,18,3,2,9,2,131,109,4,3,2,0,0,0,4,3,254,237,17,16,412,368,240,7,2,0,7,33,780
4832880,62902,NORDHEIM ISD,-3,2604498,-596191,2173049,32880,Nordheim ISD,Nordheim,H,Rural,43,Rural-Remote,N,0,0,0,0,0,0,0,0,0,0,0,0,0,0,0,4,2,6,4,2,6,TX,TEXAS,NORDHEIM ISD,2,3,0,0,0,0,0,0,0,0,3,2,0,0,5,5,0,0,0,0,31,32,0,0,0,0,0,0,2,2,48,42,0,0,81,76,63,0,0,0,4,0,157
4832910,145906,NORMANGEE ISD,1521,730171,1390739,2204171,32910,Normangee ISD,Normangee,H,Rural,43,Rural-Remote,N,0,3,3,0,0,0,0,1,1,0,0,0,0,0,0,21,10,31,21,14,35,TX,TEXAS,NORMANGEE ISD,3,5,0,0,1,0,0,0,2,0,9,7,1,2,16,14,0,0,0,0,45,50,3,2,3,4,0,0,26,15,235,206,10,9,322,286,95,5,7,0,41,19,608
4832940,15910,NORTH EAST ISD,289461,28359740,-25150289,7960151,32940,North East ISD,North East,A,Major Urban,11,City-Large,N,849,883,1732,4,4,8,178,220,398,2,3,5,59,55,114,1070,931,2001,2267,2190,4457,TX,TEXAS,NORTH EAST ISD,672,538,1,3,57,33,0,0,82,71,158,108,27,20,997,773,262,234,290,111,20013,19271,72,84,1206,1273,32,58,2538,2298,8835,8122,1230,1039,33926,32145,39284,156,2479,90,4836,2269,66071
4832970,112906,NORTH HOPKINS ISD,90085,220703,1949671,2213321,32970,North Hopkins ISD,North Hopkins,H,Rural,42,Rural-Distant,N,1,1,2,0,0,0,0,0,0,0,0,0,0,0,0,22,23,45,24,26,50,TX,TEXAS,NORTH HOPKINS ISD,1,5,0,0,0,0,0,0,0,0,16,8,0,1,17,14,0,3,1,0,56,65,0,1,0,0,1,0,0,1,181,189,15,9,253,265,121,1,0,1,1,24,518
4833010,139911,NORTH LAMAR ISD,37865,744996,-2035539,-1038607,33010,North Lamar ISD,North Lamar,G,Non-metropolitan Stable,41,Rural-Fringe,N,8,3,11,2,0,2,4,3,7,1,0,1,1,2,3,106,108,214,124,123,247,TX,TEXAS,NORTH LAMAR ISD,4,3,0,0,0,0,0,0,1,0,17,26,1,1,23,30,2,2,16,3,133,127,27,25,16,10,4,3,50,45,1073,983,48,51,1351,1244,260,52,26,7,95,99,2595
4833030,154903,NORTH ZULCH ISD,-9248,1057401,687581,2033055,33030,North Zulch ISD,North Zulch,H,Rural,42,Rural-Distant,N,4,2,6,0,0,0,0,0,0,0,0,0,0,0,0,4,9,13,8,11,19,TX,TEXAS,NORTH ZULCH ISD,1,3,0,0,0,0,0,0,0,0,9,7,0,1,10,11,0,1,3,0,33,27,0,0,4,4,0,0,0,1,120,159,1,4,158,195,60,0,8,0,1,5,353
4833090,244905,NORTHSIDE ISD,725,92170,805623,918493,33090,Northside ISD (Wilbarger),Northside (Wilbarger),H,Rural,42,Rural-Distant,N,2,2,4,0,0,0,0,0,0,0,0,0,1,2,3,5,8,13,8,12,20,TX,TEXAS,NORTHSIDE ISD,0,0,0,0,0,0,0,0,0,0,0,0,0,0,0,0,0,0,0,0,25,30,2,1,0,3,0,0,5,7,63,75,3,0,98,116,55,3,3,0,12,3,214
4833120,15915,NORTHSIDE ISD,1730742,77916762,8283374,83545572,33120,Northside ISD (Bexar),Northside (Bexar),A,Major Urban,11,City-Large,N,2326,2488,4814,2,6,8,197,222,419,13,13,26,135,172,307,1309,1167,2476,4143,4272,8415,TX,TEXAS,NORTHSIDE ISD,1607,1306,3,2,125,141,3,3,112,103,391,309,64,41,2305,1905,360,398,717,288,37296,35550,65,60,1782,1700,122,137,3533,3312,10382,9479,1547,1604,54727,51842,72846,125,3482,259,6845,3151,106569
4833180,61911,NORTHWEST ISD,1221030,50229999,-19781374,35198889,33180,Northwest ISD,Northwest,D,Other Central City Suburban,41,Rural-Fringe,N,136,126,262,4,6,10,56,74,130,0,2,2,27,28,55,922,819,1741,1178,1086,2264,TX,TEXAS,NORTHWEST ISD,59,76,1,0,31,22,1,0,24,24,128,68,1,4,245,194,52,52,115,53,2527,2395,64,57,463,463,30,26,1004,898,7507,7174,253,265,11848,11278,4922,121,926,56,1902,518,23126
4833240,69902,NUECES CANYON CISD,-600,-143105,19972,-130903,33240,Nueces Canyon Cons ISD,Nueces Canyon Cons,H,Rural,43,Rural-Remote,N,0,0,0,0,0,0,0,0,0,0,0,0,0,0,0,1,4,5,1,4,5,TX,TEXAS,NUECES CANYON CISD,0,6,0,0,0,0,0,0,0,0,8,5,0,0,8,11,0,0,0,0,60,68,0,1,0,0,0,0,0,0,67,77,0,2,127,148,128,1,0,0,0,2,275
4833270,235904,NURSERY ISD,-7760,521939,-101489,451253,33270,Nursery ISD,Nursery,H,Rural,41,Rural-Fringe,N,1,2,3,0,0,0,0,0,0,0,0,0,1,0,1,5,7,12,7,9,16,TX,TEXAS,NURSERY ISD,3,2,0,0,0,0,0,0,1,0,4,6,0,0,8,8,3,0,2,0,28,16,0,0,0,0,0,0,3,1,29,33,3,3,63,53,44,0,0,0,4,6,116
4833340,145907,OAKWOOD ISD,189,334174,-32671,283516,33340,Oakwood ISD,Oakwood,H,Rural,43,Rural-Remote,N,2,0,2,0,0,0,0,0,0,0,0,0,0,1,1,4,1,5,6,2,8,TX,TEXAS,OAKWOOD ISD,3,5,0,0,0,0,1,0,1,0,3,9,2,0,10,14,0,0,0,0,16,12,0,0,0,0,1,0,19,20,62,59,6,5,104,96,28,0,0,1,39,11,200
4833360,205905,ODEM-EDROY ISD,-36401,-11807,847196,840564,33360,Odem-Edroy ISD,Odem-Edroy,H,Rural,31,Town-Fringe,N,22,25,47,0,0,0,0,0,0,0,0,0,0,0,0,12,8,20,34,33,67,TX,TEXAS,ODEM-EDROY ISD,33,30,0,0,0,0,0,0,0,0,4,3,0,0,37,33,1,0,3,3,417,431,1,0,0,0,0,0,5,4,68,57,4,2,495,494,848,1,0,0,9,6,989
4833390,153903,O'DONNELL ISD,-7676,60199,202711,-1852889,33390,O'Donnell ISD,O'Donnell,H,Rural,43,Rural-Remote,N,7,5,12,0,0,0,0,0,0,0,0,0,0,0,0,9,6,15,16,11,27,TX,TEXAS,O'DONNELL ISD,4,7,0,0,0,0,0,0,0,0,1,4,0,0,5,11,0,0,0,0,109,107,0,1,0,0,0,0,3,2,54,46,0,0,166,156,216,1,0,0,5,0,322
4833420,50904,OGLESBY ISD,-7572,218726,350657,565798,33420,Oglesby ISD,Oglesby,H,Rural,42,Rural-Distant,N,0,0,0,0,0,0,0,0,0,0,0,0,0,0,0,0,3,3,0,3,3,TX,TEXAS,OGLESBY ISD,1,1,0,0,0,0,0,0,0,0,7,7,1,0,9,8,1,0,0,0,21,22,0,0,0,0,0,0,0,0,62,48,2,3,85,73,43,0,0,0,0,5,158
4833570,200906,OLFEN ISD,3104,60545,1008325,1086242,33570,Olfen ISD,Olfen,H,Rural,42,Rural-Distant,N,2,1,3,0,0,0,0,0,0,0,0,0,1,0,1,0,0,0,3,1,4,TX,TEXAS,OLFEN ISD,0,0,0,0,0,0,0,0,0,0,0,0,0,0,0,0,0,0,0,0,19,25,0,0,2,0,0,0,2,1,26,25,1,1,50,52,44,0,2,0,3,2,102
4833630,252903,OLNEY ISD,-1155,222221,349032,696227,33630,Olney ISD,Olney,H,Rural,32,Town-Distant,N,3,3,6,1,1,2,0,0,0,0,0,0,0,0,0,8,11,19,13,17,30,TX,TEXAS,OLNEY ISD,6,7,0,0,0,0,0,0,0,1,12,9,0,0,18,17,1,2,4,1,138,123,1,3,1,0,0,0,12,8,195,176,9,9,356,319,261,4,1,0,20,18,675
4833660,140905,OLTON ISD,-48840,209204,873290,1109180,33660,Olton ISD,Olton,H,Rural,43,Rural-Remote,N,11,5,16,0,0,0,0,0,0,0,0,0,1,0,1,17,11,28,29,16,45,TX,TEXAS,OLTON ISD,9,12,0,0,0,0,0,0,0,0,3,0,0,0,12,12,2,4,2,0,245,223,0,0,0,0,0,0,4,1,73,68,0,1,322,293,468,0,0,0,5,1,615
4833690,187910,ONALASKA ISD,-4495,658054,2671639,3465401,33690,Onalaska ISD,Onalaska,F,Non-metropolitan Fast Growing,32,Town-Distant,N,1,0,1,0,0,0,0,0,0,0,0,0,0,0,0,25,15,40,26,16,42,TX,TEXAS,ONALASKA ISD,2,8,0,0,0,0,0,0,2,1,28,32,0,0,32,41,0,0,0,2,45,50,6,3,3,3,0,0,8,11,487,469,13,12,562,548,95,9,6,0,19,25,1110
4833720,125903,ORANGE GROVE ISD,-96713,471785,-717697,-227830,33720,Orange Grove ISD,Orange Grove,G,Non-metropolitan Stable,42,Rural-Distant,N,28,22,50,0,0,0,0,0,0,0,0,0,0,0,0,39,42,81,67,64,131,TX,TEXAS,ORANGE GROVE ISD,33,28,0,0,0,0,0,0,0,0,20,15,2,0,55,43,1,2,11,5,577,547,0,2,3,3,0,0,1,2,400,333,8,1,989,888,1124,2,6,0,3,9,1877
4833780,181905,ORANGEFIELD ISD,-64066,611246,2941221,3979085,33780,Orangefield ISD,Orangefield,D,Other Central City Suburban,41,Rural-Fringe,N,1,5,6,0,0,0,1,0,1,0,0,0,0,0,0,29,32,61,31,41,72,TX,TEXAS,ORANGEFIELD ISD,2,5,0,0,1,1,0,0,0,0,18,11,1,2,22,19,2,2,8,4,87,69,7,3,12,19,0,0,3,7,816,721,23,22,948,841,156,10,31,0,10,45,1789
4833840,230903,ORE CITY ISD,6021,10422,3207428,3225655,33840,Ore City ISD,Ore City,G,Non-metropolitan Stable,42,Rural-Distant,N,4,5,9,0,0,0,1,0,1,0,0,0,1,0,1,20,19,39,27,24,51,TX,TEXAS,ORE CITY ISD,11,6,0,0,0,0,0,0,1,0,16,17,4,2,32,25,4,5,8,1,86,79,4,4,2,2,0,0,24,21,347,317,33,22,496,445,165,8,4,0,45,55,941
4833870,201908,OVERTON ISD,-886,27199,1366621,1257866,33870,Overton ISD,Overton,H,Rural,42,Rural-Distant,N,0,2,2,0,0,0,0,0,0,0,0,0,1,2,3,28,26,54,30,32,62,TX,TEXAS,OVERTON ISD,1,3,0,0,1,1,0,0,5,3,9,12,3,0,19,19,1,0,2,1,29,19,1,3,2,1,0,0,40,30,185,191,13,15,270,259,48,4,3,0,70,28,529
4833900,51901,PADUCAH ISD,-738,94332,119149,201924,33900,Paducah ISD,Paducah,H,Rural,43,Rural-Remote,N,0,0,0,0,0,0,0,0,0,0,0,0,1,0,1,5,7,12,6,7,13,TX,TEXAS,PADUCAH ISD,3,2,0,0,0,0,0,0,3,0,1,2,0,0,7,4,0,0,2,0,51,50,2,0,0,0,0,0,16,6,49,48,2,4,120,108,101,2,0,0,22,6,228
4833960,104907,PAINT CREEK ISD,-691,-866225,238479,-485475,33960,Paint Creek ISD,Paint Creek,H,Rural,42,Rural-Distant,N,0,2,2,0,0,0,0,0,0,0,0,0,0,0,0,2,2,4,2,4,6,TX,TEXAS,PAINT CREEK ISD,2,0,0,0,0,0,0,0,0,1,2,1,0,0,4,2,0,0,0,0,27,22,0,0,0,0,0,0,1,1,45,33,2,1,75,57,49,0,0,0,2,3,132
4833980,48903,PAINT ROCK ISD,699,82032,170487,313206,33980,Paint Rock ISD,Paint Rock,H,Rural,43,Rural-Remote,N,3,1,4,0,0,0,0,0,0,0,0,0,0,0,0,3,3,6,6,4,10,TX,TEXAS,PAINT ROCK ISD,11,5,0,0,0,0,0,0,0,0,11,4,0,0,22,9,0,0,2,0,68,63,0,0,1,1,0,0,0,0,58,56,2,2,129,122,131,0,2,0,0,4,251
4834020,158905,PALACIOS ISD,-66562,1591004,-1884071,-108113,34020,Palacios ISD,Palacios,G,Non-metropolitan Stable,33,Town-Remote,N,15,17,32,0,0,0,4,11,15,0,0,0,1,0,1,12,14,26,33,42,75,TX,TEXAS,PALACIOS ISD,30,24,0,0,2,1,0,0,0,1,11,7,1,1,44,34,12,10,13,1,481,472,1,0,53,50,0,0,15,11,171,146,14,11,735,690,953,1,103,0,26,25,1425
4834050,1907,PALESTINE ISD,148598,92736,5159188,5366857,34050,Palestine ISD,Palestine,E,Independent Town,32,Town-Distant,N,10,7,17,0,0,0,3,0,3,0,0,0,2,11,13,27,30,57,45,52,97,TX,TEXAS,PALESTINE ISD,33,40,0,0,0,1,0,0,41,34,19,14,2,3,95,92,15,16,10,1,754,630,4,2,17,12,0,2,479,462,510,431,58,58,1822,1597,1384,6,29,2,941,116,3419
4834110,70910,PALMER ISD,-19589,1071888,2214680,3334118,34110,Palmer ISD,Palmer,D,Other Central City Suburban,41,Rural-Fringe,N,7,3,10,0,1,1,0,0,0,0,0,0,0,0,0,16,12,28,23,16,39,TX,TEXAS,PALMER ISD,11,10,0,0,0,0,0,0,1,0,12,11,1,0,25,21,4,3,5,4,263,237,0,3,4,2,0,0,14,7,355,310,8,14,644,573,500,3,6,0,21,22,1217
4834140,182906,PALO PINTO ISD,-279,112492,-38575,62820,34140,Palo Pinto ISD,Palo Pinto,H,Rural,42,Rural-Distant,N,0,0,0,0,0,0,0,0,0,0,0,0,0,0,0,2,2,4,2,2,4,TX,TEXAS,PALO PINTO ISD,1,1,0,0,0,0,0,0,0,0,5,9,0,0,6,10,0,0,0,0,6,13,0,0,0,0,0,0,1,1,50,39,1,1,58,54,19,0,0,0,2,2,112
4834170,90904,PAMPA ISD,1251,170076,4872986,2484602,34170,Pampa ISD,Pampa,G,Non-metropolitan Stable,33,Town-Remote,N,49,38,87,0,0,0,1,1,2,0,0,0,2,0,2,82,89,171,134,130,264,TX,TEXAS,PAMPA ISD,63,57,0,0,0,0,0,0,5,6,40,18,7,5,115,86,26,28,21,10,860,827,8,4,10,8,0,0,54,53,860,781,57,52,1849,1725,1687,12,18,0,107,109,3574
4834230,33902,PANHANDLE ISD,3005,1253973,-1367108,49422,34230,Panhandle ISD,Panhandle,H,Rural,42,Rural-Distant,N,3,4,7,0,0,0,0,0,0,0,0,0,0,1,1,19,19,38,22,24,46,TX,TEXAS,PANHANDLE ISD,2,2,0,0,0,1,0,0,0,1,14,13,0,1,16,18,0,0,3,2,40,39,2,3,0,2,0,0,4,4,329,292,3,8,378,348,79,5,2,0,8,11,726
4834260,249906,PARADISE ISD,20043,1304760,686026,2091885,34260,Paradise ISD,Paradise,G,Non-metropolitan Stable,42,Rural-Distant,N,4,3,7,0,1,1,0,0,0,0,0,0,0,0,0,61,55,116,65,60,125,TX,TEXAS,PARADISE ISD,7,3,0,0,0,0,0,0,0,0,10,14,0,3,17,20,1,1,6,1,79,71,2,6,0,0,0,0,2,1,528,478,13,12,624,568,150,8,0,0,3,25,1192
4834290,139909,PARIS ISD,20579,290525,7813438,7650561,34290,Paris ISD,Paris,E,Independent Town,33,Town-Remote,N,22,37,59,0,4,4,5,8,13,0,0,0,18,22,40,143,137,280,197,213,410,TX,TEXAS,PARIS ISD,48,37,1,1,0,2,0,0,58,52,39,45,13,24,159,161,22,21,21,8,434,436,16,20,13,19,1,0,639,601,715,659,137,128,1955,1863,870,36,32,1,1240,265,3818
4834320,101917,PASADENA ISD,-1124614,32929480,91629,39679376,34320,Pasadena ISD,Pasadena,B,Major Suburban,21,Suburb-Large,N,1120,1059,2179,2,1,3,111,117,228,1,1,2,55,61,116,146,139,285,1452,1395,2847,TX,TEXAS,PASADENA ISD,1121,1057,0,1,40,32,2,1,84,57,66,68,4,6,1317,1222,576,556,197,56,23393,21994,39,18,850,823,14,15,2079,2002,1607,1446,184,166,28166,26464,45387,57,1673,29,4081,350,54630
4834380,63906,PATTON SPRINGS ISD,-2092,-29037,-48984,66910,34380,Patton Springs ISD,Patton Springs,H,Rural,43,Rural-Remote,N,2,1,3,0,0,0,0,0,0,0,0,0,0,0,0,3,7,10,5,8,13,TX,TEXAS,PATTON SPRINGS ISD,0,1,0,0,0,0,0,0,0,1,3,1,0,0,3,3,0,0,0,0,22,20,0,0,0,0,0,0,0,1,23,30,0,0,45,51,42,0,0,0,1,0,96
4834410,13902,PAWNEE ISD,1723,2642545,-564789,3220890,34410,Pawnee ISD,Pawnee,F,Non-metropolitan Fast Growing,43,Rural-Remote,N,1,4,5,0,0,0,0,0,0,0,0,0,0,0,0,0,0,0,1,4,5,TX,TEXAS,PAWNEE ISD,75,76,0,0,1,0,0,0,4,4,10,16,0,2,90,98,1,2,0,1,119,110,0,0,1,0,0,0,4,4,25,31,3,3,152,148,229,0,1,0,8,6,300
4834440,20908,PEARLAND ISD,-5779600,5019868,5127388,11492990,34440,Pearland ISD,Pearland,B,Major Suburban,21,Suburb-Large,N,166,137,303,4,2,6,274,252,526,0,1,1,91,82,173,460,402,862,1036,910,1946,TX,TEXAS,PEARLAND ISD,110,90,0,1,40,30,1,0,24,16,39,24,8,4,222,165,100,92,62,21,3749,3516,37,50,1232,1170,14,11,1651,1582,4175,3726,371,345,11229,10400,7265,87,2402,25,3233,716,21629
4834470,82903,PEARSALL ISD,-25658,-666707,4711232,4942981,34470,Pearsall ISD,Pearsall,G,Non-metropolitan Stable,33,Town-Remote,N,45,54,99,0,0,0,0,0,0,0,0,0,0,0,0,11,13,24,57,68,125,TX,TEXAS,PEARSALL ISD,61,70,0,0,0,0,0,0,0,1,5,3,0,0,66,74,3,7,9,3,1080,1084,1,0,2,3,0,1,1,5,61,45,3,1,1148,1139,2164,1,5,1,6,4,2287
4834500,184908,PEASTER ISD,42909,1042252,2402128,3619636,34500,Peaster ISD,Peaster,D,Other Central City Suburban,42,Rural-Distant,N,4,2,6,0,1,1,0,0,0,0,0,0,0,0,0,36,39,75,41,42,83,TX,TEXAS,PEASTER ISD,5,2,0,0,0,0,0,0,0,0,6,3,0,0,11,5,4,0,3,1,77,82,2,3,0,1,0,1,5,3,498,484,7,8,589,582,159,5,1,1,8,15,1171
4834550,195901,PECOS-BARSTOW-TOYAH ISD,-345394,25122431,2427483,38441910,34550,Pecos-Barstow-Toyah ISD,Pecos-Barstow-Toyah,G,Non-metropolitan Stable,33,Town-Remote,N,49,54,103,0,0,0,4,2,6,0,0,0,1,2,3,10,6,16,64,64,128,TX,TEXAS,PECOS-BARSTOW-TOYAH ISD,38,41,0,0,2,1,0,0,1,0,2,5,0,0,43,47,10,13,6,4,1277,1145,5,1,15,10,0,0,17,6,94,113,1,4,1409,1279,2422,6,25,0,23,5,2688
4834560,109914,PENELOPE ISD,6492,54440,207727,219598,34560,Penelope ISD,Penelope,H,Rural,42,Rural-Distant,N,0,2,2,0,0,0,0,0,0,0,0,0,0,0,0,3,0,3,3,2,5,TX,TEXAS,PENELOPE ISD,1,4,0,0,0,0,0,0,0,0,10,10,0,0,11,14,0,0,0,0,35,36,0,0,0,1,0,0,0,1,86,75,0,3,121,116,71,0,1,0,1,3,237
4834630,119903,PERRIN-WHITT CISD,-8131,435721,94171,375579,34630,Perrin-Whitt Cons ISD,Perrin-Whitt Cons,H,Rural,43,Rural-Remote,N,1,1,2,0,0,0,0,0,0,0,0,0,0,0,0,12,7,19,13,8,21,TX,TEXAS,PERRIN-WHITT CISD,1,0,0,0,0,0,0,0,0,0,2,6,0,0,3,6,0,0,1,1,32,25,0,0,0,0,0,0,0,0,151,121,8,4,191,150,57,0,0,0,0,12,341
4834650,179901,PERRYTON ISD,19438,2199634,849406,3224787,34650,Perryton ISD,Perryton,G,Non-metropolitan Stable,33,Town-Remote,N,14,11,25,0,0,0,0,0,0,0,1,1,0,0,0,22,24,46,37,36,73,TX,TEXAS,PERRYTON ISD,39,47,0,0,1,0,0,0,0,0,8,5,0,0,48,52,32,29,8,2,813,795,3,0,2,1,0,1,7,0,295,282,15,9,1135,1088,1608,3,3,1,7,24,2223
4834680,95904,PETERSBURG ISD,11030,243989,1056247,1490950,34680,Petersburg ISD,Petersburg,H,Rural,42,Rural-Distant,N,6,3,9,0,0,0,0,0,0,0,0,0,0,0,0,9,2,11,15,5,20,TX,TEXAS,PETERSBURG ISD,4,6,0,0,0,0,0,0,0,0,3,5,0,0,7,11,1,1,2,0,94,106,0,0,0,0,0,0,2,1,40,30,0,0,136,137,200,0,0,0,3,0,273
4834710,39903,PETROLIA CISD,-5780,60681,502823,472987,34710,Petrolia Cons ISD,Petrolia Cons,H,Rural,42,Rural-Distant,N,0,1,1,0,0,0,0,0,0,0,0,0,0,0,0,5,8,13,7,9,16,TX,TEXAS,PETROLIA CISD,3,2,1,0,0,0,0,0,1,0,20,17,0,0,25,19,0,0,2,1,34,27,5,1,0,0,0,0,2,0,228,197,12,10,281,235,61,6,0,0,2,22,516
4834770,13903,PETTUS ISD,59362,734312,-47571,499412,34770,Pettus ISD,Pettus,H,Rural,42,Rural-Distant,N,3,3,6,0,0,0,0,0,0,0,0,0,0,0,0,4,4,8,7,7,14,TX,TEXAS,PETTUS ISD,8,10,0,0,0,0,0,0,0,0,3,2,0,0,11,12,0,0,2,2,137,146,1,1,1,0,0,0,4,1,70,64,2,0,215,212,283,2,1,0,5,2,427
4834800,172905,PEWITT CISD,1146,106133,1275754,1511144,34800,Pewitt Cons ISD,Pewitt Cons,H,Rural,42,Rural-Distant,N,0,0,0,0,0,0,0,0,0,0,0,0,0,0,0,10,12,22,10,13,23,TX,TEXAS,PEWITT CISD,3,4,0,0,0,0,0,0,6,9,15,7,2,5,26,25,0,4,5,2,59,56,2,1,1,0,0,0,74,64,318,266,19,31,473,418,115,3,1,0,138,50,891
4834830,227904,PFLUGERVILLE ISD,46206,41117618,-3874855,39707131,34830,Pflugerville ISD,Pflugerville,B,Major Suburban,21,Suburb-Large,N,351,276,627,2,1,3,133,116,249,0,1,1,76,71,147,412,314,726,1027,829,1856,TX,TEXAS,PFLUGERVILLE ISD,317,257,2,1,68,62,0,1,73,79,79,69,16,22,555,491,244,232,144,73,6346,5950,31,28,1049,955,17,19,2023,1962,3051,2754,555,549,13072,12217,12296,59,2004,36,3985,1104,25289
4834860,108909,PHARR-SAN JUAN-ALAMO ISD,-57764,4118116,50152502,54227233,34860,Pharr-San Juan-Alamo ISD,Pharr-San Juan-Alamo,C,Other Central City,21,Suburb-Large,N,1091,1131,2222,1,0,1,5,5,10,0,0,0,1,1,2,11,8,19,1109,1145,2254,TX,TEXAS,PHARR-SAN JUAN-ALAMO ISD,1884,1794,0,1,2,0,0,0,1,1,12,10,0,1,1899,1807,952,935,112,50,16561,15804,13,7,28,17,0,0,17,21,93,113,0,1,16712,15963,32365,20,45,0,38,1,32675
4834920,61903,PILOT POINT ISD,-44391,1637688,273515,1753199,34920,Pilot Point ISD,Pilot Point,D,Other Central City Suburban,31,Town-Fringe,N,12,7,19,0,0,0,0,3,3,1,0,1,0,1,1,37,32,69,50,44,94,TX,TEXAS,PILOT POINT ISD,12,17,0,0,0,0,0,0,1,1,14,23,2,1,29,42,12,13,4,4,351,290,5,4,1,3,1,0,23,16,379,306,11,11,771,630,641,9,4,1,39,22,1401
4834980,92904,PINE TREE ISD,-34767,-967309,6451434,5529352,34980,Pine Tree ISD,Pine Tree,D,Other Central City Suburban,13,City-Small,N,38,23,61,0,1,1,5,2,7,0,0,0,6,5,11,92,74,166,143,114,257,TX,TEXAS,PINE TREE ISD,45,30,1,0,1,1,0,0,31,27,23,35,6,8,107,101,31,20,14,4,863,784,5,7,25,20,1,2,602,528,855,774,108,106,2459,2221,1647,12,45,3,1130,214,4680
4835010,32902,PITTSBURG ISD,-122555,856686,1065314,1967183,35010,Pittsburg ISD,Pittsburg,G,Non-metropolitan Stable,32,Town-Distant,N,5,12,17,0,0,0,3,1,4,0,0,0,1,2,3,32,32,64,43,47,90,TX,TEXAS,PITTSBURG ISD,29,22,0,0,0,2,0,0,7,15,14,10,3,1,53,50,22,15,9,8,459,480,1,5,15,10,0,0,216,197,490,404,34,33,1215,1129,939,6,25,0,413,67,2344
4835040,251902,PLAINS ISD,-11444,922611,479461,1765141,35040,Plains ISD,Plains,H,Rural,43,Rural-Remote,N,4,12,16,0,0,0,0,0,0,0,0,0,0,0,0,10,18,28,14,31,45,TX,TEXAS,PLAINS ISD,13,8,1,0,0,0,0,0,0,0,3,2,0,0,17,10,5,4,1,1,166,141,1,1,0,0,0,0,0,0,65,72,1,1,233,215,307,2,0,0,0,2,448
4835070,95905,PLAINVIEW ISD,6839,-268916,3111242,3013455,35070,Plainview ISD,Plainview,E,Independent Town,33,Town-Remote,N,146,128,274,0,0,0,2,0,2,0,0,0,8,6,14,66,70,136,228,215,443,TX,TEXAS,PLAINVIEW ISD,76,96,1,1,1,0,0,0,7,3,11,13,4,1,100,114,18,18,3,1,2215,2141,9,10,12,8,1,0,123,101,390,419,39,37,2789,2716,4356,19,20,1,224,76,5505
4835100,43910,PLANO ISD,1150095,17231395,-11927543,8093689,35100,Plano ISD,Plano,B,Major Suburban,11,City-Large,N,673,563,1236,13,10,23,2229,2026,4255,0,2,2,192,193,385,2111,1836,3947,5422,4867,10289,TX,TEXAS,PLANO ISD,345,283,3,2,209,189,1,0,126,127,187,127,25,15,896,743,391,398,379,174,6852,6357,70,74,6623,6276,25,22,3377,3386,9715,9045,1020,1056,27682,26216,13209,144,12899,47,6763,2076,53898
4835130,19912,PLEASANT GROVE ISD,-63476,142651,3375749,3760829,35130,Pleasant Grove ISD,Pleasant Grove,G,Non-metropolitan Stable,13,City-Small,N,4,10,14,0,0,0,2,5,7,0,0,0,7,5,12,129,155,284,143,178,321,TX,TEXAS,PLEASANT GROVE ISD,7,11,0,0,6,0,0,0,11,8,24,19,6,5,54,43,10,4,3,3,89,86,3,6,37,30,1,1,170,157,733,704,52,37,1085,1021,175,9,67,2,327,89,2106
4835190,7905,PLEASANTON ISD,15295,6381971,6059737,12422654,35190,Pleasanton ISD,Pleasanton,E,Independent Town,32,Town-Distant,N,39,29,68,0,0,0,0,1,1,0,0,0,0,0,0,43,39,82,82,71,153,TX,TEXAS,PLEASANTON ISD,72,78,1,0,0,0,0,0,1,1,19,19,2,0,95,98,3,1,20,9,1280,1216,6,4,7,10,1,0,11,7,522,487,14,16,1841,1740,2496,10,17,1,18,30,3581
4835250,31909,POINT ISABEL ISD,-19249,-901170,-958250,-2197063,35250,Point Isabel ISD,Point Isabel,D,Other Central City Suburban,32,Town-Distant,N,56,60,116,1,0,1,1,1,2,0,0,0,0,0,0,9,7,16,68,68,136,TX,TEXAS,POINT ISABEL ISD,71,65,1,0,1,0,0,0,0,0,4,1,0,0,77,66,35,29,12,3,1138,1072,5,0,5,5,0,0,3,4,103,90,2,0,1256,1171,2210,5,10,0,7,2,2427
4835310,61906,PONDER ISD,-25141,1030474,606635,1455849,35310,Ponder ISD,Ponder,D,Other Central City Suburban,42,Rural-Distant,N,8,10,18,0,0,0,0,0,0,0,0,0,0,0,0,50,50,100,58,60,118,TX,TEXAS,PONDER ISD,12,9,0,0,0,0,0,0,0,0,16,7,0,0,28,16,6,7,6,3,203,172,5,5,5,2,0,0,8,19,503,467,18,12,742,677,375,10,7,0,27,30,1419
4835340,184901,POOLVILLE ISD,-8368,469253,731194,1180707,35340,Poolville ISD,Poolville,H,Rural,42,Rural-Distant,N,1,0,1,1,0,1,0,0,0,0,0,0,0,0,0,17,14,31,20,14,34,TX,TEXAS,POOLVILLE ISD,0,3,0,0,0,0,0,0,0,0,9,8,0,0,9,11,0,0,1,0,46,47,2,0,0,1,0,0,0,1,214,201,2,4,264,254,93,2,1,0,1,6,518
4835370,178908,PORT ARANSAS ISD,111937,-523440,454368,-32736,35370,Port Aransas ISD,Port Aransas,H,Rural,42,Rural-Distant,N,6,2,8,0,0,0,0,0,0,0,0,0,0,0,0,15,6,21,22,8,30,TX,TEXAS,PORT ARANSAS ISD,1,1,0,0,0,0,0,0,0,0,8,9,1,0,10,10,0,0,0,2,46,23,2,0,7,1,0,0,1,0,179,160,11,9,246,193,69,2,8,0,1,20,439
4835400,123907,PORT ARTHUR ISD,8573,23987249,-10279431,12731108,35400,Port Arthur ISD,Port Arthur,D,Other Central City Suburban,13,City-Small,N,89,78,167,1,2,3,13,26,39,0,0,0,47,83,130,6,7,13,156,197,353,TX,TEXAS,PORT ARTHUR ISD,180,193,13,15,11,12,0,0,170,128,15,5,4,2,393,355,99,115,48,23,2193,1926,104,89,146,138,0,1,1783,1693,114,101,23,17,4363,3965,4119,193,284,1,3476,40,8328
4835430,123908,PORT NECHES-GROVES ISD,489765,3653064,7501506,12524547,35430,Port Neches-Groves ISD,Port Neches-Groves,D,Other Central City Suburban,22,Suburb-Midsize,N,61,55,116,0,0,0,27,32,59,0,0,0,2,5,7,172,222,394,268,321,589,TX,TEXAS,PORT NECHES-GROVES ISD,19,16,1,1,5,2,0,0,2,0,24,17,3,1,54,37,6,1,25,6,666,643,5,5,150,137,1,8,87,74,1641,1558,68,62,2618,2487,1309,10,287,9,161,130,5105
4835490,85902,POST ISD,-1697,911852,-776993,-118591,35490,Post ISD,Post,H,Rural,32,Town-Distant,N,8,3,11,0,0,0,1,0,1,0,0,0,1,0,1,11,4,15,21,7,28,TX,TEXAS,POST ISD,10,22,0,0,0,0,0,0,0,0,2,6,3,1,15,29,1,4,1,1,274,276,7,4,1,1,0,0,30,19,137,92,19,11,468,403,550,11,2,0,49,30,871
4835520,7906,POTEET ISD,-74562,1527508,-68837,1485965,35520,Poteet ISD,Poteet,G,Non-metropolitan Stable,32,Town-Distant,N,28,37,65,0,0,0,0,1,1,0,0,0,1,0,1,8,11,19,38,49,87,TX,TEXAS,POTEET ISD,48,47,0,0,0,0,0,0,0,0,2,6,0,0,50,53,1,7,6,1,745,769,0,1,0,2,0,0,5,3,107,93,7,5,864,873,1514,1,2,0,8,12,1737
4835550,247904,POTH ISD,-8146,345530,1901748,2427131,35550,Poth ISD,Poth,H,Rural,42,Rural-Distant,N,12,6,18,0,0,0,0,0,0,0,0,0,0,0,0,29,24,53,41,30,71,TX,TEXAS,POTH ISD,8,7,0,0,0,0,0,0,0,0,1,2,0,0,9,9,1,2,3,0,206,188,1,0,0,1,0,0,3,1,239,190,3,3,452,383,394,1,1,0,4,6,835
4835560,188903,HIGHLAND PARK ISD,-3613,1040309,33192,1214598,35560,Highland Park ISD (Potter),Highland Park (Potter),G,Non-metropolitan Stable,41,Rural-Fringe,N,2,4,6,2,0,2,8,4,12,0,0,0,0,0,0,11,17,28,25,27,52,TX,TEXAS,HIGHLAND PARK ISD,9,4,0,0,0,1,0,0,1,2,20,21,0,0,30,28,0,0,0,1,151,185,4,7,38,34,2,0,21,21,199,177,13,9,428,433,336,11,72,2,42,22,861
4835570,188904,BUSHLAND ISD,-24115,1395542,-83582,1159540,35570,Bushland ISD,Bushland,D,Other Central City Suburban,41,Rural-Fringe,N,6,4,10,0,0,0,0,1,1,0,0,0,0,1,1,58,43,101,64,54,118,TX,TEXAS,BUSHLAND ISD,2,1,0,0,1,0,0,0,0,0,21,15,2,0,26,16,0,0,10,1,110,110,3,4,1,5,0,0,5,6,601,578,19,16,739,719,220,7,6,0,11,35,1458
4835580,91913,POTTSBORO ISD,175762,1145433,98193,1410400,35580,Pottsboro ISD,Pottsboro,D,Other Central City Suburban,23,Suburb-Small,N,2,3,5,1,0,1,0,0,0,0,0,0,0,0,0,27,33,60,32,40,72,TX,TEXAS,POTTSBORO ISD,1,0,0,0,0,0,0,0,0,1,17,20,1,0,19,21,0,0,4,1,49,42,18,19,6,5,0,0,2,3,582,621,34,35,691,725,91,37,11,0,5,69,1416
4835700,28906,PRAIRIE LEA ISD,-1979,84475,422116,378702,35700,Prairie Lea ISD,Prairie Lea,H,Rural,42,Rural-Distant,N,6,6,12,0,0,0,0,0,0,0,0,0,0,1,1,3,2,5,11,9,20,TX,TEXAS,PRAIRIE LEA ISD,6,5,0,0,0,0,0,0,1,1,8,6,0,0,15,12,0,0,1,0,66,48,0,0,0,0,0,0,4,8,40,27,4,2,114,85,114,0,0,0,12,6,199
4835730,169909,PRAIRIE VALLEY ISD,1054,55376,261248,472959,35730,Prairie Valley ISD,Prairie Valley,H,Rural,42,Rural-Distant,N,0,2,2,0,0,0,0,0,0,0,0,0,0,0,0,6,2,8,6,5,11,TX,TEXAS,PRAIRIE VALLEY ISD,2,0,0,0,0,0,0,0,0,0,3,5,0,0,5,5,0,0,0,0,11,8,0,0,0,0,0,0,0,0,65,61,4,2,80,71,19,0,0,0,0,6,151
4835740,139912,PRAIRILAND ISD,-3766,377027,1180418,1820037,35740,Prairiland ISD,Prairiland,G,Non-metropolitan Stable,42,Rural-Distant,N,0,3,3,0,0,0,0,0,0,0,0,0,0,0,0,31,47,78,32,54,86,TX,TEXAS,PRAIRILAND ISD,4,2,1,0,0,0,0,0,0,0,28,26,2,0,35,28,2,2,7,2,37,48,2,11,0,0,0,0,2,3,505,510,15,17,561,589,85,13,0,0,5,32,1150
4835760,125905,PREMONT ISD,-10,126695,3142235,3415890,35760,Premont ISD,Premont,F,Non-metropolitan Fast Growing,41,Rural-Fringe,N,14,19,33,0,0,0,0,0,0,0,0,0,0,0,0,1,1,2,15,20,35,TX,TEXAS,PREMONT ISD,54,54,0,0,0,0,0,0,0,0,0,0,0,0,54,54,3,2,10,5,322,262,0,0,2,0,0,0,0,1,4,4,0,0,328,267,584,0,2,0,1,0,595
4835800,189902,PRESIDIO ISD,-199,-50656,-472915,-897734,35800,Presidio ISD,Presidio,G,Non-metropolitan Stable,33,Town-Remote,N,50,79,129,0,0,0,5,3,8,0,0,0,0,0,0,0,0,0,55,82,137,TX,TEXAS,PRESIDIO ISD,22,22,0,0,0,0,0,0,0,0,0,0,0,0,22,22,20,16,0,0,644,653,0,0,8,10,0,0,0,0,0,0,0,2,652,665,1297,0,18,0,0,2,1317
4835820,167904,PRIDDY ISD,451,200138,167661,1778125,35820,Priddy ISD,Priddy,H,Rural,43,Rural-Remote,N,0,1,1,0,0,0,0,0,0,0,0,0,0,0,0,2,2,4,2,3,5,TX,TEXAS,PRIDDY ISD,1,0,0,0,0,0,0,0,0,0,5,3,0,0,6,3,0,0,3,0,18,13,0,0,0,0,0,0,1,0,35,40,0,4,54,57,31,0,0,0,1,4,111
4835850,43911,PRINCETON ISD,-44725,7001699,9798374,17246689,35850,Princeton ISD,Princeton,F,Non-metropolitan Fast Growing,22,Suburb-Midsize,N,37,28,65,0,1,1,3,5,8,0,0,0,12,6,18,97,83,180,159,129,288,TX,TEXAS,PRINCETON ISD,35,31,1,1,0,2,0,0,10,4,35,21,1,3,82,62,25,26,36,13,1066,1014,13,13,16,28,4,2,195,162,921,862,79,74,2294,2155,2080,26,44,6,357,153,4449
4835890,98903,PRINGLE-MORSE CISD,1087,219111,-572870,-340116,35890,Pringle-Morse Cons ISD,Pringle-Morse Cons,H,Rural,43,Rural-Remote,N,0,0,0,0,0,0,0,0,0,0,0,0,0,0,0,0,0,0,0,0,0,TX,TEXAS,PRINGLE-MORSE CISD,1,5,0,0,0,0,0,0,0,0,3,1,0,0,4,6,1,1,1,0,37,28,3,2,0,0,0,0,0,0,28,28,1,0,69,58,65,5,0,0,0,1,127
4835910,108910,PROGRESO ISD,-31617,92769,-1606176,-1276850,35910,Progreso ISD,Progreso,G,Non-metropolitan Stable,21,Suburb-Large,N,84,125,209,0,0,0,0,0,0,0,0,0,0,0,0,0,0,0,84,125,209,TX,TEXAS,PROGRESO ISD,71,63,0,0,0,0,0,0,0,0,0,0,0,0,71,63,59,51,2,1,971,929,0,0,0,0,0,0,0,0,2,3,0,0,973,932,1900,0,0,0,0,0,1905
4836000,43912,PROSPER ISD,960849,45035541,13584227,61948459,36000,Prosper ISD,Prosper,D,Other Central City Suburban,41,Rural-Fringe,N,63,41,104,1,0,1,79,71,150,1,0,1,24,23,47,513,333,846,726,508,1234,TX,TEXAS,PROSPER ISD,7,7,0,0,17,12,0,0,3,3,12,14,5,2,44,38,30,17,4,3,793,785,16,10,502,501,3,1,467,471,3882,3776,396,427,6059,5971,1578,26,1003,4,938,823,12030
4836180,99903,QUANAH ISD,-2941,266588,143014,714301,36180,Quanah ISD,Quanah,H,Rural,43,Rural-Remote,N,2,1,3,0,0,0,1,0,1,0,0,0,0,0,0,7,15,22,13,16,29,TX,TEXAS,QUANAH ISD,1,4,0,0,0,0,0,0,0,0,11,5,0,0,12,9,0,0,1,1,84,76,0,1,5,2,0,0,11,3,164,158,18,9,282,249,160,1,7,0,14,27,531
4836210,34907,QUEEN CITY ISD,-492,286980,2409996,2884637,36210,Queen City ISD,Queen City,G,Non-metropolitan Stable,32,Town-Distant,N,1,1,2,1,1,2,1,1,2,0,0,0,1,1,2,44,35,79,48,39,87,TX,TEXAS,QUEEN CITY ISD,0,1,0,0,0,0,0,0,7,4,24,20,1,3,32,28,0,0,7,3,17,20,5,9,1,3,0,0,81,83,420,374,14,12,538,501,37,14,4,0,164,26,1039
4836240,116908,QUINLAN ISD,-256194,2866881,1241281,3962329,36240,Quinlan ISD,Quinlan,D,Other Central City Suburban,41,Rural-Fringe,N,10,4,14,0,0,0,2,0,2,0,0,0,0,0,0,39,50,89,53,55,108,TX,TEXAS,QUINLAN ISD,27,25,1,1,0,0,0,0,1,0,59,56,2,4,90,86,13,8,7,3,361,360,11,9,5,2,0,1,20,17,907,889,26,22,1330,1300,721,20,7,1,37,48,2630
4836300,250904,QUITMAN ISD,-30165,892617,2451390,3418812,36300,Quitman ISD,Quitman,E,Independent Town,32,Town-Distant,N,2,3,5,1,1,2,0,2,2,1,0,1,1,0,1,28,23,51,34,30,64,TX,TEXAS,QUITMAN ISD,5,3,0,0,0,0,0,0,0,1,18,18,0,0,23,22,2,3,3,1,88,90,4,1,3,2,2,0,17,11,429,437,20,17,563,558,178,5,5,2,28,37,1121
4836360,190903,RAINS ISD,-2749,1093531,1204489,2136846,36360,Rains ISD,Rains,G,Non-metropolitan Stable,42,Rural-Distant,N,6,2,8,0,1,1,1,0,1,0,0,0,0,0,0,59,50,109,68,54,122,TX,TEXAS,RAINS ISD,6,11,1,0,0,0,0,0,1,0,25,26,2,1,35,38,1,2,5,0,155,124,9,6,6,0,1,0,30,11,691,610,22,23,914,774,279,15,6,1,41,45,1688
4836390,54903,RALLS ISD,-7828,133626,86782,507024,36390,Ralls ISD,Ralls,H,Rural,42,Rural-Distant,N,2,3,5,0,0,0,1,0,1,0,0,0,0,0,0,3,3,6,6,7,13,TX,TEXAS,RALLS ISD,16,12,0,0,1,0,0,0,0,0,5,5,0,0,22,17,1,0,3,0,208,189,0,1,2,0,0,0,3,2,63,55,0,1,276,248,397,1,2,0,5,1,524
4836420,66005,RAMIREZ CSD,0,46788,113387,182860,36420,Ramirez CSD,Ramirez CSD,H,Rural,43,Rural-Remote,N,0,0,0,0,0,0,0,0,0,0,0,0,0,0,0,0,0,0,0,0,0,TX,TEXAS,RAMIREZ CSD,3,6,0,0,0,0,0,0,0,0,0,0,0,0,3,6,2,5,0,1,19,14,0,0,0,0,0,0,0,0,0,0,0,0,19,14,33,0,0,0,0,0,33
4836450,15906,RANDOLPH FIELD ISD,28609,0,1670299,4398399,36450,Randolph Field ISD,Randolph Field,G,Non-metropolitan Stable,41,Rural-Fringe,N,12,9,21,0,0,0,2,2,4,0,1,1,8,5,13,64,39,103,92,62,154,TX,TEXAS,RANDOLPH FIELD ISD,3,4,0,0,0,0,0,0,1,0,10,6,0,2,14,12,0,0,2,1,176,169,1,2,20,30,7,7,130,134,353,356,85,91,772,789,345,3,50,14,264,176,1561
4836480,67907,RANGER ISD,2190,178125,497635,979750,36480,Ranger ISD,Ranger,H,Rural,43,Rural-Remote,N,1,0,1,0,1,1,0,0,0,0,0,0,0,0,0,8,10,18,9,11,20,TX,TEXAS,RANGER ISD,2,1,0,1,0,1,0,0,0,0,15,8,1,0,18,11,1,0,4,1,38,36,0,3,0,2,0,0,8,1,134,117,3,3,183,162,74,3,2,0,9,6,345
4836510,231902,RANKIN ISD,-17238,15779050,-1178651,14893119,36510,Rankin ISD,Rankin,H,Rural,43,Rural-Remote,N,0,0,0,0,1,1,0,0,0,0,0,0,0,0,0,6,2,8,6,3,9,TX,TEXAS,RANKIN ISD,2,4,0,0,0,0,0,0,1,0,3,5,0,0,6,9,1,2,0,1,61,68,2,2,0,0,0,0,5,0,95,75,2,0,165,145,129,4,0,0,5,2,310
4836540,245903,RAYMONDVILLE ISD,-14344,1098513,2338883,4051523,36540,Raymondville ISD,Raymondville,D,Other Central City Suburban,32,Town-Distant,N,81,64,145,0,0,0,0,1,1,0,0,0,0,0,0,0,0,0,81,66,147,TX,TEXAS,RAYMONDVILLE ISD,73,80,0,0,0,0,0,0,0,0,2,1,0,0,75,81,8,10,9,4,1069,995,0,0,0,2,0,0,0,1,17,6,8,7,1094,1011,2064,0,2,0,1,15,2105
4836570,192901,REAGAN COUNTY ISD,-14220,6303412,294729,4977150,36570,Reagan County ISD,Reagan County,D,Other Central City Suburban,33,Town-Remote,N,11,7,18,0,0,0,0,0,0,0,0,0,0,1,1,6,6,12,17,14,31,TX,TEXAS,REAGAN COUNTY ISD,31,30,0,0,0,1,0,0,0,0,2,6,0,2,33,39,9,8,4,1,352,338,1,0,0,3,1,0,2,6,80,68,5,6,441,421,690,1,3,1,8,11,862
4836630,19911,RED LICK ISD,5254,260302,935040,1189231,36630,Red Lick ISD,Red Lick,H,Rural,23,Suburb-Small,N,1,0,1,0,0,0,0,1,1,0,0,0,0,0,0,26,22,48,28,24,52,TX,TEXAS,RED LICK ISD,0,0,0,0,0,0,0,0,0,0,0,0,0,0,0,0,0,0,0,0,14,5,2,1,0,2,0,0,2,2,220,250,6,6,244,266,19,3,2,0,4,12,510
4836660,70911,RED OAK ISD,54113,4361076,4888909,8422576,36660,Red Oak ISD,Red Oak,D,Other Central City Suburban,21,Suburb-Large,N,51,45,96,0,1,1,2,4,6,0,0,0,19,18,37,135,172,307,215,250,465,TX,TEXAS,RED OAK ISD,32,36,0,0,3,0,0,0,11,11,26,14,1,1,73,62,14,16,24,9,1085,1003,19,14,17,29,1,3,690,612,1090,1109,73,61,2975,2831,2088,33,46,4,1302,134,5806
4836750,19906,REDWATER ISD,-48820,222672,1393282,1549148,36750,Redwater ISD,Redwater,G,Non-metropolitan Stable,42,Rural-Distant,N,6,0,6,0,2,2,0,1,1,0,0,0,2,1,3,54,75,129,62,79,141,TX,TEXAS,REDWATER ISD,3,0,0,1,0,0,0,0,1,1,20,19,0,0,24,21,1,0,6,2,18,16,0,4,5,5,1,0,22,12,507,515,12,2,565,554,34,4,10,1,34,14,1119
4836780,196903,REFUGIO ISD,-5592,14054,1071672,1200999,36780,Refugio ISD,Refugio,H,Rural,32,Town-Distant,N,2,5,7,0,0,0,0,0,0,0,0,0,1,0,1,5,4,9,8,9,17,TX,TEXAS,REFUGIO ISD,10,11,0,0,0,0,0,0,2,1,5,1,0,0,17,13,0,0,5,2,231,227,0,1,0,1,0,0,50,27,82,76,3,6,366,338,458,1,1,0,77,9,704
4836930,137902,RICARDO ISD,-33257,359561,1175889,1349952,36930,Ricardo ISD,Ricardo,H,Rural,42,Rural-Distant,N,10,11,21,0,0,0,0,0,0,0,0,0,0,1,1,4,6,10,14,19,33,TX,TEXAS,RICARDO ISD,28,26,0,0,0,0,0,0,0,1,2,2,0,2,30,31,0,0,1,0,290,292,0,0,3,2,0,0,2,3,47,44,2,2,344,343,582,0,5,0,5,4,687
4836960,175911,RICE ISD,-4874,455275,2281861,2910639,36960,Rice ISD,Rice,D,Other Central City Suburban,42,Rural-Distant,N,10,9,19,0,0,0,0,0,0,0,0,0,0,0,0,19,12,31,29,21,50,TX,TEXAS,RICE ISD,14,16,0,0,0,0,0,0,0,0,3,5,0,0,17,21,5,3,1,1,289,283,1,0,0,0,0,0,15,10,157,128,7,7,469,428,572,1,0,0,25,14,897
4836970,45903,RICE CISD,-4556,139394,1783566,1995316,36970,Rice Cons ISD,Rice Cons,G,Non-metropolitan Stable,42,Rural-Distant,N,16,5,21,0,0,0,1,0,1,0,0,0,0,1,1,13,14,27,31,22,53,TX,TEXAS,RICE CISD,26,34,0,0,0,1,0,0,11,4,2,5,1,0,40,44,0,0,2,3,404,370,0,0,5,4,1,0,131,111,168,143,14,10,723,638,774,0,9,1,242,24,1361
4836990,93905,RICHARDS ISD,-3593,397216,104899,543491,36990,Richards ISD,Richards,H,Rural,42,Rural-Distant,N,0,0,0,0,0,0,0,0,0,0,0,0,0,0,0,0,0,0,0,0,0,TX,TEXAS,RICHARDS ISD,0,0,0,0,0,0,0,0,0,0,3,1,0,0,3,1,0,0,0,0,6,2,0,0,0,0,0,0,8,12,75,55,1,1,90,70,8,0,0,0,20,2,160
4837020,57916,RICHARDSON ISD,-69618,57537510,-3034094,58546406,37020,Richardson ISD,Richardson,B,Major Suburban,11,City-Large,N,403,332,735,5,3,8,139,150,289,0,1,1,128,113,241,1294,1138,2432,2043,1824,3867,TX,TEXAS,RICHARDSON ISD,288,287,1,0,48,76,3,0,167,134,45,40,11,5,563,542,390,390,28,11,7684,7343,47,52,1395,1408,34,24,4245,4099,5927,5616,573,556,19905,19098,15027,99,2803,58,8344,1129,39003
4837080,206902,RICHLAND SPRINGS ISD,1613,238886,59249,301735,37080,Richland Springs ISD,Richland Springs,H,Rural,43,Rural-Remote,N,1,1,2,0,0,0,0,0,0,0,0,0,0,0,0,2,0,2,3,1,4,TX,TEXAS,RICHLAND SPRINGS ISD,0,1,0,0,0,0,0,0,0,0,1,1,0,0,1,2,0,0,0,0,12,12,2,2,0,0,0,0,1,1,54,36,2,1,71,52,24,4,0,0,2,3,123
4837110,161912,RIESEL ISD,-25110,-824682,1397960,637604,37110,Riesel ISD,Riesel,H,Rural,42,Rural-Distant,N,6,2,8,0,1,1,0,1,1,0,0,0,2,1,3,26,40,66,34,46,80,TX,TEXAS,RIESEL ISD,5,2,0,0,0,0,0,0,0,0,2,11,0,1,7,14,1,0,0,2,84,66,0,3,0,2,0,0,10,9,194,263,4,10,292,353,150,3,2,0,19,14,645
4837140,214901,RIO GRANDE CITY CISD,106608,-7149002,-1561172,-9407637,37140,Rio Grande City Cons ISD,Rio Grande City Cons,D,Other Central City Suburban,41,Rural-Fringe,N,1228,1448,2676,0,0,0,6,10,16,0,0,0,0,0,0,2,1,3,1236,1460,2696,TX,TEXAS,RIO GRANDE CITY CISD,286,258,0,0,0,0,0,0,0,0,0,0,0,0,286,258,261,249,24,7,5775,5571,1,0,13,13,0,0,1,0,7,5,0,1,5797,5590,11346,1,26,0,1,1,11387
4837170,31911,RIO HONDO ISD,-2155,326422,-2229109,-223575,37170,Rio Hondo ISD,Rio Hondo,G,Non-metropolitan Stable,41,Rural-Fringe,N,39,46,85,0,1,1,0,0,0,0,0,0,0,0,0,5,1,6,44,48,92,TX,TEXAS,RIO HONDO ISD,145,150,0,0,0,0,0,0,0,1,5,3,0,0,150,154,28,24,12,5,947,933,0,1,0,0,0,0,2,1,35,30,0,0,984,965,1880,1,0,0,3,0,1949
4837200,126907,RIO VISTA ISD,-18232,304020,1588798,1681507,37200,Rio Vista ISD,Rio Vista,H,Rural,42,Rural-Distant,N,3,3,6,0,0,0,0,0,0,0,0,0,0,0,0,32,27,59,36,32,68,TX,TEXAS,RIO VISTA ISD,3,3,0,0,0,0,0,0,0,0,19,7,0,0,22,10,3,0,4,0,56,58,0,1,0,0,0,0,0,1,291,298,9,18,356,376,114,1,0,0,1,27,732
4837230,67908,RISING STAR ISD,560,39202,439866,442823,37230,Rising Star ISD,Rising Star,H,Rural,43,Rural-Remote,N,0,0,0,0,0,0,0,0,0,0,0,0,0,0,0,1,1,2,1,1,2,TX,TEXAS,RISING STAR ISD,0,1,0,0,0,0,0,0,0,0,7,4,1,1,8,6,0,0,0,0,9,13,0,0,1,0,0,0,0,0,57,64,5,5,72,82,22,0,1,0,0,10,154
4837260,188902,RIVER ROAD ISD,-16849,388702,2791384,3286206,37260,River Road ISD,River Road,D,Other Central City Suburban,22,Suburb-Midsize,N,5,6,11,0,1,1,0,1,1,0,0,0,1,0,1,23,27,50,30,37,67,TX,TEXAS,RIVER ROAD ISD,6,4,0,0,0,0,0,0,1,0,15,13,1,1,23,18,0,0,1,1,148,190,4,3,1,3,0,0,8,8,446,414,21,27,628,645,338,7,4,0,16,48,1273
4837320,137903,RIVIERA ISD,-1097,317131,411028,3623916,37320,Riviera ISD,Riviera,H,Rural,43,Rural-Remote,N,1,3,4,0,0,0,0,0,0,0,0,0,0,0,0,5,7,12,7,10,17,TX,TEXAS,RIVIERA ISD,12,6,0,0,0,0,0,0,0,0,5,1,1,0,18,7,0,0,1,0,153,163,0,0,1,1,0,0,0,0,53,46,2,2,209,212,316,0,2,0,0,4,421
4837380,41902,ROBERT LEE ISD,-2203,1087210,-1236249,-576796,37380,Robert Lee ISD,Robert Lee,H,Rural,42,Rural-Distant,N,1,0,1,0,0,0,0,0,0,0,0,0,0,0,0,3,1,4,4,1,5,TX,TEXAS,ROBERT LEE ISD,5,4,0,0,0,0,0,0,0,0,9,5,0,0,14,9,0,0,0,0,49,51,2,2,0,0,0,0,1,4,88,82,1,4,141,143,100,4,0,0,5,5,284
4837410,161922,ROBINSON ISD,-268,1042698,2066967,3224041,37410,Robinson ISD,Robinson,D,Other Central City Suburban,22,Suburb-Midsize,N,2,8,10,0,0,0,2,1,3,0,0,0,1,0,1,42,32,74,49,45,94,TX,TEXAS,ROBINSON ISD,5,5,0,0,0,0,0,0,1,1,10,13,2,1,18,20,1,1,8,4,322,322,3,3,9,5,0,0,48,35,793,728,47,37,1222,1130,644,6,14,0,83,84,2352
4837440,178909,ROBSTOWN ISD,-18672,597669,-2268358,-3210143,37440,Robstown ISD,Robstown,G,Non-metropolitan Stable,31,Town-Fringe,N,113,125,238,0,0,0,0,0,0,0,1,1,0,0,0,3,0,3,116,127,243,TX,TEXAS,ROBSTOWN ISD,150,155,0,0,0,0,0,0,2,0,4,2,0,0,156,157,8,6,17,4,1373,1350,0,0,0,1,0,1,3,12,23,21,0,1,1399,1386,2723,0,1,1,15,1,2785
4837470,76903,ROBY CISD,31364,235705,370267,677877,37470,Roby Cons ISD,Roby Cons,H,Rural,43,Rural-Remote,N,0,0,0,0,0,0,0,0,0,0,0,0,0,0,0,6,7,13,6,7,13,TX,TEXAS,ROBY CISD,3,0,0,0,0,0,0,0,0,0,5,16,0,0,8,16,0,0,1,0,42,41,0,0,0,0,0,0,1,1,96,116,2,3,141,161,83,0,0,0,2,5,302
4837500,160904,ROCHELLE ISD,-746,262098,128485,322897,37500,Rochelle ISD,Rochelle,H,Rural,42,Rural-Distant,N,0,0,0,0,0,0,0,0,0,0,0,0,0,0,0,4,1,5,4,1,5,TX,TEXAS,ROCHELLE ISD,1,1,0,0,0,0,0,0,0,0,5,4,0,0,6,5,0,0,0,0,23,17,0,0,0,0,0,0,0,1,69,72,1,2,93,92,40,0,0,0,1,3,185
4837590,166904,ROCKDALE ISD,66030,-5185015,4115730,-761745,37590,Rockdale ISD,Rockdale,E,Independent Town,32,Town-Distant,N,13,10,23,0,0,0,3,2,5,0,0,0,2,0,2,26,22,48,44,34,78,TX,TEXAS,ROCKDALE ISD,23,15,0,0,0,0,0,0,3,0,15,14,1,0,42,29,10,1,6,3,365,376,1,3,6,4,0,1,81,64,341,263,17,14,811,725,741,4,10,1,145,31,1536
4837650,199901,ROCKWALL ISD,86616,19329391,990203,22618459,37650,Rockwall ISD,Rockwall,C,Other Central City,21,Suburb-Large,N,95,68,163,5,4,9,31,21,52,0,2,2,21,17,38,482,386,868,661,527,1188,TX,TEXAS,ROCKWALL ISD,70,77,0,2,4,3,0,0,20,18,34,38,13,6,141,144,49,44,11,8,1857,1711,62,62,254,224,11,11,658,647,5101,4917,319,327,8262,7899,3568,124,478,22,1305,646,16161
4837710,14907,ROGERS ISD,-17874,194548,915738,1123488,37710,Rogers ISD,Rogers,H,Rural,42,Rural-Distant,N,9,4,13,1,0,1,0,1,1,0,0,0,0,0,0,26,35,61,36,40,76,TX,TEXAS,ROGERS ISD,6,6,0,0,1,0,0,0,1,0,8,4,1,2,17,12,3,3,3,2,158,124,3,1,3,2,0,0,12,3,292,286,6,5,474,421,282,4,5,0,15,11,895
4837740,214903,ROMA ISD,-12643,798719,-302366,-743166,37740,Roma ISD,Roma,E,Independent Town,41,Rural-Fringe,N,298,346,644,0,0,0,0,0,0,0,0,0,0,0,0,0,0,0,298,346,644,TX,TEXAS,ROMA ISD,204,173,0,0,0,0,0,0,0,0,1,0,0,0,205,173,174,156,30,7,3211,3156,0,0,0,0,0,0,2,0,9,2,0,0,3222,3158,6367,0,0,0,2,0,6380
4837800,152908,ROOSEVELT ISD,3082,441652,1722315,2434359,37800,Roosevelt ISD,Roosevelt,D,Other Central City Suburban,42,Rural-Distant,N,6,3,9,0,0,0,0,0,0,0,0,0,1,0,1,12,8,20,20,11,31,TX,TEXAS,ROOSEVELT ISD,21,13,0,0,0,0,0,0,1,0,11,8,0,1,33,22,2,0,1,1,329,301,5,1,0,0,1,1,19,20,196,200,11,11,561,534,630,6,0,2,39,22,1095
4837830,110905,ROPES ISD,7476,83116,1738198,1907557,37830,Ropes ISD,Ropes,F,Non-metropolitan Fast Growing,42,Rural-Distant,N,0,1,1,0,0,0,1,0,1,0,0,0,0,0,0,3,2,5,4,3,7,TX,TEXAS,ROPES ISD,11,6,0,0,0,0,0,0,0,0,8,11,0,0,19,17,2,0,0,0,91,82,0,2,1,0,0,0,1,5,130,131,0,0,223,220,173,2,1,0,6,0,443
4837860,177901,ROSCOE COLLEGIATE ISD,8441,1463184,-125019,220113,37860,Roscoe Collegiate ISD,Roscoe Collegiate,H,Rural,42,Rural-Distant,N,2,3,5,0,0,0,0,0,0,0,0,0,0,0,0,15,8,23,17,11,28,TX,TEXAS,ROSCOE COLLEGIATE ISD,30,20,0,0,0,0,0,0,0,1,15,18,1,0,46,39,1,2,3,2,169,148,1,0,0,0,0,0,6,6,149,130,8,5,333,289,317,1,0,0,12,13,622
4837900,73905,ROSEBUD-LOTT ISD,-16894,237415,783194,1073552,37900,Rosebud-Lott ISD,Rosebud-Lott,H,Rural,42,Rural-Distant,N,10,8,18,0,0,0,0,0,0,0,0,0,0,3,3,10,9,19,20,21,41,TX,TEXAS,ROSEBUD-LOTT ISD,6,3,0,0,0,0,0,0,1,0,6,8,1,1,14,12,0,2,3,1,115,109,0,0,1,0,0,0,45,34,166,138,9,19,336,300,224,0,1,0,79,28,636
4838040,76904,ROTAN ISD,-2066,457019,278915,729689,38040,Rotan ISD,Rotan,H,Rural,43,Rural-Remote,N,1,0,1,0,0,0,0,0,0,0,0,0,0,1,1,6,2,8,7,3,10,TX,TEXAS,ROTAN ISD,4,8,0,0,0,0,0,0,1,1,3,7,0,0,8,16,0,0,0,1,78,61,1,0,0,0,0,0,8,7,44,52,3,4,134,124,139,1,0,0,15,7,258
4838080,246909,ROUND ROCK ISD,461301,53397368,-14371121,40681926,38080,Round Rock ISD,Round Rock,B,Major Suburban,12,City-Midsize,N,337,306,643,4,3,7,882,788,1670,0,3,3,45,55,100,1035,823,1858,2445,2063,4508,TX,TEXAS,ROUND ROCK ISD,275,276,1,1,114,82,0,0,82,45,154,107,20,16,646,527,192,204,244,66,7699,7387,88,97,4204,4064,37,39,2292,2030,10010,9271,1020,860,25350,23748,15086,185,8268,76,4322,1880,49098
4838100,75908,ROUND TOP-CARMINE ISD,10146,459644,-58458,386703,38100,Round Top-Carmine ISD,Round Top-Carmine,H,Rural,43,Rural-Remote,N,0,1,1,0,0,0,0,0,0,0,0,0,0,0,0,0,4,4,0,5,5,TX,TEXAS,ROUND TOP-CARMINE ISD,1,6,0,0,0,0,0,0,0,0,3,4,0,0,4,10,1,5,1,1,27,33,1,1,0,0,0,0,5,6,77,109,1,6,111,155,60,2,0,0,11,7,266
4838190,237905,ROYAL ISD,336717,4966378,2806557,7332891,38190,Royal ISD,Royal,D,Other Central City Suburban,41,Rural-Fringe,N,19,31,50,0,0,0,0,0,0,0,0,0,1,5,6,4,7,11,25,44,69,TX,TEXAS,ROYAL ISD,73,59,0,0,0,0,0,0,10,13,7,9,3,1,93,82,56,37,14,2,938,849,0,1,1,2,0,0,168,190,112,113,17,21,1236,1176,1787,1,3,0,358,38,2412
4838220,199902,ROYSE CITY ISD,60823,7762058,6676694,15144952,38220,Royse City ISD,Royse City,D,Other Central City Suburban,41,Rural-Fringe,N,66,45,111,1,0,1,6,6,12,0,0,0,6,11,17,186,178,364,273,254,527,TX,TEXAS,ROYSE CITY ISD,31,37,0,0,2,1,0,0,5,8,15,16,1,3,54,65,16,24,8,5,960,922,11,17,28,26,4,1,171,184,1650,1537,77,112,2901,2799,1882,28,54,5,355,189,5700
4838280,104903,RULE ISD,2604,283499,350377,691324,38280,Rule ISD,Rule,H,Rural,42,Rural-Distant,N,1,1,2,1,0,1,0,0,0,0,0,0,0,0,0,1,4,5,3,5,8,TX,TEXAS,RULE ISD,2,3,0,0,0,0,0,0,0,0,3,0,0,0,5,3,1,0,1,0,29,27,1,0,0,0,0,0,1,0,36,44,4,0,71,71,56,1,0,0,1,4,142
4838310,128903,RUNGE ISD,-1843,1432231,-1067592,97725,38310,Runge ISD,Runge,H,Rural,42,Rural-Distant,N,9,11,20,0,0,0,0,0,0,0,0,0,0,0,0,0,3,3,9,14,23,TX,TEXAS,RUNGE ISD,10,6,0,0,0,0,0,0,0,0,0,2,0,0,10,8,0,0,3,1,127,122,0,0,0,0,0,0,0,1,14,13,0,0,141,136,249,0,0,0,1,0,277
4838360,37907,RUSK ISD,-46853,247348,1405091,1858323,38360,Rusk ISD,Rusk,G,Non-metropolitan Stable,41,Rural-Fringe,N,6,2,8,0,0,0,0,0,0,0,0,0,2,2,4,39,59,98,47,63,110,TX,TEXAS,RUSK ISD,13,12,0,0,0,0,0,0,7,12,28,35,3,7,51,66,6,5,4,3,185,174,1,3,2,1,0,0,161,146,692,686,43,38,1084,1048,359,4,3,0,307,81,2132
4838400,91914,S AND S CISD,-14366,1192021,1624648,2794738,38400,S and S Cons ISD,S and S Cons,D,Other Central City Suburban,41,Rural-Fringe,N,0,2,2,0,0,0,0,0,0,0,0,0,0,0,0,16,13,29,17,15,32,TX,TEXAS,S AND S CISD,2,4,0,0,0,0,0,0,0,0,16,12,2,0,20,16,2,3,2,1,46,49,6,8,5,1,0,0,1,0,370,382,27,23,455,463,95,14,6,0,1,50,918
4838430,232902,SABINAL ISD,-9046,1161685,-666237,453236,38430,Sabinal ISD,Sabinal,H,Rural,43,Rural-Remote,N,16,9,25,1,1,2,0,0,0,0,0,0,0,0,0,10,10,20,28,20,48,TX,TEXAS,SABINAL ISD,9,9,0,0,0,0,0,0,0,0,2,0,0,0,11,9,0,1,2,0,219,194,12,11,0,0,0,0,5,0,54,53,3,3,293,261,413,23,0,0,5,6,554
4838460,92906,SABINE ISD,6258,-519186,2962153,2620073,38460,Sabine ISD,Sabine,D,Other Central City Suburban,41,Rural-Fringe,N,5,8,13,1,0,1,0,2,2,0,0,0,0,2,2,50,43,93,61,60,121,TX,TEXAS,SABINE ISD,9,2,0,0,0,0,0,0,1,2,7,16,1,2,18,22,6,4,7,3,161,139,1,6,3,5,0,0,43,43,508,510,18,29,734,732,300,7,8,0,86,47,1466
4838490,123913,SABINE PASS ISD,2256,1140874,453509,-380793,38490,Sabine Pass ISD,Sabine Pass,H,Rural,42,Rural-Distant,N,2,3,5,0,0,0,0,0,0,0,0,0,1,0,1,3,4,7,6,7,13,TX,TEXAS,SABINE PASS ISD,1,2,0,0,0,0,0,0,0,2,8,5,0,0,9,9,0,0,0,1,62,72,0,0,3,3,0,0,47,34,66,81,2,2,180,192,134,0,6,0,81,4,372
4838520,169911,SAINT JO ISD,3125,241908,1313500,1591581,38520,Saint Jo ISD,Saint Jo,F,Non-metropolitan Fast Growing,43,Rural-Remote,N,0,0,0,0,0,0,0,0,0,0,0,0,0,0,0,7,10,17,7,10,17,TX,TEXAS,SAINT JO ISD,0,0,0,0,0,0,0,0,0,0,9,9,1,1,10,10,0,0,4,1,12,19,2,1,1,0,0,0,0,0,126,115,4,3,145,138,31,3,1,0,0,7,283
4838580,14908,SALADO ISD,70924,1468409,2802176,4114562,38580,Salado ISD,Salado,D,Other Central City Suburban,42,Rural-Distant,N,11,7,18,0,0,0,0,0,0,0,0,0,0,0,0,73,25,98,85,34,119,TX,TEXAS,SALADO ISD,12,9,0,0,0,0,0,0,0,0,20,19,0,1,32,29,8,7,2,1,223,186,1,5,4,10,0,1,17,5,709,637,26,39,980,883,409,6,14,1,22,65,1863
4838610,112909,SALTILLO ISD,1518,15206,783606,843870,38610,Saltillo ISD,Saltillo,H,Rural,42,Rural-Distant,N,0,0,0,0,0,0,0,0,0,0,0,0,0,0,0,4,1,5,4,1,5,TX,TEXAS,SALTILLO ISD,1,1,0,0,0,0,0,0,0,0,6,3,0,0,7,4,1,0,1,0,28,39,0,0,0,0,0,0,6,4,99,87,4,3,137,133,67,0,0,0,10,7,270
4838640,74917,SAM RAYBURN ISD,1930,168749,777342,1173456,38640,Sam Rayburn ISD,Sam Rayburn,H,Rural,42,Rural-Distant,N,1,0,1,0,0,0,0,0,0,1,0,1,0,1,1,6,5,11,9,6,15,TX,TEXAS,SAM RAYBURN ISD,4,0,0,0,0,0,0,0,0,0,27,26,0,2,31,28,4,0,7,2,52,48,3,0,0,0,2,0,4,6,474,462,10,28,545,544,100,3,0,2,10,38,1089
4838700,226903,SAN ANGELO ISD,531945,4618677,8428727,15784697,38700,San Angelo ISD,San Angelo,C,Other Central City,12,City-Midsize,N,61,64,125,1,0,1,15,8,23,0,0,0,5,6,11,183,155,338,268,236,504,TX,TEXAS,SAN ANGELO ISD,212,241,1,0,5,0,0,0,19,21,136,102,3,8,376,372,20,10,79,35,4525,4401,21,32,96,85,3,8,292,305,2537,2348,133,157,7607,7336,8926,53,181,11,597,290,14943
4838730,15907,SAN ANTONIO ISD,360995,24071855,-13842896,10450133,38730,San Antonio ISD,San Antonio,A,Major Urban,11,City-Large,N,1399,1450,2849,0,1,1,8,10,18,1,0,1,62,54,116,52,71,123,1530,1597,3127,TX,TEXAS,SAN ANTONIO ISD,2339,2224,1,3,9,7,2,0,218,222,66,45,23,14,2658,2515,623,551,196,79,23537,22368,16,18,81,80,8,3,1720,1552,537,465,128,131,26027,24617,45905,34,161,11,3272,259,50644
4838760,203901,SAN AUGUSTINE ISD,-20254,-459501,1182155,2088154,38760,San Augustine ISD,San Augustine,H,Rural,43,Rural-Remote,N,0,1,1,0,0,0,0,0,0,0,0,0,1,2,3,2,1,3,3,4,7,TX,TEXAS,SAN AUGUSTINE ISD,9,8,0,0,0,0,0,0,23,20,9,8,2,1,43,37,6,4,5,3,78,71,0,0,3,1,0,0,215,189,94,81,17,14,407,356,149,0,4,0,404,31,763
4838790,31912,SAN BENITO CISD,-60190,1270219,-1076334,2039475,38790,San Benito Cons ISD,San Benito Cons,D,Other Central City Suburban,22,Suburb-Midsize,N,144,157,301,0,0,0,0,0,0,0,0,0,0,0,0,2,1,3,146,160,306,TX,TEXAS,SAN BENITO CISD,328,302,0,0,0,0,0,0,0,1,2,0,0,1,330,304,75,87,57,22,5418,4956,0,0,1,1,1,0,6,6,39,26,6,7,5471,4996,10374,0,2,1,12,13,10467
4838820,66902,SAN DIEGO ISD,256,486310,1196911,2123473,38820,San Diego ISD,San Diego,G,Non-metropolitan Stable,32,Town-Distant,N,45,55,100,0,0,0,0,0,0,0,0,0,0,0,0,0,1,1,45,56,101,TX,TEXAS,SAN DIEGO ISD,92,95,0,0,1,0,0,0,0,0,5,1,0,0,98,96,1,1,5,3,741,688,1,0,3,0,0,0,2,0,19,13,0,0,766,701,1429,1,3,0,2,0,1467
4838850,71904,SAN ELIZARIO ISD,-51513,178437,-1340425,-2280355,38850,San Elizario ISD,San Elizario,B,Major Suburban,21,Suburb-Large,N,103,86,189,0,0,0,0,0,0,0,0,0,0,0,0,3,1,4,106,87,193,TX,TEXAS,SAN ELIZARIO ISD,155,153,0,0,0,0,0,0,0,1,0,0,0,0,155,154,98,103,15,10,1949,1833,0,0,0,0,0,0,1,2,4,5,1,0,1955,1840,3782,0,0,0,3,1,3795
4838900,233901,SAN FELIPE-DEL RIO CISD,-515876,3428418,11093003,12558918,38900,San Felipe-Del Rio Cons ISD,San Felipe-Del Rio Cons,E,Independent Town,33,Town-Remote,N,450,468,918,1,0,1,3,2,5,0,0,0,5,0,5,38,36,74,499,507,1006,TX,TEXAS,SAN FELIPE-DEL RIO CISD,237,220,0,0,2,2,0,0,4,3,12,11,3,0,258,236,64,57,25,12,5067,4786,5,5,25,21,4,1,48,51,250,232,26,18,5425,5114,9853,10,46,5,99,44,10539
4838910,214902,SAN ISIDRO ISD,-139,390198,-80479,203140,38910,San Isidro ISD,San Isidro,H,Rural,42,Rural-Distant,N,5,11,16,0,0,0,0,0,0,0,0,0,0,0,0,0,0,0,5,11,16,TX,TEXAS,SAN ISIDRO ISD,11,13,0,0,0,0,0,0,0,0,0,0,1,0,12,13,3,4,2,0,125,110,0,0,0,0,0,0,0,0,1,0,1,0,127,110,235,0,0,0,0,1,237
4838970,105902,SAN MARCOS CISD,165452,13476871,-2348380,10830162,38970,San Marcos Cons ISD,San Marcos Cons,C,Other Central City,13,City-Small,N,232,230,462,0,1,1,5,3,8,3,1,4,18,21,39,157,157,314,420,416,836,TX,TEXAS,SAN MARCOS CISD,197,160,0,0,3,1,0,0,9,3,17,26,4,3,230,193,42,34,25,8,3095,2876,3,5,47,34,6,4,207,187,864,794,30,20,4252,3920,5971,8,81,10,394,50,8172
4839000,245904,SAN PERLITA ISD,-4936,194415,-437617,-128853,39000,San Perlita ISD,San Perlita,H,Rural,42,Rural-Distant,N,4,2,6,0,0,0,0,0,0,0,0,0,0,0,0,0,1,1,4,3,7,TX,TEXAS,SAN PERLITA ISD,5,10,0,0,0,0,0,0,0,0,0,0,0,0,5,10,0,5,0,0,135,104,0,0,0,0,0,0,1,0,9,10,2,0,147,114,239,0,0,0,1,2,261
4839030,206901,SAN SABA ISD,7089,856970,191330,1076096,39030,San Saba ISD,San Saba,H,Rural,33,Town-Remote,N,8,10,18,0,0,0,1,0,1,0,0,0,0,0,0,16,21,37,25,31,56,TX,TEXAS,SAN SABA ISD,19,17,0,0,1,0,0,0,0,0,12,7,0,0,32,24,9,8,4,4,200,199,0,3,3,1,0,0,3,2,158,146,4,3,368,354,399,3,4,0,5,7,722
4839060,22903,SAN VICENTE ISD,134,1548,105300,122017,39060,San Vicente ISD,San Vicente,H,Rural,43,Rural-Remote,N,0,0,0,0,0,0,0,1,1,0,0,0,0,0,0,0,0,0,0,1,1,TX,TEXAS,SAN VICENTE ISD,0,0,0,0,0,0,0,0,0,0,0,0,0,0,0,0,0,0,0,0,1,2,0,0,0,2,0,0,0,0,4,4,0,0,5,8,3,0,2,0,0,0,13
4839120,58909,SANDS CISD,581,3146103,-674193,2445238,39120,Sands Consolidated ISD,Sands Consolidated,H,Rural,43,Rural-Remote,N,0,3,3,0,1,1,2,0,2,0,0,0,0,0,0,7,5,12,9,9,18,TX,TEXAS,SANDS CISD,3,3,0,0,0,0,0,0,0,0,3,3,0,0,6,6,1,0,0,0,53,47,1,2,2,0,0,0,0,2,90,47,3,0,149,98,100,3,2,0,2,3,247
4839150,117903,SANFORD-FRITCH ISD,7444,132243,2021788,2261524,39150,Sanford-Fritch ISD,Sanford-Fritch,H,Rural,32,Town-Distant,N,1,1,2,0,0,0,0,0,0,0,0,0,0,0,0,23,10,33,26,11,37,TX,TEXAS,SANFORD-FRITCH ISD,1,1,1,0,0,0,0,0,1,0,23,18,1,2,27,21,0,0,4,4,33,34,8,3,2,1,0,1,6,2,338,288,8,14,395,343,67,11,3,1,8,22,738
4839180,61908,SANGER ISD,203830,2253407,-1886995,-1052904,39180,Sanger ISD,Sanger,D,Other Central City Suburban,41,Rural-Fringe,N,5,9,14,2,1,3,1,1,2,0,0,0,0,3,3,43,58,101,51,73,124,TX,TEXAS,SANGER ISD,23,12,0,0,0,0,0,0,5,2,26,12,1,3,55,29,11,9,18,3,376,318,14,5,13,14,1,1,39,48,913,878,57,47,1413,1311,694,19,27,2,87,104,2724
4839210,42903,SANTA ANNA ISD,-141,161034,14535,235697,39210,Santa Anna ISD,Santa Anna,H,Rural,42,Rural-Distant,N,1,4,5,0,1,1,0,0,0,0,0,0,0,0,0,5,12,17,6,17,23,TX,TEXAS,SANTA ANNA ISD,2,1,0,0,0,0,0,0,1,1,4,1,0,0,7,3,7,5,0,0,30,38,0,3,0,0,0,0,4,4,89,84,8,4,131,133,68,3,0,0,8,12,264
4839270,84909,SANTA FE ISD,80294,1608353,3221883,5218145,39270,Santa Fe ISD,Santa Fe,D,Other Central City Suburban,22,Suburb-Midsize,N,17,15,32,0,0,0,0,2,2,0,0,0,2,0,2,114,95,209,136,112,248,TX,TEXAS,SANTA FE ISD,23,23,0,0,0,1,0,0,2,2,58,46,1,3,84,75,7,5,37,25,503,491,14,14,10,13,0,2,20,15,1880,1759,38,32,2465,2326,994,28,23,2,35,70,4791
4839300,137904,SANTA GERTRUDIS ISD,-9180,2992,444837,424963,39300,Santa Gertrudis ISD,Santa Gertrudis,F,Non-metropolitan Fast Growing,32,Town-Distant,N,36,52,88,0,1,1,6,1,7,0,0,0,1,1,2,16,10,26,62,67,129,TX,TEXAS,SANTA GERTRUDIS ISD,20,15,0,0,0,1,0,0,0,0,1,3,0,0,21,19,0,0,0,0,254,298,0,2,18,3,0,0,8,7,78,70,7,6,365,386,552,2,21,0,15,13,751
4839330,31913,SANTA MARIA ISD,2197,89020,279689,296412,39330,Santa Maria ISD,Santa Maria,H,Rural,41,Rural-Fringe,N,67,84,151,0,0,0,0,0,0,0,0,0,0,0,0,1,1,2,68,85,153,TX,TEXAS,SANTA MARIA ISD,40,38,0,0,0,0,0,0,0,0,0,0,0,0,40,38,18,14,3,0,330,345,1,0,0,0,0,0,1,0,2,4,0,3,334,352,675,1,0,0,1,3,686
4839360,31914,SANTA ROSA ISD,-6704,51706,203789,17516,39360,Santa Rosa ISD,Santa Rosa,G,Non-metropolitan Stable,22,Suburb-Midsize,N,15,5,20,0,0,0,0,0,0,0,0,0,0,0,0,0,0,0,15,5,20,TX,TEXAS,SANTA ROSA ISD,29,23,0,0,0,0,0,0,0,0,0,0,2,0,31,23,6,7,3,0,608,505,0,0,0,0,0,0,1,0,4,4,1,0,614,509,1113,0,0,0,1,1,1123
4839390,182904,SANTO ISD,-2602,87463,902651,978758,39390,Santo ISD,Santo,H,Rural,43,Rural-Remote,N,1,1,2,0,0,0,0,0,0,0,0,0,0,0,0,17,29,46,19,30,49,TX,TEXAS,SANTO ISD,2,4,0,0,0,0,0,0,0,0,9,13,0,0,11,17,0,0,1,3,41,49,0,3,0,1,0,0,1,0,174,184,6,2,222,239,90,3,1,0,1,8,461
4839450,74911,SAVOY ISD,4179,308837,1100798,1449440,39450,Savoy ISD,Savoy,H,Rural,42,Rural-Distant,N,0,1,1,0,0,0,0,1,1,0,0,0,0,0,0,9,17,26,9,22,31,TX,TEXAS,SAVOY ISD,1,1,0,0,0,0,0,0,0,0,13,8,0,0,14,9,0,0,0,0,9,14,3,3,0,2,0,0,2,1,147,118,8,10,169,148,23,6,2,0,3,18,317
4839480,94902,SCHERTZ-CIBOLO-U CITY ISD,177894,5950682,10424288,18331654,39480,Schertz-Cibolo-Universal City ISD,Schertz-Cibolo-Universal City,C,Other Central City,21,Suburb-Large,N,120,99,219,3,1,4,16,11,27,1,0,1,37,25,62,265,209,474,471,379,850,TX,TEXAS,SCHERTZ-CIBOLO-U CITY ISD,96,85,0,0,4,2,2,0,19,16,57,66,18,19,196,188,27,27,66,28,3265,3168,30,27,156,153,31,22,942,851,3197,2856,457,497,8078,7574,6433,57,309,53,1793,954,15652
4839510,207901,SCHLEICHER ISD,27413,-32173,209934,2789042,39510,Schleicher ISD,Schleicher,H,Rural,43,Rural-Remote,N,3,5,8,0,0,0,0,0,0,0,0,0,0,0,0,9,5,14,13,10,23,TX,TEXAS,SCHLEICHER ISD,13,16,0,0,0,0,0,0,0,0,3,8,0,0,16,24,2,3,2,1,203,212,0,0,0,2,0,0,0,0,70,60,4,4,277,278,415,0,2,0,0,8,555
4839540,75903,SCHULENBURG ISD,-4760,356286,822997,1180786,39540,Schulenburg ISD,Schulenburg,H,Rural,33,Town-Remote,N,8,7,15,1,0,1,0,0,0,0,0,0,0,2,2,16,25,41,25,34,59,TX,TEXAS,SCHULENBURG ISD,6,12,0,0,0,0,0,0,2,1,7,7,3,3,18,23,2,2,9,2,152,152,2,0,4,4,0,0,55,54,145,171,10,11,368,392,304,2,8,0,109,21,760
4839570,129910,SCURRY-ROSSER ISD,-27715,812131,1894359,2827233,39570,Scurry-Rosser ISD,Scurry-Rosser,D,Other Central City Suburban,42,Rural-Distant,N,3,2,5,0,0,0,0,0,0,0,0,0,0,0,0,25,32,57,29,35,64,TX,TEXAS,SCURRY-ROSSER ISD,2,2,0,0,0,0,0,0,0,3,7,7,0,0,9,12,2,1,0,2,82,93,3,2,0,2,0,0,11,7,408,409,5,7,509,520,175,5,2,0,18,12,1029
4839600,83901,SEAGRAVES ISD,-2128,336556,-518161,-269906,39600,Seagraves ISD,Seagraves,H,Rural,43,Rural-Remote,N,13,11,24,0,0,0,0,0,0,0,0,0,0,2,2,5,3,8,18,16,34,TX,TEXAS,SEAGRAVES ISD,13,13,0,0,0,0,0,0,0,0,1,0,0,0,14,13,4,6,1,0,223,220,0,0,0,0,0,0,21,18,35,25,1,1,280,264,443,0,0,0,39,2,544
4839630,8902,SEALY ISD,33810,1874448,-578937,1339893,39630,Sealy ISD,Sealy,D,Other Central City Suburban,41,Rural-Fringe,N,17,8,25,1,1,2,0,0,0,0,0,0,0,1,1,58,43,101,78,55,133,TX,TEXAS,SEALY ISD,33,40,0,0,0,0,0,0,8,2,16,11,4,2,61,55,20,15,9,7,714,688,1,2,10,11,2,0,118,126,600,485,40,34,1485,1346,1402,3,21,2,244,74,2831
4839690,94901,SEGUIN ISD,7327,4286917,3050436,6626580,39690,Seguin ISD,Seguin,D,Other Central City Suburban,31,Town-Fringe,N,109,147,256,0,0,0,6,4,10,0,0,0,6,11,17,122,124,246,245,288,533,TX,TEXAS,SEGUIN ISD,206,229,0,0,0,0,1,0,9,10,36,37,3,4,255,280,45,61,30,6,2642,2648,3,7,12,12,3,4,178,160,887,825,42,39,3767,3695,5290,10,24,7,338,81,7462
4839750,83903,SEMINOLE ISD,-37966,11541583,-5761298,3977219,39750,Seminole ISD,Seminole,G,Non-metropolitan Stable,33,Town-Remote,N,12,12,24,0,0,0,0,0,0,0,0,0,0,0,0,55,53,108,67,66,133,TX,TEXAS,SEMINOLE ISD,29,43,0,0,0,1,0,0,0,1,21,25,1,0,51,70,10,17,8,3,703,721,4,3,9,5,4,1,10,15,727,672,12,8,1469,1425,1424,7,14,5,25,20,2894
4839780,12901,SEYMOUR ISD,-2077,-2772028,645656,-3753225,39780,Seymour ISD,Seymour,H,Rural,43,Rural-Remote,N,0,2,2,0,0,0,0,0,0,0,0,0,0,0,0,9,5,14,9,7,16,TX,TEXAS,SEYMOUR ISD,6,2,0,0,0,0,0,0,0,0,12,4,0,0,18,6,0,0,8,1,59,63,2,0,2,2,0,0,6,4,232,181,13,15,314,265,122,2,4,0,10,28,579
4839870,152909,SHALLOWATER ISD,-11646,764705,1095408,1924087,39870,Shallowater ISD,Shallowater,D,Other Central City Suburban,31,Town-Fringe,N,11,10,21,1,0,1,0,0,0,0,0,0,0,1,1,57,42,99,69,53,122,TX,TEXAS,SHALLOWATER ISD,14,13,0,1,0,0,0,0,0,0,33,28,0,0,47,42,1,1,0,1,270,242,5,2,0,1,0,0,2,7,564,532,8,10,849,794,512,7,1,0,9,18,1643
4839900,242902,SHAMROCK ISD,-3340,-137734,495370,416229,39900,Shamrock ISD,Shamrock,H,Rural,43,Rural-Remote,N,1,0,1,0,1,1,0,0,0,0,0,0,0,0,0,1,2,3,2,5,7,TX,TEXAS,SHAMROCK ISD,8,1,0,0,0,0,0,0,0,1,13,7,1,2,22,11,2,0,7,0,77,52,2,3,4,0,0,0,14,11,127,113,12,12,236,191,129,5,4,0,25,24,427
4839930,108911,SHARYLAND ISD,-43559,300036,11718927,11829923,39930,Sharyland ISD,Sharyland,D,Other Central City Suburban,13,City-Small,N,459,519,978,0,0,0,23,34,57,1,0,1,3,4,7,41,47,88,528,605,1133,TX,TEXAS,SHARYLAND ISD,158,152,0,0,7,2,0,0,1,0,4,7,1,0,171,161,105,93,7,6,4900,4550,3,1,92,93,2,1,29,20,225,201,12,19,5263,4885,9450,4,185,3,49,31,10148
4839960,210903,SHELBYVILLE ISD,-13730,42499,1564816,1807560,39960,Shelbyville ISD,Shelbyville,H,Rural,42,Rural-Distant,N,0,0,0,0,0,0,0,0,0,0,0,0,1,2,3,9,10,19,10,14,24,TX,TEXAS,SHELBYVILLE ISD,0,2,0,0,0,0,0,0,2,4,13,12,0,0,15,18,0,1,3,1,44,50,1,0,3,0,0,0,74,80,260,244,12,10,394,384,94,1,3,0,154,22,778
4839990,101924,SHELDON ISD,203034,-339323,26064035,28887467,39990,Sheldon ISD,Sheldon,B,Major Suburban,21,Suburb-Large,N,167,175,342,0,1,1,9,2,11,0,0,0,32,41,73,22,21,43,238,244,482,TX,TEXAS,SHELDON ISD,227,193,2,2,0,3,0,0,40,34,14,6,3,4,286,242,124,117,28,6,3231,3265,8,7,23,23,5,7,961,964,281,227,59,42,4568,4535,6496,15,46,12,1925,101,9103
4840020,204904,SHEPHERD ISD,-51110,1477449,2030816,3554967,40020,Shepherd ISD,Shepherd,E,Independent Town,42,Rural-Distant,N,7,13,20,1,0,1,0,0,0,0,0,0,0,2,2,28,27,55,37,42,79,TX,TEXAS,SHEPHERD ISD,21,23,1,0,0,0,0,0,4,2,30,39,1,4,57,68,12,11,11,4,355,316,4,2,3,2,0,0,60,58,596,565,32,27,1050,970,671,6,5,0,118,59,2020
4840080,91906,SHERMAN ISD,666910,4328519,5885210,10038905,40080,Sherman ISD,Sherman,C,Other Central City,13,City-Small,N,101,88,189,5,2,7,21,13,34,0,0,0,12,21,33,214,220,434,377,375,752,TX,TEXAS,SHERMAN ISD,87,77,0,1,7,10,0,0,23,19,30,24,5,7,152,138,73,72,25,7,1563,1501,39,30,120,102,1,4,522,474,1408,1295,232,227,3885,3633,3064,69,222,5,996,459,7518
4840110,143903,SHINER ISD,185,3273595,354569,3679781,40110,Shiner ISD,Shiner,H,Rural,42,Rural-Distant,N,0,0,0,0,0,0,0,0,0,0,0,0,1,0,1,6,5,11,7,5,12,TX,TEXAS,SHINER ISD,4,3,0,0,1,0,0,0,1,0,15,7,0,1,21,11,0,1,7,1,63,55,2,0,2,2,0,0,19,18,242,238,7,7,335,320,118,2,4,0,37,14,655
4840170,47905,SIDNEY ISD,-8046,77822,203500,408466,40170,Sidney ISD,Sidney,H,Rural,42,Rural-Distant,N,3,0,3,0,0,0,0,0,0,0,0,0,0,0,0,8,2,10,11,2,13,TX,TEXAS,SIDNEY ISD,0,1,0,0,0,0,0,0,0,0,0,4,0,0,0,5,0,0,0,0,14,17,0,1,0,0,0,0,0,0,52,44,0,0,66,62,31,1,0,0,0,0,128
4840200,115902,SIERRA BLANCA ISD,950,463911,-284628,278219,40200,Sierra Blanca ISD,Sierra Blanca,H,Rural,43,Rural-Remote,N,1,0,1,0,0,0,0,1,1,0,0,0,0,0,0,0,0,0,1,1,2,TX,TEXAS,SIERRA BLANCA ISD,0,4,0,0,0,0,0,0,0,0,2,1,0,0,2,5,0,0,0,1,42,41,0,0,0,2,0,0,0,2,15,12,0,0,57,57,83,0,2,0,2,0,114
4840230,100904,SILSBEE ISD,-68099,780859,4370295,5471238,40230,Silsbee ISD,Silsbee,E,Independent Town,31,Town-Fringe,N,5,3,8,0,0,0,2,0,2,0,0,0,2,2,4,36,68,104,47,75,122,TX,TEXAS,SILSBEE ISD,9,4,0,0,0,1,1,0,16,5,51,41,3,4,80,55,3,2,24,11,125,111,6,10,6,7,1,2,261,246,1021,1004,66,65,1486,1445,236,16,13,3,507,131,2931
4840290,23902,SILVERTON ISD,2157,-1969292,-583073,-2263133,40290,Silverton ISD,Silverton,H,Rural,43,Rural-Remote,N,2,0,2,0,0,0,0,0,0,0,0,0,0,0,0,7,6,13,9,6,15,TX,TEXAS,SILVERTON ISD,2,0,0,0,0,0,0,0,0,0,1,4,0,1,3,5,0,0,0,0,56,38,0,0,0,0,0,0,0,0,60,47,2,4,118,89,94,0,0,0,0,6,207
4840320,19909,SIMMS ISD,1870,244322,1565849,1880331,40320,Simms ISD,Simms,H,Rural,42,Rural-Distant,N,2,1,3,0,0,0,0,0,0,0,0,0,0,0,0,7,12,19,9,13,22,TX,TEXAS,SIMMS ISD,0,1,0,0,0,0,0,0,0,0,16,10,0,0,16,11,0,0,2,2,8,14,2,3,1,1,0,0,1,0,232,222,9,5,253,245,22,5,2,0,1,14,498
4840350,205906,SINTON ISD,-17567,2753315,2022293,4824326,40350,Sinton ISD,Sinton,E,Independent Town,32,Town-Distant,N,49,35,84,0,1,1,0,1,1,0,0,0,1,1,2,25,26,51,78,65,143,TX,TEXAS,SINTON ISD,54,64,0,0,0,0,0,0,1,0,9,13,0,0,64,77,0,1,6,7,977,912,0,3,8,6,0,0,15,7,192,187,10,6,1202,1121,1889,3,14,0,22,16,2323
4840380,49909,SIVELLS BEND ISD,-483,263395,-63784,199255,40380,Sivells Bend ISD,Sivells Bend,H,Rural,43,Rural-Remote,N,0,0,0,0,0,0,0,0,0,0,0,0,0,0,0,0,0,0,0,0,0,TX,TEXAS,SIVELLS BEND ISD,0,0,0,0,0,0,0,0,0,0,2,4,0,2,2,6,0,0,0,0,1,4,2,3,0,0,0,0,1,1,24,31,1,1,29,40,5,5,0,0,2,2,69
4840410,13905,SKIDMORE-TYNAN ISD,45553,116242,1884225,1841671,40410,Skidmore-Tynan ISD,Skidmore-Tynan,H,Rural,42,Rural-Distant,N,14,13,27,1,0,1,2,1,3,0,0,0,0,1,1,12,12,24,29,28,57,TX,TEXAS,SKIDMORE-TYNAN ISD,0,0,0,0,0,0,0,0,0,0,0,0,0,0,0,0,0,0,0,0,270,312,1,5,3,3,1,1,3,4,129,99,3,3,410,427,582,6,6,2,7,6,837
4840440,152903,SLATON ISD,6701,152548,3658185,4890380,40440,Slaton ISD,Slaton,G,Non-metropolitan Stable,31,Town-Fringe,N,27,16,43,0,0,0,0,0,0,0,0,0,1,2,3,26,25,51,54,45,99,TX,TEXAS,SLATON ISD,28,31,0,0,0,0,0,0,3,2,13,15,1,0,45,48,3,4,12,9,412,429,0,1,1,2,0,0,35,28,181,170,9,5,638,635,841,1,3,0,63,14,1273
4840470,249908,SLIDELL ISD,-4524,1501164,-521895,-451927,40470,Slidell ISD,Slidell,F,Non-metropolitan Fast Growing,42,Rural-Distant,N,0,0,0,0,0,0,0,0,0,0,0,0,0,0,0,4,7,11,4,7,11,TX,TEXAS,SLIDELL ISD,0,0,0,0,0,0,0,0,0,0,9,11,1,1,10,12,0,0,1,2,40,32,0,0,0,0,0,0,1,0,75,106,2,3,118,141,72,0,0,0,1,5,259
4840500,1909,SLOCUM ISD,-4950,16735,435577,430536,40500,Slocum ISD,Slocum,H,Rural,43,Rural-Remote,N,0,0,0,0,0,0,0,0,0,0,0,0,0,0,0,7,7,14,8,7,15,TX,TEXAS,SLOCUM ISD,0,1,0,0,0,0,0,0,0,0,12,15,1,0,13,16,0,0,0,0,10,13,1,1,3,1,0,0,4,3,180,195,8,4,206,217,23,2,4,0,7,12,423
4840550,11904,SMITHVILLE ISD,-8025,1671957,-10043,1968790,40550,Smithville ISD,Smithville,G,Non-metropolitan Stable,41,Rural-Fringe,N,5,10,15,0,0,0,2,3,5,0,0,0,2,4,6,53,51,104,66,71,137,TX,TEXAS,SMITHVILLE ISD,8,10,0,0,0,0,0,0,4,2,23,21,0,3,35,36,1,4,6,5,302,267,2,1,6,8,0,0,64,65,534,463,36,40,944,844,569,3,14,0,129,76,1788
4840590,110906,SMYER ISD,-13191,168220,1130155,1393621,40590,Smyer ISD,Smyer,H,Rural,42,Rural-Distant,N,4,1,5,0,0,0,0,0,0,0,0,0,0,1,1,12,8,20,16,10,26,TX,TEXAS,SMYER ISD,7,4,0,0,0,0,0,0,0,0,1,6,0,0,8,10,0,0,0,0,120,96,0,3,0,0,0,0,4,4,91,109,3,1,218,213,216,3,0,0,8,4,431
4840620,26903,SNOOK ISD,85053,800661,732220,1660815,40620,Snook ISD,Snook,H,Rural,42,Rural-Distant,N,7,5,12,0,0,0,0,0,0,0,0,0,1,1,2,10,15,25,18,21,39,TX,TEXAS,SNOOK ISD,7,4,0,0,0,0,0,0,7,4,5,7,1,1,20,16,20,16,1,2,72,65,0,0,0,0,0,0,64,77,110,97,8,8,254,247,137,0,0,0,141,16,501
4840650,208902,SNYDER ISD,-3352,7756048,-7883283,-412002,40650,Snyder ISD,Snyder,G,Non-metropolitan Stable,33,Town-Remote,N,33,30,63,0,1,1,5,3,8,0,0,0,1,1,2,39,31,70,78,68,146,TX,TEXAS,SNYDER ISD,36,34,0,1,0,1,0,0,3,1,12,2,3,4,54,43,10,11,8,4,929,831,2,6,13,13,0,0,28,23,429,356,28,27,1429,1256,1760,8,26,0,51,55,2685
4840680,15908,SOUTH SAN ANTONIO ISD,-32263,1453947,-4055550,-11231111,40680,South San Antonio ISD,South San Antonio,B,Major Suburban,11,City-Large,N,311,325,636,0,0,0,1,2,3,0,0,0,3,3,6,3,8,11,320,338,658,TX,TEXAS,SOUTH SAN ANTONIO ISD,249,232,0,0,0,0,1,0,4,1,6,1,0,0,260,234,58,43,47,23,4548,4373,4,6,6,3,3,5,59,43,68,39,3,9,4691,4478,8921,10,9,8,102,12,9169
4840710,71909,SOCORRO ISD,-97475,16684562,47949443,63711547,40710,Socorro ISD,Socorro,A,Major Urban,11,City-Large,N,1078,1020,2098,2,2,4,25,19,44,1,1,2,27,29,56,60,66,126,1206,1147,2353,TX,TEXAS,SOCORRO ISD,969,904,0,0,7,7,1,4,31,20,50,51,4,7,1062,993,436,390,162,66,22020,20968,45,32,136,122,40,39,574,474,870,849,181,167,23866,22651,42988,77,258,79,1048,348,46517
4840740,15909,SOMERSET ISD,-8527,881743,6395840,13157975,40740,Somerset ISD,Somerset,G,Non-metropolitan Stable,41,Rural-Fringe,N,93,79,172,1,1,2,0,0,0,0,0,0,4,0,4,18,21,39,117,105,222,TX,TEXAS,SOMERSET ISD,123,128,0,1,0,1,0,0,1,0,8,7,3,0,135,137,31,36,7,4,1937,1797,2,4,2,3,2,1,15,9,219,200,14,8,2191,2022,3734,6,5,3,24,22,4213
4840770,26902,SOMERVILLE ISD,-4530,794476,1327346,2199378,40770,Somerville ISD,Somerville,H,Rural,42,Rural-Distant,N,4,4,8,0,0,0,0,0,0,0,0,0,0,0,0,8,10,18,12,14,26,TX,TEXAS,SOMERVILLE ISD,5,9,0,0,0,0,0,0,9,5,7,9,1,1,22,24,3,0,2,0,206,138,0,0,4,0,0,0,136,148,205,230,24,36,575,552,344,0,4,0,284,60,1127
4840800,218901,SONORA ISD,-8910,464159,-1031535,-3423413,40800,Sonora ISD,Sonora,H,Rural,33,Town-Remote,N,2,1,3,0,0,0,1,0,1,0,0,0,0,0,0,3,4,7,6,5,11,TX,TEXAS,SONORA ISD,13,21,0,0,0,0,0,0,0,0,11,6,0,0,24,27,4,8,3,3,300,287,0,0,2,0,0,0,0,0,122,101,4,1,428,389,587,0,2,0,0,5,817
4840890,85903,SOUTHLAND ISD,-3134,217730,309134,442869,40890,Southland ISD,Southland,H,Rural,42,Rural-Distant,N,1,0,1,0,0,0,0,0,0,0,0,0,0,0,0,0,0,0,1,0,1,TX,TEXAS,SOUTHLAND ISD,0,0,0,0,0,0,0,0,0,0,0,0,0,0,0,0,0,0,0,0,36,33,0,0,0,0,0,0,1,0,31,29,1,1,69,63,69,0,0,0,1,2,132
4840920,15917,SOUTHSIDE ISD,1074732,2162297,8183482,10153624,40920,Southside ISD,Southside,B,Major Suburban,41,Rural-Fringe,N,221,200,421,0,1,1,1,0,1,0,0,0,3,2,5,18,19,37,244,224,468,TX,TEXAS,SOUTHSIDE ISD,152,144,0,0,1,0,0,0,4,3,8,18,0,2,165,167,24,26,22,12,2657,2481,1,1,8,5,0,0,45,41,200,191,6,16,2917,2735,5138,2,13,0,86,22,5652
4840950,15912,SOUTHWEST ISD,-139972,4187988,14517522,20309855,40950,Southwest ISD,Southwest,B,Major Suburban,41,Rural-Fringe,N,583,540,1123,2,0,2,0,2,2,0,0,0,14,14,28,60,65,125,667,630,1297,TX,TEXAS,SOUTHWEST ISD,298,268,2,0,2,2,1,0,13,9,24,12,3,2,343,293,76,71,73,29,6502,6053,14,14,22,31,7,1,233,211,356,319,65,54,7199,6683,12555,28,53,8,444,119,13882
4841010,98904,SPEARMAN ISD,-7258,408749,1039763,1572181,41010,Spearman ISD,Spearman,H,Rural,33,Town-Remote,N,5,5,10,0,0,0,1,0,1,0,0,0,0,0,0,20,16,36,26,21,47,TX,TEXAS,SPEARMAN ISD,28,14,0,0,0,0,0,0,0,0,6,12,0,0,34,26,14,9,5,0,317,291,0,0,2,3,0,0,0,0,134,131,2,1,455,426,608,0,5,0,0,3,881
4841070,170907,SPLENDORA ISD,21177,1880608,4774081,6346940,41070,Splendora ISD,Splendora,D,Other Central City Suburban,41,Rural-Fringe,N,29,29,58,1,1,2,0,0,0,0,0,0,0,0,0,64,74,138,95,109,204,TX,TEXAS,SPLENDORA ISD,40,44,0,0,0,1,0,0,2,0,55,44,0,1,97,90,21,19,14,4,768,792,6,3,0,7,0,0,12,6,1209,1146,36,31,2031,1985,1560,9,7,0,18,67,4016
4841100,101920,SPRING BRANCH ISD,674916,27116133,-1884178,27119098,41100,Spring Branch ISD,Spring Branch,B,Major Suburban,11,City-Large,N,407,359,766,4,0,4,304,265,569,1,0,1,12,15,27,924,664,1588,1745,1357,3102,TX,TEXAS,SPRING BRANCH ISD,717,688,2,1,72,52,0,1,56,57,207,144,16,18,1070,961,591,548,95,48,10690,10179,26,36,1171,1107,8,5,914,852,4852,4428,365,377,18026,16984,20869,62,2278,13,1766,742,35010
4841130,117907,SPRING CREEK ISD,8376,74131,384460,464777,41130,Spring Creek ISD,Spring Creek,H,Rural,42,Rural-Distant,N,1,1,2,0,0,0,0,0,0,0,0,0,0,0,0,5,7,12,6,9,15,TX,TEXAS,SPRING CREEK ISD,0,0,0,0,0,0,0,0,0,0,0,0,0,0,0,0,0,0,0,0,4,10,0,0,0,0,0,0,1,0,33,47,4,3,42,60,14,0,0,0,1,7,102
4841190,92907,SPRING HILL ISD,90072,-46936,4254416,4181726,41190,Spring Hill ISD,Spring Hill,D,Other Central City Suburban,13,City-Small,N,3,3,6,0,0,0,2,0,2,0,0,0,4,2,6,40,33,73,51,40,91,TX,TEXAS,SPRING HILL ISD,8,11,0,0,0,0,0,0,4,11,3,6,0,1,15,29,5,4,0,1,169,174,9,5,18,20,1,0,141,138,646,574,41,51,1025,962,343,14,38,1,279,92,1987
4841220,101919,SPRING ISD,502815,15836238,-3125692,13691985,41220,Spring ISD,Spring,B,Major Suburban,21,Suburb-Large,N,550,533,1083,6,1,7,100,111,211,2,1,3,258,311,569,192,181,373,1135,1170,2305,TX,TEXAS,SPRING ISD,473,462,35,24,21,21,5,1,280,295,51,38,17,10,882,851,338,331,123,50,8564,7946,348,300,546,483,64,52,7370,7040,1505,1334,282,281,18679,17436,16510,648,1029,116,14410,563,36115
4841250,140907,SPRINGLAKE-EARTH ISD,-46231,70981,618443,768920,41250,Springlake-Earth ISD,Springlake-Earth,H,Rural,43,Rural-Remote,N,3,3,6,0,0,0,0,0,0,0,0,0,0,0,0,7,9,16,10,12,22,TX,TEXAS,SPRINGLAKE-EARTH ISD,9,7,0,0,0,0,0,0,0,0,5,4,0,0,14,11,4,2,1,1,143,120,0,0,0,0,0,0,1,5,50,48,0,0,194,173,263,0,0,0,6,0,367
4841280,184902,SPRINGTOWN ISD,16450,5283859,4405213,9733606,41280,Springtown ISD,Springtown,D,Other Central City Suburban,31,Town-Fringe,N,9,10,19,0,0,0,0,1,1,0,0,0,0,1,1,64,65,129,75,78,153,TX,TEXAS,SPRINGTOWN ISD,23,19,1,0,0,0,0,0,0,1,55,62,1,0,80,82,11,15,4,3,361,307,9,12,8,6,0,1,24,13,1394,1362,38,45,1834,1746,668,21,14,1,37,83,3580
4841340,229905,SPURGER ISD,2144,7587,897284,968153,41340,Spurger ISD,Spurger,H,Rural,43,Rural-Remote,N,0,0,0,1,0,1,0,0,0,0,0,0,0,0,0,3,4,7,4,4,8,TX,TEXAS,SPURGER ISD,0,1,0,0,0,0,0,0,0,0,11,12,0,0,11,13,0,0,0,0,18,10,2,2,0,0,0,0,0,4,179,176,1,1,200,193,28,4,0,0,4,2,393
4841350,79910,STAFFORD MSD,-259598,1629396,1957232,2312278,41350,Stafford MSD,Stafford MSD,B,Major Suburban,21,Suburb-Large,N,34,24,58,0,0,0,12,14,26,1,0,1,23,39,62,10,3,13,81,85,166,TX,TEXAS,STAFFORD MSD,50,39,0,0,8,8,0,0,30,28,7,7,1,1,96,83,34,26,11,6,845,799,6,5,113,128,4,1,760,755,62,64,28,36,1818,1788,1644,11,241,5,1515,64,3606
4841400,127906,STAMFORD ISD,295,-19057,1579111,2291036,41400,Stamford ISD,Stamford,H,Rural,32,Town-Distant,N,2,0,2,0,0,0,0,0,0,0,0,0,0,0,0,8,3,11,13,3,16,TX,TEXAS,STAMFORD ISD,10,15,0,0,0,0,0,0,3,1,8,5,1,0,22,21,1,1,1,2,144,155,2,0,3,1,0,0,36,39,147,117,17,11,349,323,299,2,4,0,75,28,672
4841430,156902,STANTON ISD,21632,9674225,-1908401,8235725,41430,Stanton ISD,Stanton,D,Other Central City Suburban,42,Rural-Distant,N,10,15,25,0,0,0,0,0,0,0,0,0,0,0,0,16,17,33,26,32,58,TX,TEXAS,STANTON ISD,7,4,0,0,0,0,0,0,0,1,4,1,0,0,11,6,1,1,4,1,384,312,1,0,0,1,0,0,3,4,153,145,4,5,545,467,696,1,1,0,7,9,1012
4841520,72903,STEPHENVILLE ISD,-93211,1074643,2180493,1055742,41520,Stephenville ISD,Stephenville,E,Independent Town,33,Town-Remote,N,14,13,27,0,0,0,0,3,3,0,0,0,0,0,0,104,77,181,121,96,217,TX,TEXAS,STEPHENVILLE ISD,38,28,0,0,2,3,0,0,1,0,42,24,0,3,83,58,20,14,13,2,634,588,7,6,20,20,0,0,20,22,1147,1088,37,49,1865,1773,1222,13,40,0,42,86,3638
4841550,216901,STERLING CITY ISD,-4712,1714481,2315279,4069887,41550,Sterling City ISD,Sterling City,H,Rural,43,Rural-Remote,N,0,1,1,0,0,0,0,0,0,0,0,0,0,0,0,2,4,6,3,5,8,TX,TEXAS,STERLING CITY ISD,0,0,0,0,0,0,0,0,0,0,0,0,0,0,0,0,0,0,0,0,76,77,0,0,0,0,0,0,0,0,85,73,7,8,168,158,153,0,0,0,0,15,326
4841580,117904,PLEMONS-STINNETT-PHILLIPS CISD,-7997,1014197,-2060787,-3086550,41580,Plemons-Stinnett-Phillips Cons ISD,Plemons-Stinnett-Phillips Cons,H,Rural,42,Rural-Distant,N,1,4,5,0,0,0,0,0,0,0,0,0,0,0,0,20,10,30,21,14,35,TX,TEXAS,PLEMONS-STINNETT-PHILLIPS CISD,5,5,0,0,0,0,0,0,0,0,18,12,1,0,24,17,0,0,3,1,71,78,4,6,0,0,0,0,3,0,287,218,11,13,376,315,149,10,0,0,3,24,691
4841610,247906,STOCKDALE ISD,-5327,170573,1460999,1581211,41610,Stockdale ISD,Stockdale,H,Rural,42,Rural-Distant,N,18,12,30,0,0,0,0,0,0,0,0,0,0,0,0,34,28,62,53,40,93,TX,TEXAS,STOCKDALE ISD,9,9,0,0,0,0,0,0,0,0,9,9,0,2,18,20,1,2,3,0,210,190,0,1,0,0,0,0,4,3,226,182,7,4,447,380,400,1,0,0,7,11,827
4841670,211902,STRATFORD ISD,400,-161985,549632,905755,41670,Stratford ISD,Stratford,H,Rural,43,Rural-Remote,N,3,0,3,0,0,0,0,0,0,0,0,0,2,0,2,5,2,7,10,2,12,TX,TEXAS,STRATFORD ISD,14,11,0,0,0,0,0,0,0,0,5,7,1,0,20,18,7,3,0,1,205,182,0,0,0,1,0,0,4,1,90,91,7,9,306,284,387,0,1,0,5,16,590
4841700,182905,STRAWN ISD,-13975,2669,499510,516343,41700,Strawn ISD,Strawn,H,Rural,43,Rural-Remote,N,0,0,0,0,0,0,0,0,0,0,0,0,0,0,0,2,8,10,3,8,11,TX,TEXAS,STRAWN ISD,1,4,0,0,0,0,0,0,0,0,2,4,0,0,3,8,0,0,0,1,37,33,1,0,0,0,0,0,3,1,46,47,5,5,92,86,70,1,0,0,4,10,178
4841760,140908,SUDAN ISD,-5815,635378,205382,2509562,41760,Sudan ISD,Sudan,H,Rural,43,Rural-Remote,N,5,2,7,0,0,0,0,0,0,0,0,0,0,0,0,7,11,18,12,14,26,TX,TEXAS,SUDAN ISD,9,7,0,0,0,0,0,0,0,1,1,7,0,0,10,15,1,1,0,0,122,130,1,0,0,1,0,0,0,3,104,100,3,4,230,238,252,1,1,0,3,7,468
4841790,112910,SULPHUR BLUFF ISD,4179,96145,789039,930907,41790,Sulphur Bluff ISD,Sulphur Bluff,H,Rural,43,Rural-Remote,N,0,1,1,0,0,0,0,0,0,0,0,0,0,0,0,5,6,11,5,7,12,TX,TEXAS,SULPHUR BLUFF ISD,0,0,0,0,0,0,0,0,0,0,4,3,0,0,4,3,0,0,1,0,13,12,0,1,0,0,1,0,4,3,96,80,4,4,118,100,25,1,0,1,7,8,218
4841820,112901,SULPHUR SPRINGS ISD,-826,688824,1868214,2690308,41820,Sulphur Springs ISD,Sulphur Springs,E,Independent Town,33,Town-Remote,N,16,7,23,0,0,0,2,3,5,0,0,0,3,1,4,104,62,166,128,75,203,TX,TEXAS,SULPHUR SPRINGS ISD,34,27,0,1,2,2,0,0,11,14,29,36,4,5,80,85,21,18,10,3,615,544,7,7,26,25,0,3,252,232,1230,1133,90,94,2220,2038,1159,14,51,3,484,184,4258
4841850,110907,SUNDOWN ISD,-15322,676482,-2500240,-1488910,41850,Sundown ISD,Sundown,H,Rural,42,Rural-Distant,N,9,11,20,2,0,2,1,1,2,0,0,0,0,0,0,25,12,37,37,24,61,TX,TEXAS,SUNDOWN ISD,17,19,0,0,1,0,0,0,0,0,12,4,1,0,31,23,1,2,1,0,197,180,2,0,3,1,0,0,5,3,127,108,1,0,335,292,377,2,4,0,8,1,627
4841880,57919,SUNNYVALE ISD,20673,2824581,2308743,5158859,41880,Sunnyvale ISD,Sunnyvale,D,Other Central City Suburban,41,Rural-Fringe,N,5,5,10,0,0,0,21,25,46,0,0,0,4,3,7,65,52,117,98,87,185,TX,TEXAS,SUNNYVALE ISD,3,3,0,0,4,5,0,0,0,2,13,10,0,1,20,21,8,5,4,1,118,91,1,0,212,203,0,0,94,85,497,452,33,27,955,858,209,1,415,0,179,60,1813
4841910,171902,SUNRAY ISD,-11290,-142913,891162,800536,41910,Sunray ISD,Sunray,H,Rural,42,Rural-Distant,N,5,9,14,0,0,0,0,0,0,0,0,0,0,1,1,13,9,22,18,19,37,TX,TEXAS,SUNRAY ISD,11,6,0,0,0,0,0,0,0,0,3,2,0,1,14,9,1,2,1,0,157,169,2,0,1,0,0,0,0,2,121,95,2,1,283,267,326,2,1,0,2,3,550
4841970,20906,SWEENY ISD,-432685,-327384,882195,4121732,41970,Sweeny ISD,Sweeny,D,Other Central City Suburban,32,Town-Distant,N,7,5,12,0,0,0,0,0,0,0,0,0,1,1,2,41,29,70,53,36,89,TX,TEXAS,SWEENY ISD,5,10,0,0,0,0,0,0,1,5,13,6,3,2,22,23,0,2,0,1,239,232,0,1,2,0,0,0,137,108,576,552,66,54,1020,947,471,1,2,0,245,120,1967
4842000,143905,SWEET HOME ISD,15524,37626,537558,556745,42000,Sweet Home ISD,Sweet Home,H,Rural,42,Rural-Distant,N,0,0,0,0,0,0,0,0,0,0,0,0,0,0,0,6,6,12,6,6,12,TX,TEXAS,SWEET HOME ISD,0,2,0,0,0,0,0,0,0,0,6,5,1,1,7,8,0,0,0,0,8,12,0,0,0,0,0,0,0,0,69,62,3,2,80,76,20,0,0,0,0,5,156
4842030,177902,SWEETWATER ISD,1799,449614,2738465,3295177,42030,Sweetwater ISD,Sweetwater,G,Non-metropolitan Stable,32,Town-Distant,N,16,21,37,0,0,0,1,0,1,0,0,0,0,2,2,33,35,68,50,59,109,TX,TEXAS,SWEETWATER ISD,31,37,0,0,0,0,0,0,2,9,26,16,2,0,61,62,0,1,8,1,618,589,0,2,9,2,0,0,72,78,428,368,21,28,1148,1067,1207,2,11,0,150,49,2215
4842060,205907,TAFT ISD,48302,1554902,248698,1602309,42060,Taft ISD,Taft,D,Other Central City Suburban,31,Town-Fringe,N,20,27,47,0,0,0,0,0,0,0,0,0,0,0,0,1,2,3,23,30,53,TX,TEXAS,TAFT ISD,23,26,0,0,0,0,0,0,0,0,5,2,1,0,29,28,1,0,4,2,529,493,0,0,1,1,0,1,2,1,37,34,4,3,573,533,1022,0,2,1,3,7,1106
4842090,153904,TAHOKA ISD,-6583,480914,1258235,2547476,42090,Tahoka ISD,Tahoka,H,Rural,32,Town-Distant,N,9,9,18,0,0,0,0,1,1,0,0,0,0,0,0,17,17,34,26,27,53,TX,TEXAS,TAHOKA ISD,8,7,0,0,0,0,0,0,2,1,5,6,0,0,15,14,2,0,2,0,203,194,2,1,1,3,0,0,10,7,106,84,5,6,327,295,397,3,4,0,17,11,622
4842120,194903,RIVERCREST ISD,5080,963386,1251988,2423620,42120,Rivercrest ISD,Rivercrest,H,Rural,43,Rural-Remote,N,3,2,5,0,0,0,0,1,1,0,0,0,0,5,5,33,36,69,38,44,82,TX,TEXAS,RIVERCREST ISD,3,5,0,0,0,0,0,0,0,0,6,15,2,0,11,20,2,2,3,4,49,49,1,1,0,1,0,0,12,14,291,239,16,18,369,322,98,2,1,0,26,34,691
4842210,146907,TARKINGTON ISD,42722,1383153,2032926,3478986,42210,Tarkington ISD,Tarkington,G,Non-metropolitan Stable,42,Rural-Distant,N,7,6,13,0,0,0,0,0,0,0,0,0,0,0,0,38,32,70,49,40,89,TX,TEXAS,TARKINGTON ISD,6,1,0,0,0,0,0,0,0,0,21,17,0,1,27,19,1,0,10,4,110,97,1,3,3,0,1,2,7,5,786,765,27,21,935,893,207,4,3,3,12,48,1828
4842240,201910,TATUM ISD,-34284,4381535,-3778992,656098,42240,Tatum ISD,Tatum,D,Other Central City Suburban,42,Rural-Distant,N,11,12,23,1,0,1,0,0,0,0,0,0,10,4,14,47,38,85,69,55,124,TX,TEXAS,TATUM ISD,8,3,0,0,1,0,0,0,3,8,7,3,1,2,20,16,9,3,3,5,222,223,7,3,5,1,1,1,183,162,406,323,21,18,845,731,445,10,6,2,345,39,1576
4842280,246911,TAYLOR ISD,-25961,2283132,931912,2502836,42280,Taylor ISD,Taylor,D,Other Central City Suburban,31,Town-Fringe,N,37,43,80,0,0,0,2,3,5,0,0,0,5,2,7,51,39,90,99,89,188,TX,TEXAS,TAYLOR ISD,51,50,0,0,0,0,0,0,7,8,17,15,1,2,76,75,18,18,6,2,1034,921,0,1,7,9,1,0,161,112,452,418,41,54,1696,1515,1955,1,16,1,273,95,3211
4842300,81904,TEAGUE ISD,-214744,-57552,-33267,-72096,42300,Teague ISD,Teague,G,Non-metropolitan Stable,33,Town-Remote,N,6,3,9,0,0,0,0,0,0,0,0,0,3,4,7,40,49,89,51,57,108,TX,TEXAS,TEAGUE ISD,12,10,0,0,0,0,0,0,5,7,4,2,1,1,22,20,5,5,2,0,170,174,0,0,3,4,0,0,83,83,355,314,18,19,629,594,344,0,7,0,166,37,1223
4842330,14909,TEMPLE ISD,-83379,2619023,9461526,10852595,42330,Temple ISD,Temple,D,Other Central City Suburban,13,City-Small,N,91,96,187,0,0,0,19,17,36,0,1,1,43,33,76,130,119,249,293,280,573,TX,TEXAS,TEMPLE ISD,118,113,0,1,3,1,0,0,90,81,28,36,13,15,252,247,46,30,14,8,1875,1833,16,16,69,80,5,15,1234,1148,1030,978,155,148,4384,4218,3708,32,149,20,2382,303,8602
4842360,210904,TENAHA ISD,3086,123676,574961,775839,42360,Tenaha ISD,Tenaha,H,Rural,42,Rural-Distant,N,3,2,5,0,0,0,0,0,0,0,0,0,2,4,6,5,9,14,11,16,27,TX,TEXAS,TENAHA ISD,7,9,0,0,0,0,0,0,3,3,6,11,0,0,16,23,6,6,0,0,118,112,0,0,0,0,0,0,90,62,92,90,10,5,310,269,230,0,0,0,152,15,579
4842390,22004,TERLINGUA CSD,-867,119351,89972,314565,42390,Terlingua CSD,Terlingua CSD,H,Rural,43,Rural-Remote,N,1,1,2,0,0,0,0,0,0,0,0,0,0,0,0,2,3,5,3,4,7,TX,TEXAS,TERLINGUA CSD,5,3,0,0,0,0,0,0,0,0,1,1,0,0,6,4,4,2,0,2,37,49,1,1,0,0,0,0,0,0,12,15,0,0,50,65,86,2,0,0,0,0,115
4842420,222901,TERRELL COUNTY ISD,5506,573810,-806532,-86601,42420,Terrell County ISD,Terrell County,H,Rural,43,Rural-Remote,N,0,0,0,0,0,0,0,0,0,0,0,0,0,0,0,0,0,0,0,0,0,TX,TEXAS,TERRELL COUNTY ISD,1,5,0,0,0,0,0,0,0,0,2,1,0,0,3,6,0,1,0,0,46,45,0,0,0,0,0,0,0,0,27,23,2,1,75,69,91,0,0,0,0,3,144
4842450,129906,TERRELL ISD,550206,3966699,3434746,7811198,42450,Terrell ISD,Terrell,C,Other Central City,32,Town-Distant,N,45,54,99,0,3,3,0,2,2,0,0,0,15,15,30,60,65,125,121,143,264,TX,TEXAS,TERRELL ISD,91,81,0,0,0,2,0,0,51,55,39,43,7,6,188,187,44,55,12,8,1117,1094,6,11,12,12,1,1,530,527,586,579,54,86,2306,2310,2211,17,24,2,1057,140,4616
4842480,19907,TEXARKANA ISD,-9130,169419,20951437,21984089,42480,Texarkana ISD,Texarkana,E,Independent Town,13,City-Small,N,16,26,42,0,1,1,1,2,3,1,0,1,33,51,84,105,120,225,168,222,390,TX,TEXAS,TEXARKANA ISD,37,37,3,0,1,2,0,0,161,173,35,42,11,15,248,269,27,27,24,8,509,511,11,17,42,42,4,2,1623,1564,1247,1212,179,187,3615,3535,1020,28,84,6,3187,366,7150
4842510,84906,TEXAS CITY ISD,-577507,4573079,-7434815,524307,42510,Texas City ISD,Texas City,D,Other Central City Suburban,22,Suburb-Midsize,N,42,51,93,0,0,0,2,0,2,0,0,0,23,24,47,69,51,120,139,130,269,TX,TEXAS,TEXAS CITY ISD,85,79,1,0,0,0,0,0,52,46,34,27,6,5,178,157,28,30,33,10,1849,1726,26,30,20,14,3,2,1510,1305,1089,991,142,138,4639,4206,3575,56,34,5,2815,280,8845
4842540,211901,TEXHOMA ISD,-8774,-71505,230030,68812,42540,Texhoma ISD,Texhoma,H,Rural,43,Rural-Remote,N,1,0,1,0,0,0,0,0,0,0,0,0,0,0,0,2,4,6,3,4,7,TX,TEXAS,TEXHOMA ISD,7,5,0,0,0,0,0,0,0,0,4,1,0,0,11,6,5,3,0,0,56,52,1,0,0,0,0,0,0,0,47,34,2,0,106,86,108,1,0,0,0,2,192
4842570,56902,TEXLINE ISD,-54,234449,112344,399946,42570,Texline ISD,Texline,H,Rural,43,Rural-Remote,N,0,0,0,0,0,0,0,0,0,0,0,0,0,0,0,4,4,8,4,4,8,TX,TEXAS,TEXLINE ISD,1,3,0,0,0,0,0,0,0,0,3,4,0,0,4,7,1,2,1,0,48,47,0,0,0,0,0,0,2,1,38,54,0,1,88,103,95,0,0,0,3,1,191
4842630,166905,THORNDALE ISD,-26725,311093,539705,1095725,42630,Thorndale ISD,Thorndale,H,Rural,42,Rural-Distant,N,1,8,9,0,0,0,0,0,0,0,0,0,0,0,0,14,20,34,16,28,44,TX,TEXAS,THORNDALE ISD,4,2,0,0,0,0,0,0,0,0,3,6,1,1,8,9,3,2,0,1,71,69,0,0,0,0,0,0,5,2,210,192,9,9,295,272,140,0,0,0,7,18,567
4842660,246912,THRALL ISD,-23290,389239,2319313,2733224,42660,Thrall ISD,Thrall,H,Rural,42,Rural-Distant,N,6,6,12,0,0,0,1,0,1,0,0,0,0,0,0,21,19,40,28,25,53,TX,TEXAS,THRALL ISD,11,7,0,0,0,0,0,0,1,0,7,7,0,0,19,14,0,0,2,1,116,104,1,0,1,0,0,0,7,4,219,223,11,11,355,342,220,1,1,0,11,22,697
4842690,149902,THREE RIVERS ISD,-56461,3640201,-609913,3264930,42690,Three Rivers ISD,Three Rivers,H,Rural,43,Rural-Remote,N,11,11,22,0,0,0,1,0,1,1,0,1,0,0,0,19,10,29,33,21,54,TX,TEXAS,THREE RIVERS ISD,5,5,0,0,0,0,0,0,0,0,7,7,0,0,12,12,1,2,1,1,197,193,0,0,1,0,1,0,1,3,145,139,4,1,349,336,390,0,1,1,4,5,685
4842720,72901,THREE WAY ISD,455,74739,987372,1111695,42720,Three Way ISD,Three Way,H,Rural,42,Rural-Distant,N,0,0,0,0,0,0,0,0,0,0,0,0,0,0,0,0,0,0,0,0,0,TX,TEXAS,THREE WAY ISD,12,16,0,0,0,0,0,0,0,0,14,6,2,0,28,22,0,0,0,0,78,90,0,0,0,0,0,0,0,0,76,34,4,2,158,126,168,0,0,0,0,6,284
4842780,224901,THROCKMORTON ISD,-775,289784,125090,245305,42780,Throckmorton Collegiate ISD,Throckmorton Collegiate,H,Rural,43,Rural-Remote,N,1,0,1,0,0,0,0,0,0,0,0,0,0,0,0,3,2,5,5,2,7,TX,TEXAS,THROCKMORTON ISD,0,0,0,0,0,0,0,0,0,0,3,11,0,0,3,11,0,0,2,0,9,11,0,0,0,0,0,0,2,0,53,61,2,0,66,72,20,0,0,0,2,2,138
4842810,158902,TIDEHAVEN ISD,-4287,1376982,1324159,2902333,42810,Tidehaven ISD,Tidehaven,G,Non-metropolitan Stable,42,Rural-Distant,N,9,9,18,0,0,0,0,0,0,0,0,0,0,1,1,27,24,51,37,35,72,TX,TEXAS,TIDEHAVEN ISD,12,9,0,0,0,0,0,0,1,1,0,3,0,0,13,13,3,1,6,2,251,247,0,0,0,0,0,0,14,16,199,188,7,8,471,459,498,0,0,0,30,15,930
4842840,210905,TIMPSON ISD,-5904,-48660,1964858,2030475,42840,Timpson ISD,Timpson,H,Rural,43,Rural-Remote,N,0,1,1,0,0,0,0,0,0,0,0,0,0,0,0,4,10,14,5,11,16,TX,TEXAS,TIMPSON ISD,1,3,0,0,0,0,0,0,4,7,13,12,0,0,18,22,1,3,0,1,44,43,0,0,0,0,0,0,71,83,202,170,4,9,321,305,87,0,0,0,154,13,626
4842870,91907,TIOGA ISD,89539,430685,3398927,3796841,42870,Tioga ISD,Tioga,F,Non-metropolitan Fast Growing,42,Rural-Distant,N,4,5,9,0,0,0,0,3,3,0,0,0,0,1,1,20,21,41,24,32,56,TX,TEXAS,TIOGA ISD,10,9,0,0,0,0,0,0,0,0,21,13,0,1,31,23,6,6,2,0,63,66,2,3,0,4,0,0,0,1,221,235,3,7,289,316,129,5,4,0,1,10,605
4842900,111903,TOLAR ISD,4084,310163,581694,832202,42900,Tolar ISD,Tolar,E,Independent Town,42,Rural-Distant,N,1,0,1,0,0,0,0,0,0,0,0,0,0,0,0,17,9,26,18,9,27,TX,TEXAS,TOLAR ISD,0,0,0,0,0,0,1,0,0,0,18,16,2,1,21,17,0,0,0,0,25,22,1,0,3,2,2,1,1,5,351,362,8,4,391,396,47,1,5,3,6,12,787
4842930,91918,TOM BEAN ISD,17244,643898,-30720,649653,42930,Tom Bean ISD,Tom Bean,H,Rural,42,Rural-Distant,N,1,1,2,0,0,0,0,0,0,0,0,0,0,0,0,7,7,14,9,8,17,TX,TEXAS,TOM BEAN ISD,1,2,0,1,0,0,0,0,1,0,12,10,0,0,14,13,1,1,0,0,32,20,3,4,2,1,1,0,4,6,277,298,9,10,328,339,52,7,3,1,10,19,667
4842960,101921,TOMBALL ISD,5699202,7720188,22230204,30962947,42960,Tomball ISD,Tomball,B,Major Suburban,21,Suburb-Large,N,150,108,258,2,1,3,89,108,197,0,0,0,11,16,27,462,446,908,747,707,1454,TX,TEXAS,TOMBALL ISD,72,66,0,0,24,16,1,0,6,14,61,45,6,7,170,148,57,65,89,29,2400,2423,28,14,634,533,5,3,376,383,4280,4238,308,324,8031,7918,4823,42,1167,8,759,632,15949
4842990,71908,TORNILLO ISD,-7348,90074,732060,713587,42990,Tornillo ISD,Tornillo,G,Non-metropolitan Stable,41,Rural-Fringe,N,26,23,49,0,0,0,0,0,0,0,0,0,0,0,0,0,0,0,26,23,49,TX,TEXAS,TORNILLO ISD,37,33,0,0,0,0,0,0,0,0,0,2,0,0,37,35,29,21,2,1,527,571,0,1,0,0,0,0,0,0,0,3,0,0,527,575,1098,1,0,0,0,0,1102
4843110,221905,TRENT ISD,-8726,660837,368484,911312,43110,Trent ISD,Trent,H,Rural,42,Rural-Distant,N,0,0,0,0,0,0,0,0,0,0,0,0,0,0,0,7,6,13,7,6,13,TX,TEXAS,TRENT ISD,0,0,0,0,0,0,0,0,0,0,6,5,0,0,6,5,0,0,0,0,9,3,0,0,1,0,3,2,0,0,71,76,0,0,84,81,12,0,1,5,0,0,165
4843140,74912,TRENTON ISD,8785,740506,1806063,2544939,43140,Trenton ISD,Trenton,F,Non-metropolitan Fast Growing,42,Rural-Distant,N,2,1,3,0,0,0,0,0,0,0,0,0,1,0,1,28,13,41,31,15,46,TX,TEXAS,TRENTON ISD,1,2,0,0,0,0,0,0,0,0,15,7,0,0,16,9,0,2,2,0,56,54,1,3,2,0,0,0,6,6,243,186,7,4,315,253,110,4,2,0,12,11,568
4843170,107907,TRINIDAD ISD,-3889,27627,689066,631627,43170,Trinidad ISD,Trinidad,H,Rural,42,Rural-Distant,N,0,0,0,0,0,0,0,0,0,0,0,0,1,1,2,2,2,4,3,4,7,TX,TEXAS,TRINIDAD ISD,2,0,0,0,0,0,0,0,0,1,1,2,3,1,6,4,2,0,0,0,18,16,0,0,0,0,0,0,15,6,55,46,9,9,97,77,34,0,0,0,21,18,174
4843200,228903,TRINITY ISD,-36274,708991,2227154,4502673,43200,Trinity ISD,Trinity,G,Non-metropolitan Stable,41,Rural-Fringe,N,3,4,7,0,0,0,0,0,0,0,0,0,1,1,2,25,24,49,30,30,60,TX,TEXAS,TRINITY ISD,4,5,0,0,0,0,0,0,4,1,16,12,1,1,25,19,3,0,2,0,150,154,1,1,5,1,1,0,95,110,325,324,23,26,600,616,304,2,6,1,205,49,1216
4843230,212904,TROUP ISD,23666,970268,982712,1983804,43230,Troup ISD,Troup,G,Non-metropolitan Stable,42,Rural-Distant,N,0,0,0,0,0,0,0,0,0,0,0,0,0,0,0,27,32,59,28,33,61,TX,TEXAS,TROUP ISD,4,1,0,0,0,0,0,0,2,4,14,9,1,4,21,18,0,1,2,1,84,65,0,2,4,3,2,0,64,69,381,369,23,18,558,526,149,2,7,2,133,41,1084
4843260,14910,TROY ISD,-26364,616733,1780610,2427999,43260,Troy ISD,Troy,G,Non-metropolitan Stable,41,Rural-Fringe,N,4,7,11,0,0,0,0,1,1,0,0,0,0,2,2,41,44,85,45,55,100,TX,TEXAS,TROY ISD,11,11,0,0,0,0,0,0,0,1,23,29,1,1,35,42,1,2,12,5,226,198,3,5,1,2,0,0,12,17,543,488,28,12,813,722,424,8,3,0,29,40,1535
4843290,1908,WESTWOOD ISD,-14149,-296825,2337675,1711004,43290,Westwood ISD,Westwood,G,Non-metropolitan Stable,32,Town-Distant,N,2,4,6,0,0,0,0,0,0,0,0,0,3,0,3,12,15,27,17,19,36,TX,TEXAS,WESTWOOD ISD,15,14,1,0,0,0,0,0,2,5,21,18,0,0,39,37,4,5,5,2,219,193,7,2,3,4,0,0,140,131,399,409,34,23,802,762,412,9,7,0,271,57,1564
4843320,219903,TULIA ISD,25872,185499,-467728,185154,43320,Tulia ISD,Tulia,G,Non-metropolitan Stable,33,Town-Remote,N,8,16,24,0,2,2,0,0,0,0,0,0,1,2,3,15,8,23,24,28,52,TX,TEXAS,TULIA ISD,23,19,0,0,0,0,0,0,2,3,5,5,2,1,32,28,4,5,13,3,344,352,1,1,0,1,0,0,51,47,158,128,6,8,560,537,696,2,1,0,98,14,1097
4843350,178912,TULOSO-MIDWAY ISD,22572,2775242,2429693,4097925,43350,Tuloso-Midway ISD,Tuloso-Midway,D,Other Central City Suburban,11,City-Large,N,76,91,167,0,0,0,0,3,3,0,0,0,1,0,1,22,34,56,102,128,230,TX,TEXAS,TULOSO-MIDWAY ISD,35,28,0,0,0,0,0,0,0,0,9,5,0,1,44,34,9,4,12,4,1503,1502,3,4,7,9,0,1,20,22,334,412,15,17,1882,1967,3005,7,16,1,42,32,3849
4843400,96905,TURKEY-QUITAQUE ISD,-4067,-49728,201079,319884,43400,Turkey-Quitaque ISD,Turkey-Quitaque,H,Rural,43,Rural-Remote,N,1,3,4,0,0,0,0,0,0,0,0,0,0,0,0,4,2,6,5,5,10,TX,TEXAS,TURKEY-QUITAQUE ISD,2,2,0,0,0,0,0,0,0,0,2,2,0,0,4,4,0,1,2,0,31,35,0,0,0,0,0,0,2,1,73,57,2,0,108,93,66,0,0,0,3,2,201
4843470,212905,TYLER ISD,-253248,8367368,9735387,18595504,43470,Tyler ISD,Tyler,C,Other Central City,12,City-Midsize,N,360,350,710,2,2,4,23,34,57,0,0,0,75,100,175,404,343,747,882,848,1730,TX,TEXAS,TYLER ISD,192,173,0,0,2,2,0,0,111,108,53,39,4,3,362,325,108,108,88,45,4305,4038,21,18,132,129,0,3,2609,2469,1989,1851,215,213,9271,8721,8343,39,261,3,5078,428,17992
4843530,230908,UNION GROVE ISD,16,-34588,1560464,1584246,43530,Union Grove ISD,Union Grove,H,Rural,41,Rural-Fringe,N,2,1,3,0,2,2,0,1,1,0,0,0,0,0,0,30,37,67,33,43,76,TX,TEXAS,UNION GROVE ISD,1,2,0,0,0,0,0,0,0,0,10,5,0,0,11,7,1,0,1,0,19,20,3,2,0,2,0,0,4,4,342,328,8,8,376,364,39,5,2,0,8,16,740
4843560,230904,UNION HILL ISD,40049,162583,626306,770451,43560,Union Hill ISD,Union Hill,H,Rural,42,Rural-Distant,N,0,1,1,0,0,0,0,0,0,0,0,0,1,0,1,6,6,12,8,8,16,TX,TEXAS,UNION HILL ISD,1,1,0,0,0,0,0,0,0,0,16,8,0,2,17,11,1,0,0,0,29,25,2,1,0,4,0,0,9,11,141,131,14,9,195,181,54,3,4,0,20,23,376
4843650,240903,UNITED ISD,-78490,37774241,3318819,31652816,43650,United ISD,United,C,Other Central City,11,City-Large,N,2550,2867,5417,0,0,0,29,30,59,1,0,1,8,6,14,29,31,60,2620,2937,5557,TX,TEXAS,UNITED ISD,962,882,0,0,3,2,1,0,1,0,2,4,0,1,969,889,630,625,141,71,22088,20717,4,2,77,66,5,2,35,23,131,131,6,16,22346,20957,42805,6,143,7,58,22,43303
4843680,232904,UTOPIA ISD,-2304,2597,263973,272950,43680,Utopia ISD,Utopia,H,Rural,43,Rural-Remote,N,0,0,0,0,0,0,0,0,0,0,0,0,0,0,0,4,5,9,4,5,9,TX,TEXAS,UTOPIA ISD,1,2,0,0,0,0,0,0,0,0,4,3,0,0,5,5,0,0,1,0,32,20,0,0,1,2,0,0,0,2,91,83,0,7,124,114,52,0,3,0,2,7,238
4843720,232903,UVALDE CISD,-43510,-1183474,-333113,-2366328,43720,Uvalde Cons ISD,Uvalde Cons,E,Independent Town,33,Town-Remote,N,192,191,383,1,1,2,5,1,6,0,0,0,1,0,1,28,26,54,229,220,449,TX,TEXAS,UVALDE CISD,158,147,0,0,1,0,0,0,0,2,10,13,0,1,169,163,22,15,19,12,2038,1981,3,2,11,8,2,2,5,10,216,176,15,13,2290,2192,4019,5,19,4,15,28,4482
4843740,122902,VALENTINE ISD,0,6937,103400,35958,43740,Valentine ISD,Valentine,H,Rural,43,Rural-Remote,N,0,0,0,0,0,0,0,0,0,0,0,0,0,0,0,0,0,0,0,0,0,TX,TEXAS,VALENTINE ISD,0,0,0,0,0,0,0,0,0,0,0,0,0,0,0,0,0,0,0,0,11,12,0,0,0,1,0,0,0,0,3,6,0,0,14,19,23,0,1,0,0,0,33
4843760,18904,VALLEY MILLS ISD,-3194,187160,1200609,1597857,43760,Valley Mills ISD,Valley Mills,H,Rural,42,Rural-Distant,N,2,2,4,0,0,0,0,0,0,0,0,0,0,1,1,10,12,22,12,15,27,TX,TEXAS,VALLEY MILLS ISD,1,4,0,0,0,0,0,0,0,2,10,10,1,0,12,16,0,0,1,1,88,73,0,0,0,2,0,0,10,10,208,231,11,9,317,325,161,0,2,0,20,20,642
4843800,108916,VALLEY VIEW ISD,-52182,949679,1645435,2942162,43800,Valley View ISD (Hidalgo),Valley View (Hidalgo),D,Other Central City Suburban,21,Suburb-Large,N,142,172,314,0,0,0,0,0,0,0,0,0,0,0,0,0,0,0,142,172,314,TX,TEXAS,VALLEY VIEW ISD,156,151,0,0,0,0,0,0,0,0,0,0,0,0,156,151,140,129,7,1,2284,2188,0,0,0,0,0,0,0,0,3,5,0,0,2287,2193,4472,0,0,0,0,0,4480
4843860,49903,VALLEY VIEW ISD,9129,537795,1507632,2140219,43860,Valley View ISD (Cooke),Valley View (Cooke),H,Rural,42,Rural-Distant,N,6,5,11,0,0,0,0,0,0,0,0,0,0,0,0,11,18,29,19,23,42,TX,TEXAS,VALLEY VIEW ISD,7,4,0,0,0,0,0,0,0,0,11,12,0,0,18,16,7,1,1,2,120,103,2,1,1,0,0,1,0,2,278,287,6,8,407,402,223,3,1,1,2,14,809
4843890,91908,VAN ALSTYNE ISD,103,1992100,1895841,3985405,43890,Van Alstyne ISD,Van Alstyne,D,Other Central City Suburban,41,Rural-Fringe,N,1,4,5,0,0,0,0,0,0,0,0,0,0,0,0,46,53,99,49,61,110,TX,TEXAS,VAN ALSTYNE ISD,3,1,0,0,0,0,0,0,0,0,4,7,0,0,7,8,0,0,4,0,112,99,7,6,6,8,0,0,18,9,639,610,38,47,820,779,211,13,14,0,27,85,1599
4843920,234906,VAN ISD,-11880,868007,2300883,-3078709,43920,Van ISD,Van,D,Other Central City Suburban,32,Town-Distant,N,6,3,9,1,0,1,0,0,0,0,0,0,0,2,2,72,65,137,83,74,157,TX,TEXAS,VAN ISD,8,15,0,0,1,0,0,0,2,1,25,26,2,2,38,44,5,9,4,4,250,240,5,5,2,4,1,0,41,34,904,855,40,42,1243,1180,490,10,6,1,75,82,2423
4843950,158906,VAN VLECK ISD,-17111,-3715384,2393057,-829727,43950,Van Vleck ISD,Van Vleck,G,Non-metropolitan Stable,41,Rural-Fringe,N,9,6,15,0,0,0,0,0,0,0,0,0,1,0,1,25,42,67,38,48,86,TX,TEXAS,VAN VLECK ISD,6,3,0,0,0,0,0,0,0,0,1,4,0,0,7,7,1,0,0,1,170,146,1,0,0,3,1,0,52,49,290,298,22,15,536,511,316,1,3,1,101,37,1047
4843980,180902,VEGA ISD,-7990,-3978,229266,848437,43980,Vega ISD,Vega,H,Rural,43,Rural-Remote,N,0,0,0,0,0,0,0,0,0,0,0,0,0,0,0,9,8,17,9,8,17,TX,TEXAS,VEGA ISD,3,1,0,0,0,0,0,0,0,0,5,8,1,0,9,9,0,0,0,1,37,37,1,2,2,2,0,0,0,0,150,130,4,4,194,175,74,3,4,0,0,8,369
4844010,126908,VENUS ISD,-33254,850606,3548044,4759118,44010,Venus ISD,Venus,D,Other Central City Suburban,31,Town-Fringe,N,35,32,67,0,0,0,0,1,1,1,0,1,0,2,2,34,31,65,71,67,138,TX,TEXAS,VENUS ISD,35,26,0,1,0,0,0,0,0,1,8,12,1,0,44,40,23,10,1,2,658,579,6,5,12,10,1,0,30,29,417,336,28,19,1152,978,1237,11,22,1,59,47,2130
4844040,226908,VERIBEST ISD,-10405,291672,372863,875137,44040,Veribest ISD,Veribest,H,Rural,42,Rural-Distant,N,1,1,2,0,0,0,0,0,0,0,0,0,0,0,0,6,1,7,7,2,9,TX,TEXAS,VERIBEST ISD,3,4,0,0,0,0,0,0,0,0,3,6,0,0,6,10,0,0,0,0,62,56,0,1,1,1,0,0,0,2,65,77,4,2,132,139,118,1,2,0,2,6,271
4844110,244903,VERNON ISD,-89566,-715478,2011677,985758,44110,Vernon ISD,Vernon,G,Non-metropolitan Stable,33,Town-Remote,N,11,10,21,0,0,0,1,4,5,0,0,0,2,2,4,31,27,58,46,44,90,TX,TEXAS,VERNON ISD,19,15,0,0,4,2,0,0,3,1,5,5,2,1,33,24,9,4,6,0,427,446,3,5,43,46,4,4,87,104,419,356,37,35,1020,996,873,8,89,8,191,72,2016
4844150,235902,VICTORIA ISD,-144592,-1613448,11695934,11657660,44150,Victoria ISD,Victoria,E,Independent Town,13,City-Small,N,90,99,189,1,3,4,5,6,11,0,0,0,6,7,13,135,125,260,240,245,485,TX,TEXAS,VICTORIA ISD,251,225,0,0,3,6,0,0,22,25,89,58,4,4,369,318,33,34,65,15,4795,4535,12,13,66,78,3,5,485,476,1890,1705,119,109,7370,6921,9330,25,144,8,961,228,14291
4844160,181907,VIDOR ISD,38704,1156367,2209040,3131921,44160,Vidor ISD,Vidor,D,Other Central City Suburban,22,Suburb-Midsize,N,5,5,10,0,1,1,0,1,1,0,0,0,0,1,1,56,43,99,61,51,112,TX,TEXAS,VIDOR ISD,6,8,0,0,0,0,0,0,0,4,107,74,1,5,114,91,4,4,26,11,198,182,5,5,16,17,0,1,7,8,2165,1921,44,50,2435,2184,380,10,33,1,15,94,4619
4844250,143904,VYSEHRAD ISD,1735,703,230762,247786,44250,Vysehrad ISD,Vysehrad,H,Rural,43,Rural-Remote,N,0,0,0,0,0,0,0,0,0,0,0,0,0,0,0,0,5,5,0,5,5,TX,TEXAS,VYSEHRAD ISD,0,0,0,0,0,0,0,0,0,2,4,5,1,1,5,8,0,0,0,0,0,0,0,0,1,1,0,0,7,14,44,44,4,6,56,65,0,0,2,0,21,10,121
4844280,161914,WACO ISD,58868,8640865,7200672,15780406,44280,Waco ISD,Waco,C,Other Central City,12,City-Midsize,N,469,426,895,1,0,1,2,8,10,0,0,0,115,98,213,139,123,262,743,663,1406,TX,TEXAS,WACO ISD,285,324,2,0,3,1,1,0,121,136,48,28,7,13,467,502,148,142,33,18,4619,4335,9,3,17,27,3,2,2167,2059,705,606,136,127,7656,7159,8954,12,44,5,4226,263,14815
4844310,89905,WAELDER ISD,421,107164,591451,881661,44310,Waelder ISD,Waelder,H,Rural,43,Rural-Remote,N,5,5,10,0,0,0,0,0,0,0,0,0,1,1,2,0,0,0,6,6,12,TX,TEXAS,WAELDER ISD,20,14,0,0,0,0,0,0,2,0,2,1,1,0,25,15,11,8,5,1,70,68,63,63,0,0,0,0,20,22,8,7,1,3,162,163,138,126,0,0,42,4,325
4844370,59902,WALCOTT ISD,3018,208192,361715,552313,44370,Walcott ISD,Walcott,H,Rural,43,Rural-Remote,N,1,0,1,0,0,0,0,0,0,0,0,0,0,0,0,2,3,5,3,3,6,TX,TEXAS,WALCOTT ISD,10,3,0,0,0,0,0,0,0,0,2,1,0,0,12,4,0,1,0,0,55,47,0,0,0,0,0,0,0,0,10,12,0,0,65,59,102,0,0,0,0,0,124
4844410,226906,WALL ISD,16150,224053,1501563,1956474,44410,Wall ISD,Wall,D,Other Central City Suburban,41,Rural-Fringe,N,5,2,7,0,0,0,2,0,2,0,0,0,0,0,0,34,42,76,41,47,88,TX,TEXAS,WALL ISD,0,0,0,0,0,0,0,0,0,0,0,0,0,0,0,0,0,0,0,0,99,125,0,1,2,2,1,0,1,1,468,415,13,11,584,555,224,1,4,1,2,24,1139
4844430,237904,WALLER ISD,-356133,9616199,595440,10065521,44430,Waller ISD,Waller,E,Independent Town,42,Rural-Distant,N,60,57,117,1,1,2,2,4,6,0,0,0,15,22,37,101,106,207,189,198,387,TX,TEXAS,WALLER ISD,96,102,0,0,1,1,0,0,14,14,28,25,3,3,142,145,61,73,25,9,1976,1892,15,13,31,23,1,4,365,337,1197,1134,85,77,3670,3480,3868,28,54,5,702,162,7150
4844470,8903,BRAZOS ISD,-114555,662922,2445323,3035440,44470,Brazos ISD,Brazos,H,Rural,42,Rural-Distant,N,4,3,7,0,0,0,0,1,1,0,0,0,0,2,2,9,8,17,13,14,27,TX,TEXAS,BRAZOS ISD,8,8,0,0,0,0,0,0,1,1,5,1,0,1,14,11,5,4,4,0,202,214,0,0,1,3,0,0,29,39,150,152,5,11,387,419,416,0,4,0,68,16,806
4844490,49908,WALNUT BEND ISD,1072,21926,179918,349139,44490,Walnut Bend ISD,Walnut Bend,H,Rural,42,Rural-Distant,N,0,0,0,0,0,0,0,0,0,0,0,0,0,0,0,0,0,0,0,0,0,TX,TEXAS,WALNUT BEND ISD,2,0,0,0,0,0,0,0,0,0,3,2,1,0,6,2,0,0,0,0,12,13,0,0,0,0,0,0,0,0,21,26,3,2,36,41,25,0,0,0,0,5,77
4844520,18905,WALNUT SPRINGS ISD,-3879,312317,319319,634913,44520,Walnut Springs ISD,Walnut Springs,H,Rural,43,Rural-Remote,N,3,4,7,0,0,0,0,0,0,0,0,0,0,0,0,4,5,9,7,9,16,TX,TEXAS,WALNUT SPRINGS ISD,7,4,0,0,0,0,0,0,0,0,1,4,0,0,8,8,5,2,0,0,62,43,0,0,0,0,0,0,0,0,38,33,1,0,101,76,105,0,0,0,0,1,177
4844580,229904,WARREN ISD,-27723,95988,2541912,2766495,44580,Warren ISD,Warren,G,Non-metropolitan Stable,42,Rural-Distant,N,0,2,2,2,0,2,0,0,0,0,0,0,0,0,0,30,36,66,32,38,70,TX,TEXAS,WARREN ISD,0,2,1,0,0,0,0,0,0,0,35,31,0,0,36,33,0,1,3,0,40,43,8,5,5,4,0,0,8,6,606,556,11,10,678,624,83,13,9,0,14,21,1302
4844670,102903,WASKOM ISD,-7480,403403,1143446,1557223,44670,Waskom ISD,Waskom,H,Rural,42,Rural-Distant,N,4,0,4,0,0,0,0,0,0,0,0,0,2,2,4,15,18,33,22,24,46,TX,TEXAS,WASKOM ISD,8,3,0,0,0,0,0,0,1,0,11,9,0,1,20,13,4,2,2,2,120,101,0,0,1,0,0,0,82,67,248,246,28,27,479,441,221,0,1,0,149,55,920
4844710,226905,WATER VALLEY ISD,32,309896,-28404,394159,44710,Water Valley ISD,Water Valley,H,Rural,42,Rural-Distant,N,1,2,3,0,0,0,0,0,0,0,0,0,0,0,0,4,6,10,5,8,13,TX,TEXAS,WATER VALLEY ISD,0,1,0,0,0,0,0,0,0,0,7,3,0,0,7,4,0,0,1,0,40,38,0,0,0,1,0,0,2,5,136,116,9,8,187,168,78,0,1,0,7,17,355
4844730,70912,WAXAHACHIE ISD,146234,9362591,9503342,19418962,44730,Waxahachie ISD,Waxahachie,C,Other Central City,21,Suburb-Large,N,56,51,107,2,1,3,3,1,4,0,2,2,5,6,11,108,101,209,181,165,346,TX,TEXAS,WAXAHACHIE ISD,43,48,1,1,2,0,0,0,16,11,35,21,3,2,100,83,18,23,30,11,1645,1455,21,9,24,30,13,5,512,484,2122,1934,136,113,4473,4030,3100,30,54,18,996,249,8503
4844800,184903,WEATHERFORD ISD,644765,9151221,5336592,14149853,44800,Weatherford ISD,Weatherford,C,Other Central City,31,Town-Fringe,N,49,55,104,0,2,2,4,2,6,0,0,0,2,7,9,282,262,544,342,336,678,TX,TEXAS,WEATHERFORD ISD,22,24,0,1,0,0,0,0,1,1,37,20,2,3,62,49,11,9,7,0,1075,1024,20,26,28,27,2,2,91,108,2776,2628,141,143,4133,3958,2099,46,55,4,199,284,8091
4844810,240904,WEBB CISD,-698,1311417,-2941132,-1478674,44810,Webb Cons ISD,Webb Cons,H,Rural,43,Rural-Remote,N,1,0,1,0,0,0,0,0,0,0,0,0,0,0,0,0,0,0,1,0,1,TX,TEXAS,WEBB CISD,13,9,0,0,0,0,0,0,0,0,0,0,0,0,13,9,0,2,2,0,146,116,0,0,0,0,0,0,1,0,5,3,0,0,152,119,262,0,0,0,1,0,271
4844820,45905,WEIMAR ISD,4689,133106,1451900,1598073,44820,Weimar ISD,Weimar,H,Rural,42,Rural-Distant,N,4,5,9,0,0,0,0,0,0,0,0,0,1,0,1,4,16,20,9,21,30,TX,TEXAS,WEIMAR ISD,17,13,0,0,1,0,0,0,4,1,6,13,1,0,29,27,6,3,6,2,156,146,0,0,1,0,0,0,35,35,137,144,11,8,340,333,302,0,1,0,70,19,673
4844890,44902,WELLINGTON ISD,-10374,-19565,467177,1824858,44890,Wellington ISD,Wellington,H,Rural,43,Rural-Remote,N,0,0,0,0,0,0,0,0,0,0,0,0,0,0,0,13,6,19,13,6,19,TX,TEXAS,WELLINGTON ISD,5,14,0,0,0,0,0,0,1,0,5,11,0,1,11,26,1,4,0,0,140,145,0,0,0,0,0,0,8,6,145,135,5,4,298,290,285,0,0,0,14,9,588
4844910,223904,WELLMAN-UNION CISD,-383,125520,1009634,1210722,44910,Wellman-Union Cons ISD,Wellman-Union Cons,F,Non-metropolitan Fast Growing,42,Rural-Distant,N,5,1,6,0,0,0,0,0,0,0,0,0,0,0,0,12,7,19,17,8,25,TX,TEXAS,WELLMAN-UNION CISD,10,11,0,0,0,0,0,0,1,0,21,17,1,1,33,29,3,1,2,0,66,64,0,0,0,0,0,0,3,1,86,89,3,1,158,155,130,0,0,0,4,4,313
4844940,37909,WELLS ISD,1859,57864,720428,781628,44940,Wells ISD,Wells,H,Rural,42,Rural-Distant,N,1,0,1,0,0,0,0,0,0,0,0,0,0,0,0,7,6,13,8,6,14,TX,TEXAS,WELLS ISD,2,1,0,0,0,0,0,0,2,1,3,6,1,1,8,9,0,0,0,0,16,12,0,0,0,0,0,0,10,7,117,104,8,8,151,131,28,0,0,0,17,16,282
4844960,108913,WESLACO ISD,237655,291808,6451926,4395838,44960,Weslaco ISD,Weslaco,D,Other Central City Suburban,21,Suburb-Large,N,451,492,943,0,0,0,0,5,5,0,0,0,0,0,0,11,6,17,462,503,965,TX,TEXAS,WESLACO ISD,409,354,0,0,2,0,0,0,0,0,6,3,0,0,417,357,106,103,43,10,8483,8060,7,11,12,14,0,0,7,5,101,78,3,1,8613,8169,16543,18,26,0,12,4,16782
4845000,100908,WEST HARDIN COUNTY CISD,6257,682277,1064054,1690899,45000,West Hardin County Cons ISD,West Hardin County Cons,H,Rural,42,Rural-Distant,N,0,0,0,0,0,0,0,0,0,0,0,0,0,0,0,25,26,51,25,26,51,TX,TEXAS,WEST HARDIN COUNTY CISD,0,0,0,0,0,0,0,0,0,0,12,18,0,0,12,18,0,0,1,2,6,10,1,1,0,0,0,0,0,2,288,248,3,5,298,266,16,2,0,0,2,8,564
4845040,161916,WEST ISD,-19563,662860,411308,-100317,45040,West ISD,West,G,Non-metropolitan Stable,41,Rural-Fringe,N,3,1,4,0,0,0,0,0,0,0,0,0,0,0,0,27,26,53,32,28,60,TX,TEXAS,WEST ISD,6,5,0,0,0,0,0,1,1,1,23,19,0,0,30,26,2,0,2,1,147,107,2,1,0,0,0,1,19,19,535,473,18,12,721,613,254,3,0,1,38,30,1334
4845090,181906,WEST ORANGE-COVE CISD,5456,453985,2845744,3859954,45090,West Orange-Cove Cons ISD,West Orange-Cove Cons,G,Non-metropolitan Stable,22,Suburb-Midsize,N,4,8,12,0,0,0,0,0,0,0,0,0,20,22,42,11,9,20,41,43,84,TX,TEXAS,WEST ORANGE-COVE CISD,19,17,1,1,1,2,0,0,92,73,20,20,6,11,139,124,7,5,20,3,218,184,1,9,18,7,1,3,727,662,222,191,71,74,1258,1130,402,10,25,4,1389,145,2388
4845120,178915,WEST OSO ISD,-324971,190504,2287857,2385936,45120,West Oso ISD,West Oso,D,Other Central City Suburban,11,City-Large,N,47,52,99,0,0,0,0,0,0,0,0,0,3,6,9,0,1,1,50,59,109,TX,TEXAS,WEST OSO ISD,31,49,0,0,0,0,0,0,0,3,4,1,0,0,35,53,4,5,7,6,933,910,1,0,0,0,0,0,100,91,33,25,9,2,1076,1028,1843,1,0,0,191,11,2104
4845150,201914,WEST RUSK COUNTY CONSOLIDATED ISD,-3564,-209979,2197901,1942858,45150,West Rusk County Cons ISD,West Rusk County Cons,G,Non-metropolitan Stable,42,Rural-Distant,N,5,6,11,2,0,2,0,0,0,0,0,0,1,0,1,27,17,44,35,23,58,TX,TEXAS,WEST RUSK COUNTY CONSOLIDATED ISD,5,13,1,0,0,0,0,0,3,3,11,10,0,1,20,27,2,7,3,1,166,142,4,2,0,0,0,2,83,72,330,330,23,24,606,572,308,6,0,2,155,47,1178
4845180,202905,WEST SABINE ISD,30388,404843,-26750,497695,45180,West Sabine ISD,West Sabine,H,Rural,43,Rural-Remote,N,0,1,1,0,0,0,0,0,0,0,0,0,0,1,1,24,28,52,26,32,58,TX,TEXAS,WEST SABINE ISD,0,0,0,0,0,0,0,0,2,2,7,16,1,0,10,18,0,2,0,1,10,16,3,1,0,0,0,0,32,25,270,289,10,10,325,341,26,4,0,0,57,20,666
4845210,168903,WESTBROOK ISD,-55998,432897,-2334175,-1857510,45210,Westbrook ISD,Westbrook,H,Rural,42,Rural-Distant,N,0,1,1,1,0,1,0,0,0,0,0,0,0,0,0,10,9,19,11,10,21,TX,TEXAS,WESTBROOK ISD,3,0,0,0,0,0,0,0,1,0,4,5,0,0,8,5,0,0,1,0,52,34,1,2,0,0,0,0,3,0,73,84,2,0,131,120,86,3,0,0,3,2,251
4845240,62905,WESTHOFF ISD,3516,-41474,367906,344859,45240,Westhoff ISD,Westhoff,H,Rural,43,Rural-Remote,N,0,0,0,0,0,0,0,0,0,0,0,0,0,0,0,4,2,6,4,2,6,TX,TEXAS,WESTHOFF ISD,1,1,0,0,0,0,0,0,0,0,2,2,0,0,3,3,0,2,0,0,17,15,0,0,0,0,0,0,1,1,25,23,0,0,43,39,32,0,0,0,2,0,82
4845330,73904,WESTPHALIA ISD,-890,19384,272866,305121,45330,Westphalia ISD,Westphalia,H,Rural,42,Rural-Distant,N,0,0,0,0,0,0,0,0,0,0,0,0,0,0,0,3,2,5,3,2,5,TX,TEXAS,WESTPHALIA ISD,0,0,0,0,0,0,0,0,0,0,0,0,0,0,0,0,0,0,0,0,8,4,0,0,0,0,0,0,1,0,72,61,5,5,86,70,12,0,0,0,1,10,156
4845380,241904,WHARTON ISD,-2251,2094237,-2670557,-352800,45380,Wharton ISD,Wharton,G,Non-metropolitan Stable,32,Town-Distant,N,35,25,60,0,0,0,1,1,2,0,0,0,14,5,19,20,20,40,72,52,124,TX,TEXAS,WHARTON ISD,41,35,0,0,1,0,0,0,21,11,5,2,1,2,69,50,6,10,10,1,635,583,1,0,9,8,0,1,299,256,148,123,18,16,1110,987,1218,1,17,1,555,34,2097
4845420,242903,WHEELER ISD,-53,-101875,1384566,1410440,45420,Wheeler ISD,Wheeler,H,Rural,43,Rural-Remote,N,1,0,1,0,0,0,0,0,0,0,0,0,0,0,0,0,0,0,1,0,1,TX,TEXAS,WHEELER ISD,0,0,0,1,0,0,0,0,0,0,5,9,1,4,6,14,3,4,1,0,147,128,1,2,1,0,0,0,0,1,93,77,1,4,243,212,275,3,1,0,1,5,455
4845450,33904,WHITE DEER ISD,-6552,1125831,-431625,729231,45450,White Deer ISD,White Deer,H,Rural,43,Rural-Remote,N,1,1,2,0,0,0,0,0,0,0,0,0,0,0,0,9,7,16,10,9,19,TX,TEXAS,WHITE DEER ISD,4,0,0,0,0,0,0,0,0,1,11,5,0,0,15,6,0,0,1,2,31,31,1,0,2,1,0,0,0,2,157,139,1,4,192,177,62,1,3,0,2,5,369
4845480,92908,WHITE OAK ISD,67821,205470,2801379,2978515,45480,White Oak ISD,White Oak,D,Other Central City Suburban,23,Suburb-Small,N,6,1,7,0,0,0,1,0,1,0,0,0,0,0,0,53,55,108,64,58,122,TX,TEXAS,WHITE OAK ISD,2,1,1,0,0,0,0,0,0,1,11,7,4,3,18,12,2,0,3,1,73,62,6,9,7,4,0,0,15,30,615,591,35,48,751,744,135,15,11,0,45,83,1495
4845540,220920,WHITE SETTLEMENT ISD,6846,5592170,-1086721,4557953,45540,White Settlement ISD,White Settlement,B,Major Suburban,41,Rural-Fringe,N,69,70,139,1,1,2,12,2,14,2,1,3,11,6,17,126,142,268,234,239,473,TX,TEXAS,WHITE SETTLEMENT ISD,51,55,1,1,1,2,0,0,13,9,35,22,1,5,102,94,31,26,2,5,1450,1375,15,15,60,32,5,3,308,248,1565,1422,169,154,3572,3249,2825,30,92,8,556,323,6821
4845570,40902,WHITEFACE CISD,-475,1141950,-2394557,151049,45570,Whiteface Cons ISD,Whiteface Cons,H,Rural,43,Rural-Remote,N,0,1,1,0,0,0,0,0,0,0,0,0,0,0,0,1,5,6,1,6,7,TX,TEXAS,WHITEFACE CISD,4,7,0,0,0,0,0,0,0,0,5,2,0,1,9,10,0,0,0,0,97,87,0,3,0,0,0,0,1,1,66,65,2,2,166,158,184,3,0,0,2,4,324
4845600,212906,WHITEHOUSE ISD,-938012,1918323,5030169,7063544,45600,Whitehouse ISD,Whitehouse,D,Other Central City Suburban,22,Suburb-Midsize,N,17,18,35,1,2,3,6,16,22,0,0,0,4,7,11,180,137,317,212,189,401,TX,TEXAS,WHITEHOUSE ISD,18,10,0,0,5,0,0,0,12,16,21,32,2,2,58,60,12,3,6,2,346,312,5,13,78,82,0,2,286,281,1544,1511,103,115,2362,2316,658,18,160,2,567,218,4678
4845630,91909,WHITESBORO ISD,-37253,1315845,308347,1769969,45630,Whitesboro ISD,Whitesboro,D,Other Central City Suburban,32,Town-Distant,N,8,3,11,2,0,2,0,0,0,0,0,0,0,0,0,34,24,58,45,27,72,TX,TEXAS,WHITESBORO ISD,10,3,1,0,0,0,1,0,0,0,25,19,1,1,38,23,6,3,1,1,132,113,18,13,4,4,1,1,4,3,703,542,28,19,890,695,245,31,8,2,7,47,1585
4845670,91910,WHITEWRIGHT ISD,-34841,1056299,400597,1504739,45670,Whitewright ISD,Whitewright,H,Rural,42,Rural-Distant,N,0,2,2,0,2,2,1,1,2,0,0,0,0,0,0,23,31,54,24,39,63,TX,TEXAS,WHITEWRIGHT ISD,5,7,3,2,0,0,0,0,2,3,39,38,1,1,50,51,3,2,6,1,56,53,5,6,1,5,0,0,23,24,310,330,22,21,417,439,109,11,6,0,47,43,856
4845690,110908,WHITHARRAL ISD,-7588,-49515,440997,405886,45690,Whitharral ISD,Whitharral,H,Rural,42,Rural-Distant,N,1,1,2,0,0,0,0,0,0,0,0,0,1,0,1,5,3,8,7,4,11,TX,TEXAS,WHITHARRAL ISD,0,0,0,0,0,0,0,0,0,0,0,0,0,0,0,0,0,0,0,0,52,33,0,0,0,0,0,0,2,2,55,37,2,1,111,73,85,0,0,0,4,3,184
4845720,109911,WHITNEY ISD,-7142,213249,1713545,1595466,45720,Whitney ISD,Whitney,E,Independent Town,42,Rural-Distant,N,8,3,11,0,1,1,0,3,3,0,0,0,1,1,2,33,40,73,43,50,93,TX,TEXAS,WHITNEY ISD,11,9,0,0,0,1,0,0,1,3,24,19,2,4,38,36,3,4,11,4,159,165,4,2,2,3,1,1,42,34,546,510,22,29,776,744,324,6,5,2,76,51,1520
4845780,243905,WICHITA FALLS ISD,-62028,1062573,13296564,15385311,45780,Wichita Falls ISD,Wichita Falls,C,Other Central City,12,City-Midsize,N,45,50,95,1,1,2,28,26,54,1,1,2,17,11,28,241,249,490,344,357,701,TX,TEXAS,WICHITA FALLS ISD,209,206,1,4,4,5,0,0,93,85,113,114,41,42,461,456,92,67,32,23,2538,2419,50,33,181,155,13,7,989,978,2995,2859,431,377,7197,6828,4957,83,336,20,1967,808,14025
4845840,180904,WILDORADO ISD,79,993790,308671,1152187,45840,Wildorado ISD,Wildorado,H,Rural,42,Rural-Distant,N,0,0,0,0,0,0,0,0,0,0,0,0,0,0,0,1,0,1,1,0,1,TX,TEXAS,WILDORADO ISD,0,0,0,0,0,0,0,0,0,0,4,3,0,0,4,3,0,0,0,0,10,14,0,0,0,0,0,0,0,0,59,57,3,3,72,74,24,0,0,0,0,6,146
4845900,170904,WILLIS ISD,-158162,5730747,3259709,9997026,45900,Willis ISD,Willis,D,Other Central City Suburban,41,Rural-Fringe,N,45,45,90,1,2,3,4,1,5,0,0,0,4,4,8,134,110,244,191,164,355,TX,TEXAS,WILLIS ISD,44,36,0,0,0,2,0,0,8,8,66,38,5,2,123,86,18,8,35,10,1289,1331,14,11,24,22,2,3,258,285,2021,1797,121,112,3729,3561,2620,25,46,5,543,233,7290
4845950,234907,WILLS POINT ISD,3575,1434441,3910059,5413485,45950,Wills Point ISD,Wills Point,D,Other Central City Suburban,32,Town-Distant,N,16,11,27,1,0,1,0,1,1,0,0,0,3,2,5,47,64,111,68,81,149,TX,TEXAS,WILLS POINT ISD,43,33,0,0,0,1,1,0,6,6,93,87,4,3,147,130,18,16,10,7,278,299,16,6,3,3,4,0,66,60,769,820,38,43,1174,1231,577,22,6,4,126,81,2405
4845990,153907,WILSON ISD,-1071,84368,485572,625135,45990,Wilson ISD,Wilson,H,Rural,42,Rural-Distant,N,4,2,6,0,0,0,0,0,0,0,0,0,0,0,0,1,1,2,5,3,8,TX,TEXAS,WILSON ISD,2,4,0,0,0,0,0,0,0,0,2,0,0,0,4,4,0,1,0,1,50,45,0,0,0,0,0,0,2,0,14,15,2,1,68,61,95,0,0,0,2,3,129
4846080,5904,WINDTHORST ISD,-8186,-35542,682785,711636,46080,Windthorst ISD,Windthorst,H,Rural,42,Rural-Distant,N,3,2,5,0,0,0,0,0,0,0,0,0,0,0,0,22,12,34,25,14,39,TX,TEXAS,WINDTHORST ISD,3,5,0,0,0,0,0,0,0,0,5,5,0,0,8,10,1,2,0,0,50,67,2,4,0,0,0,0,0,0,161,142,2,1,215,214,117,6,0,0,0,3,429
4846170,248902,WINK-LOVING ISD,-7129,8786546,545507,10052638,46170,Wink-Loving ISD,Wink-Loving,H,Rural,42,Rural-Distant,N,4,5,9,0,0,0,0,0,0,0,0,0,0,1,1,9,7,16,13,13,26,TX,TEXAS,WINK-LOVING ISD,2,5,0,0,0,0,0,0,0,0,8,3,1,0,11,8,0,1,0,1,86,78,0,0,0,0,0,0,7,5,130,98,14,11,237,192,164,0,0,0,12,25,429
4846200,250907,WINNSBORO ISD,34047,119117,3803247,4069882,46200,Winnsboro ISD,Winnsboro,E,Independent Town,32,Town-Distant,N,1,3,4,0,0,0,0,0,0,1,0,1,1,0,1,28,20,48,32,23,55,TX,TEXAS,WINNSBORO ISD,11,5,0,0,1,0,0,0,0,0,21,22,0,0,33,27,7,2,8,2,139,111,2,5,7,4,1,0,22,21,610,563,14,22,795,726,250,7,11,1,43,36,1521
4846230,212910,WINONA ISD,-15207,1495620,960991,2468922,46230,Winona ISD,Winona,D,Other Central City Suburban,41,Rural-Fringe,N,0,0,0,0,0,0,0,0,0,0,0,0,1,0,1,5,9,14,6,9,15,TX,TEXAS,WINONA ISD,22,24,0,0,1,2,0,0,13,9,45,39,0,1,81,75,0,0,11,6,137,155,0,3,6,2,1,0,109,95,248,210,10,10,511,475,292,3,8,1,204,20,986
4846260,200904,WINTERS ISD,33145,509007,125399,650327,46260,Winters ISD,Winters,H,Rural,32,Town-Distant,N,16,11,27,0,0,0,1,2,3,0,0,0,0,0,0,21,16,37,38,29,67,TX,TEXAS,WINTERS ISD,9,8,0,0,0,0,0,0,0,0,9,9,1,0,19,17,0,1,1,1,168,172,0,0,1,2,0,0,2,5,92,94,7,3,270,276,340,0,3,0,7,10,546
4846320,174906,WODEN ISD,3624,740114,1487767,2158428,46320,Woden ISD,Woden,H,Rural,42,Rural-Distant,N,7,1,8,0,0,0,0,0,0,0,0,0,0,0,0,17,16,33,24,17,41,TX,TEXAS,WODEN ISD,4,11,0,0,0,0,0,0,0,1,11,18,1,1,16,31,1,2,1,1,85,88,0,0,3,2,0,0,3,4,238,306,12,5,341,405,173,0,5,0,7,17,746
4846350,116909,WOLFE CITY ISD,-33348,229120,1225895,1519556,46350,Wolfe City ISD,Wolfe City,H,Rural,43,Rural-Remote,N,1,0,1,0,0,0,0,0,0,0,0,0,0,0,0,12,25,37,14,25,39,TX,TEXAS,WOLFE CITY ISD,4,5,0,0,0,0,0,0,0,0,11,10,0,0,15,15,4,5,1,1,69,40,4,1,1,2,0,0,14,12,279,238,5,8,372,301,109,5,3,0,26,13,673
4846380,196902,WOODSBORO ISD,-9182,-399611,1319880,1115117,46380,Woodsboro ISD,Woodsboro,H,Rural,42,Rural-Distant,N,7,9,16,0,0,0,1,0,1,0,0,0,1,0,1,17,20,37,26,30,56,TX,TEXAS,WOODSBORO ISD,6,7,0,0,0,0,0,0,0,1,4,3,0,0,10,11,0,0,3,0,102,124,0,0,1,3,0,0,8,8,101,96,4,3,216,234,226,0,4,0,16,7,450
4846410,224902,WOODSON ISD,-826,90318,637899,762084,46410,Woodson ISD,Woodson,H,Rural,43,Rural-Remote,N,0,1,1,0,0,0,0,0,0,0,0,0,0,0,0,2,1,3,2,2,4,TX,TEXAS,WOODSON ISD,1,0,0,0,0,0,0,0,0,0,2,1,0,0,3,1,0,0,0,0,15,21,0,0,0,0,0,0,0,1,68,55,1,1,84,78,36,0,0,0,1,2,162
4846440,229903,WOODVILLE ISD,-12509,269619,338918,953475,46440,Woodville ISD,Woodville,G,Non-metropolitan Stable,33,Town-Remote,N,2,5,7,0,0,0,1,2,3,0,0,0,0,2,2,31,24,55,37,35,72,TX,TEXAS,WOODVILLE ISD,4,6,1,0,0,1,0,0,16,10,27,21,1,2,49,40,2,4,8,0,61,58,24,24,6,3,0,1,151,153,424,365,36,33,702,637,119,48,9,1,304,69,1339
4846470,81905,WORTHAM ISD,-7009,84415,904670,993944,46470,Wortham ISD,Wortham,H,Rural,42,Rural-Distant,N,1,1,2,0,1,1,0,0,0,0,0,0,1,1,2,19,11,30,21,14,35,TX,TEXAS,WORTHAM ISD,2,3,0,0,0,0,1,0,1,2,9,6,0,0,13,11,0,0,2,0,54,37,0,2,1,1,2,0,31,38,187,153,4,2,279,233,91,2,2,2,69,6,512
4846500,221912,WYLIE ISD,-47948,2644312,6242818,9068835,46500,Wylie ISD (Taylor),Wylie (Taylor),D,Other Central City Suburban,12,City-Midsize,N,6,7,13,0,0,0,4,4,8,0,0,0,1,2,3,74,63,137,89,78,167,TX,TEXAS,WYLIE ISD,12,11,0,0,1,5,1,1,1,6,33,33,3,9,51,65,4,3,4,2,420,377,7,7,53,60,7,5,81,88,1616,1521,83,85,2267,2143,797,14,113,12,169,168,4410
4846530,43914,WYLIE ISD,475614,16990110,14308307,32714760,46530,Wylie ISD (Collin),Wylie (Collin),D,Other Central City Suburban,21,Suburb-Large,N,131,123,254,5,2,7,109,112,221,2,0,2,70,85,155,511,522,1033,878,886,1764,TX,TEXAS,WYLIE ISD,44,38,0,0,29,17,0,0,27,24,26,16,3,3,129,98,83,65,5,1,1867,1821,23,30,857,693,13,13,1071,1111,3801,3717,369,326,8001,7711,3688,53,1550,26,2182,695,15712
4846590,250905,YANTIS ISD,6233,385796,46897,408244,46590,Yantis ISD,Yantis,H,Rural,43,Rural-Remote,N,0,2,2,0,0,0,0,0,0,0,0,0,0,0,0,11,12,23,13,14,27,TX,TEXAS,YANTIS ISD,3,6,0,0,0,0,0,0,0,0,6,5,0,0,9,11,3,1,1,2,49,51,1,3,0,0,0,0,0,0,144,130,9,6,203,190,100,4,0,0,0,15,393
4846620,62903,YOAKUM ISD,152311,779115,2153529,3052269,46620,Yoakum ISD,Yoakum,G,Non-metropolitan Stable,32,Town-Distant,N,9,13,22,0,0,0,0,0,0,0,0,0,2,1,3,14,12,26,26,27,53,TX,TEXAS,YOAKUM ISD,34,33,0,0,1,0,0,0,3,4,11,4,0,3,49,44,11,19,14,5,559,496,0,0,5,0,0,0,72,53,215,193,12,12,863,754,1055,0,5,0,125,24,1617
4846650,62904,YORKTOWN ISD,3033,2690897,97382,2962034,46650,Yorktown ISD,Yorktown,H,Rural,43,Rural-Remote,N,4,3,7,0,0,0,0,0,0,0,0,0,0,0,0,8,11,19,12,14,26,TX,TEXAS,YORKTOWN ISD,10,10,0,0,0,0,0,0,0,0,4,4,1,0,15,14,0,2,2,1,140,138,0,0,0,0,0,0,8,3,129,110,5,3,282,254,278,0,0,0,11,8,536
4846680,71905,YSLETA ISD,-271374,88695,31083928,31806540,46680,Ysleta ISD,Ysleta,A,Major Urban,11,City-Large,N,1406,1417,2823,0,1,1,7,11,18,2,0,2,10,21,31,74,84,158,1500,1537,3037,TX,TEXAS,YSLETA ISD,1101,996,1,1,5,4,3,2,19,9,28,30,3,7,1160,1049,350,377,194,94,19924,19135,35,21,47,60,19,16,282,251,680,662,23,34,21010,20179,39059,56,107,35,533,57,41189
4846710,253901,ZAPATA COUNTY ISD,-46237,349174,-3143154,-2445956,46710,Zapata County ISD,Zapata County,D,Other Central City Suburban,33,Town-Remote,N,129,117,246,0,0,0,0,0,0,0,0,0,0,0,0,3,2,5,132,119,251,TX,TEXAS,ZAPATA COUNTY ISD,230,230,0,0,1,1,0,0,0,0,2,0,0,0,233,231,68,75,19,6,1873,1618,0,0,1,3,0,0,0,0,16,10,0,0,1890,1631,3491,0,4,0,0,0,3521
4846740,3906,ZAVALLA ISD,-2927,18061,186909,209512,46740,Zavalla ISD,Zavalla,H,Rural,43,Rural-Remote,N,0,0,0,0,0,0,0,0,0,0,0,0,0,0,0,0,0,0,0,0,0,TX,TEXAS,ZAVALLA ISD,1,0,0,0,0,0,0,0,0,0,8,4,0,1,9,5,0,0,0,0,8,7,0,0,0,0,0,0,2,0,173,160,5,13,188,180,15,0,0,0,2,18,368
4846770,25906,ZEPHYR ISD,-3527,78590,225255,369129,46770,Zephyr ISD,Zephyr,H,Rural,42,Rural-Distant,N,0,0,0,0,0,0,0,0,0,0,0,0,0,0,0,5,7,12,5,7,12,TX,TEXAS,ZEPHYR ISD,1,0,0,0,0,0,0,0,0,0,1,8,1,1,3,9,0,0,0,0,13,9,0,0,0,0,0,0,0,2,88,81,3,6,104,98,22,0,0,0,2,9,202
4899130,66901,BENAVIDES ISD,-9899,333598,-658071,2250968,99130,Benavides ISD,Benavides,H,Rural,43,Rural-Remote,N,9,10,19,0,0,0,0,0,0,0,0,0,0,0,0,0,0,0,9,10,19,TX,TEXAS,BENAVIDES ISD,6,11,0,0,0,0,0,0,0,0,0,0,0,0,6,11,0,0,0,2,177,162,0,0,0,0,0,0,0,0,1,0,0,0,178,162,339,0,0,0,0,0,340
